"state","age_group","measure","period","value","suppressed"
"NSW","0–14","Age-specific rate (per 100,000)","2001–2005",0.2,
"NSW","0–14","Age-specific rate (per 100,000)","2002–2006",0.2,
"NSW","0–14","Age-specific rate (per 100,000)","2003–2007",0.2,
"NSW","0–14","Age-specific rate (per 100,000)","2004–2008",0.2,
"NSW","0–14","Age-specific rate (per 100,000)","2005–2009",0.2,
"NSW","0–14","Age-specific rate (per 100,000)","2006–2010",0.1,
"NSW","0–14","Age-specific rate (per 100,000)","2007–2011",0.2,
"NSW","0–14","Age-specific rate (per 100,000)","2008–2012",0.2,
"NSW","0–14","Age-specific rate (per 100,000)","2009–2013",0.2,
"NSW","0–14","Age-specific rate (per 100,000)","2010–2014",0.3,
"NSW","0–14","Age-specific rate (per 100,000)","2011–2015",0.3,
"NSW","0–14","Age-specific rate (per 100,000)","2012–2016",0.3,
"NSW","0–14","Age-specific rate (per 100,000)","2013–2017",0.3,
"NSW","0–14","Age-specific rate (per 100,000)","2014–2018",0.4,
"NSW","0–14","Age-specific rate (per 100,000)","2015–2019",0.4,
"NSW","0–14","Age-specific rate (per 100,000)","2016–2020",0.4,
"NSW","0–14","Age-specific rate (per 100,000)","2017–2021",0.5,
"NSW","0–14","Age-specific rate (per 100,000)","2018–2022",0.4,
"NSW","0–14","Age-specific rate (per 100,000)","2019–2023",0.4,
"NSW","0–14","Age-specific rate (per 100,000)","2020–2024",0.4,
"NSW","5–14","Age-specific rate (per 100,000)","2001–2005",0.3,
"NSW","5–14","Age-specific rate (per 100,000)","2002–2006",0.3,
"NSW","5–14","Age-specific rate (per 100,000)","2003–2007",0.3,
"NSW","5–14","Age-specific rate (per 100,000)","2004–2008",0.3,
"NSW","5–14","Age-specific rate (per 100,000)","2005–2009",0.2,
"NSW","5–14","Age-specific rate (per 100,000)","2006–2010",0.2,
"NSW","5–14","Age-specific rate (per 100,000)","2007–2011",0.3,
"NSW","5–14","Age-specific rate (per 100,000)","2008–2012",0.3,
"NSW","5–14","Age-specific rate (per 100,000)","2009–2013",0.3,
"NSW","5–14","Age-specific rate (per 100,000)","2010–2014",0.4,
"NSW","5–14","Age-specific rate (per 100,000)","2011–2015",0.5,
"NSW","5–14","Age-specific rate (per 100,000)","2012–2016",0.4,
"NSW","5–14","Age-specific rate (per 100,000)","2013–2017",0.5,
"NSW","5–14","Age-specific rate (per 100,000)","2014–2018",0.6,
"NSW","5–14","Age-specific rate (per 100,000)","2015–2019",0.6,
"NSW","5–14","Age-specific rate (per 100,000)","2016–2020",0.6,
"NSW","5–14","Age-specific rate (per 100,000)","2017–2021",0.7,
"NSW","5–14","Age-specific rate (per 100,000)","2018–2022",0.6,
"NSW","5–14","Age-specific rate (per 100,000)","2019–2023",0.6,
"NSW","5–14","Age-specific rate (per 100,000)","2020–2024",0.6,
"NSW","0–24","Age-specific rate (per 100,000)","2001–2005",3.7,
"NSW","0–24","Age-specific rate (per 100,000)","2002–2006",3.5,
"NSW","0–24","Age-specific rate (per 100,000)","2003–2007",3.2,
"NSW","0–24","Age-specific rate (per 100,000)","2004–2008",3.1,
"NSW","0–24","Age-specific rate (per 100,000)","2005–2009",2.9,
"NSW","0–24","Age-specific rate (per 100,000)","2006–2010",2.9,
"NSW","0–24","Age-specific rate (per 100,000)","2007–2011",2.8,
"NSW","0–24","Age-specific rate (per 100,000)","2008–2012",2.9,
"NSW","0–24","Age-specific rate (per 100,000)","2009–2013",3.1,
"NSW","0–24","Age-specific rate (per 100,000)","2010–2014",3.5,
"NSW","0–24","Age-specific rate (per 100,000)","2011–2015",3.8,
"NSW","0–24","Age-specific rate (per 100,000)","2012–2016",4.2,
"NSW","0–24","Age-specific rate (per 100,000)","2013–2017",4.5,
"NSW","0–24","Age-specific rate (per 100,000)","2014–2018",4.7,
"NSW","0–24","Age-specific rate (per 100,000)","2015–2019",4.9,
"NSW","0–24","Age-specific rate (per 100,000)","2016–2020",5.1,
"NSW","0–24","Age-specific rate (per 100,000)","2017–2021",5,
"NSW","0–24","Age-specific rate (per 100,000)","2018–2022",4.9,
"NSW","0–24","Age-specific rate (per 100,000)","2019–2023",4.8,
"NSW","0–24","Age-specific rate (per 100,000)","2020–2024",4.2,
"NSW","5–24","Age-specific rate (per 100,000)","2001–2005",4.6,
"NSW","5–24","Age-specific rate (per 100,000)","2002–2006",4.3,
"NSW","5–24","Age-specific rate (per 100,000)","2003–2007",4,
"NSW","5–24","Age-specific rate (per 100,000)","2004–2008",3.8,
"NSW","5–24","Age-specific rate (per 100,000)","2005–2009",3.6,
"NSW","5–24","Age-specific rate (per 100,000)","2006–2010",3.6,
"NSW","5–24","Age-specific rate (per 100,000)","2007–2011",3.5,
"NSW","5–24","Age-specific rate (per 100,000)","2008–2012",3.6,
"NSW","5–24","Age-specific rate (per 100,000)","2009–2013",3.9,
"NSW","5–24","Age-specific rate (per 100,000)","2010–2014",4.4,
"NSW","5–24","Age-specific rate (per 100,000)","2011–2015",4.8,
"NSW","5–24","Age-specific rate (per 100,000)","2012–2016",5.2,
"NSW","5–24","Age-specific rate (per 100,000)","2013–2017",5.6,
"NSW","5–24","Age-specific rate (per 100,000)","2014–2018",5.9,
"NSW","5–24","Age-specific rate (per 100,000)","2015–2019",6.1,
"NSW","5–24","Age-specific rate (per 100,000)","2016–2020",6.3,
"NSW","5–24","Age-specific rate (per 100,000)","2017–2021",6.2,
"NSW","5–24","Age-specific rate (per 100,000)","2018–2022",6,
"NSW","5–24","Age-specific rate (per 100,000)","2019–2023",5.9,
"NSW","5–24","Age-specific rate (per 100,000)","2020–2024",5.2,
"NSW","15–24","Age-specific rate (per 100,000)","2001–2005",8.9,
"NSW","15–24","Age-specific rate (per 100,000)","2002–2006",8.4,
"NSW","15–24","Age-specific rate (per 100,000)","2003–2007",7.7,
"NSW","15–24","Age-specific rate (per 100,000)","2004–2008",7.2,
"NSW","15–24","Age-specific rate (per 100,000)","2005–2009",6.9,
"NSW","15–24","Age-specific rate (per 100,000)","2006–2010",6.7,
"NSW","15–24","Age-specific rate (per 100,000)","2007–2011",6.3,
"NSW","15–24","Age-specific rate (per 100,000)","2008–2012",6.7,
"NSW","15–24","Age-specific rate (per 100,000)","2009–2013",7.4,
"NSW","15–24","Age-specific rate (per 100,000)","2010–2014",8.1,
"NSW","15–24","Age-specific rate (per 100,000)","2011–2015",8.8,
"NSW","15–24","Age-specific rate (per 100,000)","2012–2016",9.8,
"NSW","15–24","Age-specific rate (per 100,000)","2013–2017",10.5,
"NSW","15–24","Age-specific rate (per 100,000)","2014–2018",11,
"NSW","15–24","Age-specific rate (per 100,000)","2015–2019",11.5,
"NSW","15–24","Age-specific rate (per 100,000)","2016–2020",11.9,
"NSW","15–24","Age-specific rate (per 100,000)","2017–2021",11.7,
"NSW","15–24","Age-specific rate (per 100,000)","2018–2022",11.6,
"NSW","15–24","Age-specific rate (per 100,000)","2019–2023",11.5,
"NSW","15–24","Age-specific rate (per 100,000)","2020–2024",10,
"NSW","25–34","Age-specific rate (per 100,000)","2001–2005",14.9,
"NSW","25–34","Age-specific rate (per 100,000)","2002–2006",13.4,
"NSW","25–34","Age-specific rate (per 100,000)","2003–2007",12.5,
"NSW","25–34","Age-specific rate (per 100,000)","2004–2008",11.4,
"NSW","25–34","Age-specific rate (per 100,000)","2005–2009",11.4,
"NSW","25–34","Age-specific rate (per 100,000)","2006–2010",11.2,
"NSW","25–34","Age-specific rate (per 100,000)","2007–2011",11.3,
"NSW","25–34","Age-specific rate (per 100,000)","2008–2012",11,
"NSW","25–34","Age-specific rate (per 100,000)","2009–2013",11.3,
"NSW","25–34","Age-specific rate (per 100,000)","2010–2014",11.2,
"NSW","25–34","Age-specific rate (per 100,000)","2011–2015",11.8,
"NSW","25–34","Age-specific rate (per 100,000)","2012–2016",12.2,
"NSW","25–34","Age-specific rate (per 100,000)","2013–2017",12.7,
"NSW","25–34","Age-specific rate (per 100,000)","2014–2018",12.9,
"NSW","25–34","Age-specific rate (per 100,000)","2015–2019",13.4,
"NSW","25–34","Age-specific rate (per 100,000)","2016–2020",13.5,
"NSW","25–34","Age-specific rate (per 100,000)","2017–2021",13.7,
"NSW","25–34","Age-specific rate (per 100,000)","2018–2022",13.7,
"NSW","25–34","Age-specific rate (per 100,000)","2019–2023",14.1,
"NSW","25–34","Age-specific rate (per 100,000)","2020–2024",13.7,
"NSW","35–44","Age-specific rate (per 100,000)","2001–2005",14.6,
"NSW","35–44","Age-specific rate (per 100,000)","2002–2006",13.6,
"NSW","35–44","Age-specific rate (per 100,000)","2003–2007",13,
"NSW","35–44","Age-specific rate (per 100,000)","2004–2008",13,
"NSW","35–44","Age-specific rate (per 100,000)","2005–2009",12.8,
"NSW","35–44","Age-specific rate (per 100,000)","2006–2010",13.6,
"NSW","35–44","Age-specific rate (per 100,000)","2007–2011",13.6,
"NSW","35–44","Age-specific rate (per 100,000)","2008–2012",13.8,
"NSW","35–44","Age-specific rate (per 100,000)","2009–2013",13.7,
"NSW","35–44","Age-specific rate (per 100,000)","2010–2014",14.2,
"NSW","35–44","Age-specific rate (per 100,000)","2011–2015",14.2,
"NSW","35–44","Age-specific rate (per 100,000)","2012–2016",14.9,
"NSW","35–44","Age-specific rate (per 100,000)","2013–2017",15.1,
"NSW","35–44","Age-specific rate (per 100,000)","2014–2018",16,
"NSW","35–44","Age-specific rate (per 100,000)","2015–2019",16,
"NSW","35–44","Age-specific rate (per 100,000)","2016–2020",15.5,
"NSW","35–44","Age-specific rate (per 100,000)","2017–2021",15.3,
"NSW","35–44","Age-specific rate (per 100,000)","2018–2022",15.2,
"NSW","35–44","Age-specific rate (per 100,000)","2019–2023",14.5,
"NSW","35–44","Age-specific rate (per 100,000)","2020–2024",14.3,
"NSW","45–54","Age-specific rate (per 100,000)","2001–2005",13.2,
"NSW","45–54","Age-specific rate (per 100,000)","2002–2006",12,
"NSW","45–54","Age-specific rate (per 100,000)","2003–2007",11.9,
"NSW","45–54","Age-specific rate (per 100,000)","2004–2008",12.3,
"NSW","45–54","Age-specific rate (per 100,000)","2005–2009",12.7,
"NSW","45–54","Age-specific rate (per 100,000)","2006–2010",13.3,
"NSW","45–54","Age-specific rate (per 100,000)","2007–2011",13.2,
"NSW","45–54","Age-specific rate (per 100,000)","2008–2012",14,
"NSW","45–54","Age-specific rate (per 100,000)","2009–2013",13.9,
"NSW","45–54","Age-specific rate (per 100,000)","2010–2014",14.7,
"NSW","45–54","Age-specific rate (per 100,000)","2011–2015",15.6,
"NSW","45–54","Age-specific rate (per 100,000)","2012–2016",16,
"NSW","45–54","Age-specific rate (per 100,000)","2013–2017",16,
"NSW","45–54","Age-specific rate (per 100,000)","2014–2018",16.5,
"NSW","45–54","Age-specific rate (per 100,000)","2015–2019",16.8,
"NSW","45–54","Age-specific rate (per 100,000)","2016–2020",16.3,
"NSW","45–54","Age-specific rate (per 100,000)","2017–2021",16.7,
"NSW","45–54","Age-specific rate (per 100,000)","2018–2022",16.8,
"NSW","45–54","Age-specific rate (per 100,000)","2019–2023",16.8,
"NSW","45–54","Age-specific rate (per 100,000)","2020–2024",16.8,
"NSW","55–64","Age-specific rate (per 100,000)","2001–2005",9.7,
"NSW","55–64","Age-specific rate (per 100,000)","2002–2006",9.3,
"NSW","55–64","Age-specific rate (per 100,000)","2003–2007",9.6,
"NSW","55–64","Age-specific rate (per 100,000)","2004–2008",9.7,
"NSW","55–64","Age-specific rate (per 100,000)","2005–2009",10,
"NSW","55–64","Age-specific rate (per 100,000)","2006–2010",10.4,
"NSW","55–64","Age-specific rate (per 100,000)","2007–2011",10.4,
"NSW","55–64","Age-specific rate (per 100,000)","2008–2012",10.7,
"NSW","55–64","Age-specific rate (per 100,000)","2009–2013",10.9,
"NSW","55–64","Age-specific rate (per 100,000)","2010–2014",11.9,
"NSW","55–64","Age-specific rate (per 100,000)","2011–2015",12.1,
"NSW","55–64","Age-specific rate (per 100,000)","2012–2016",12.7,
"NSW","55–64","Age-specific rate (per 100,000)","2013–2017",13.5,
"NSW","55–64","Age-specific rate (per 100,000)","2014–2018",14.5,
"NSW","55–64","Age-specific rate (per 100,000)","2015–2019",14.5,
"NSW","55–64","Age-specific rate (per 100,000)","2016–2020",15,
"NSW","55–64","Age-specific rate (per 100,000)","2017–2021",15.1,
"NSW","55–64","Age-specific rate (per 100,000)","2018–2022",15,
"NSW","55–64","Age-specific rate (per 100,000)","2019–2023",15.1,
"NSW","55–64","Age-specific rate (per 100,000)","2020–2024",15.7,
"NSW","45–64","Age-specific rate (per 100,000)","2001–2005",11.7,
"NSW","45–64","Age-specific rate (per 100,000)","2002–2006",10.8,
"NSW","45–64","Age-specific rate (per 100,000)","2003–2007",10.9,
"NSW","45–64","Age-specific rate (per 100,000)","2004–2008",11.2,
"NSW","45–64","Age-specific rate (per 100,000)","2005–2009",11.5,
"NSW","45–64","Age-specific rate (per 100,000)","2006–2010",12,
"NSW","45–64","Age-specific rate (per 100,000)","2007–2011",12,
"NSW","45–64","Age-specific rate (per 100,000)","2008–2012",12.5,
"NSW","45–64","Age-specific rate (per 100,000)","2009–2013",12.5,
"NSW","45–64","Age-specific rate (per 100,000)","2010–2014",13.4,
"NSW","45–64","Age-specific rate (per 100,000)","2011–2015",14,
"NSW","45–64","Age-specific rate (per 100,000)","2012–2016",14.5,
"NSW","45–64","Age-specific rate (per 100,000)","2013–2017",14.9,
"NSW","45–64","Age-specific rate (per 100,000)","2014–2018",15.6,
"NSW","45–64","Age-specific rate (per 100,000)","2015–2019",15.7,
"NSW","45–64","Age-specific rate (per 100,000)","2016–2020",15.7,
"NSW","45–64","Age-specific rate (per 100,000)","2017–2021",15.9,
"NSW","45–64","Age-specific rate (per 100,000)","2018–2022",15.9,
"NSW","45–64","Age-specific rate (per 100,000)","2019–2023",16,
"NSW","45–64","Age-specific rate (per 100,000)","2020–2024",16.3,
"NSW","65+","Age-specific rate (per 100,000)","2001–2005",11,
"NSW","65+","Age-specific rate (per 100,000)","2002–2006",10.7,
"NSW","65+","Age-specific rate (per 100,000)","2003–2007",10.7,
"NSW","65+","Age-specific rate (per 100,000)","2004–2008",10.7,
"NSW","65+","Age-specific rate (per 100,000)","2005–2009",10.6,
"NSW","65+","Age-specific rate (per 100,000)","2006–2010",10.9,
"NSW","65+","Age-specific rate (per 100,000)","2007–2011",10.8,
"NSW","65+","Age-specific rate (per 100,000)","2008–2012",11,
"NSW","65+","Age-specific rate (per 100,000)","2009–2013",11.2,
"NSW","65+","Age-specific rate (per 100,000)","2010–2014",11.6,
"NSW","65+","Age-specific rate (per 100,000)","2011–2015",11.6,
"NSW","65+","Age-specific rate (per 100,000)","2012–2016",11.7,
"NSW","65+","Age-specific rate (per 100,000)","2013–2017",12.2,
"NSW","65+","Age-specific rate (per 100,000)","2014–2018",12.3,
"NSW","65+","Age-specific rate (per 100,000)","2015–2019",12.3,
"NSW","65+","Age-specific rate (per 100,000)","2016–2020",12.5,
"NSW","65+","Age-specific rate (per 100,000)","2017–2021",13,
"NSW","65+","Age-specific rate (per 100,000)","2018–2022",12.8,
"NSW","65+","Age-specific rate (per 100,000)","2019–2023",12.6,
"NSW","65+","Age-specific rate (per 100,000)","2020–2024",12.7,
"NSW","65–74","Age-specific rate (per 100,000)","2001–2005",10.4,
"NSW","65–74","Age-specific rate (per 100,000)","2002–2006",10.3,
"NSW","65–74","Age-specific rate (per 100,000)","2003–2007",10.7,
"NSW","65–74","Age-specific rate (per 100,000)","2004–2008",10.8,
"NSW","65–74","Age-specific rate (per 100,000)","2005–2009",10.3,
"NSW","65–74","Age-specific rate (per 100,000)","2006–2010",10,
"NSW","65–74","Age-specific rate (per 100,000)","2007–2011",9.8,
"NSW","65–74","Age-specific rate (per 100,000)","2008–2012",9.7,
"NSW","65–74","Age-specific rate (per 100,000)","2009–2013",9.5,
"NSW","65–74","Age-specific rate (per 100,000)","2010–2014",10.2,
"NSW","65–74","Age-specific rate (per 100,000)","2011–2015",10.7,
"NSW","65–74","Age-specific rate (per 100,000)","2012–2016",10.5,
"NSW","65–74","Age-specific rate (per 100,000)","2013–2017",11.1,
"NSW","65–74","Age-specific rate (per 100,000)","2014–2018",11.5,
"NSW","65–74","Age-specific rate (per 100,000)","2015–2019",11.3,
"NSW","65–74","Age-specific rate (per 100,000)","2016–2020",11.2,
"NSW","65–74","Age-specific rate (per 100,000)","2017–2021",11.7,
"NSW","65–74","Age-specific rate (per 100,000)","2018–2022",11.5,
"NSW","65–74","Age-specific rate (per 100,000)","2019–2023",11.3,
"NSW","65–74","Age-specific rate (per 100,000)","2020–2024",11.6,
"NSW","75–84","Age-specific rate (per 100,000)","2001–2005",12.2,
"NSW","75–84","Age-specific rate (per 100,000)","2002–2006",11.3,
"NSW","75–84","Age-specific rate (per 100,000)","2003–2007",10.5,
"NSW","75–84","Age-specific rate (per 100,000)","2004–2008",10.6,
"NSW","75–84","Age-specific rate (per 100,000)","2005–2009",10.5,
"NSW","75–84","Age-specific rate (per 100,000)","2006–2010",11.2,
"NSW","75–84","Age-specific rate (per 100,000)","2007–2011",11.4,
"NSW","75–84","Age-specific rate (per 100,000)","2008–2012",12.2,
"NSW","75–84","Age-specific rate (per 100,000)","2009–2013",12.5,
"NSW","75–84","Age-specific rate (per 100,000)","2010–2014",12,
"NSW","75–84","Age-specific rate (per 100,000)","2011–2015",11.2,
"NSW","75–84","Age-specific rate (per 100,000)","2012–2016",11.5,
"NSW","75–84","Age-specific rate (per 100,000)","2013–2017",11.9,
"NSW","75–84","Age-specific rate (per 100,000)","2014–2018",11.4,
"NSW","75–84","Age-specific rate (per 100,000)","2015–2019",11.8,
"NSW","75–84","Age-specific rate (per 100,000)","2016–2020",12,
"NSW","75–84","Age-specific rate (per 100,000)","2017–2021",12.4,
"NSW","75–84","Age-specific rate (per 100,000)","2018–2022",11.9,
"NSW","75–84","Age-specific rate (per 100,000)","2019–2023",12.6,
"NSW","75–84","Age-specific rate (per 100,000)","2020–2024",12.3,
"NSW","85+","Age-specific rate (per 100,000)","2001–2005",10.6,
"NSW","85+","Age-specific rate (per 100,000)","2002–2006",10.6,
"NSW","85+","Age-specific rate (per 100,000)","2003–2007",11,
"NSW","85+","Age-specific rate (per 100,000)","2004–2008",10.9,
"NSW","85+","Age-specific rate (per 100,000)","2005–2009",12,
"NSW","85+","Age-specific rate (per 100,000)","2006–2010",13.4,
"NSW","85+","Age-specific rate (per 100,000)","2007–2011",13.4,
"NSW","85+","Age-specific rate (per 100,000)","2008–2012",13.5,
"NSW","85+","Age-specific rate (per 100,000)","2009–2013",14.6,
"NSW","85+","Age-specific rate (per 100,000)","2010–2014",16.4,
"NSW","85+","Age-specific rate (per 100,000)","2011–2015",16.4,
"NSW","85+","Age-specific rate (per 100,000)","2012–2016",16.7,
"NSW","85+","Age-specific rate (per 100,000)","2013–2017",16.9,
"NSW","85+","Age-specific rate (per 100,000)","2014–2018",17.8,
"NSW","85+","Age-specific rate (per 100,000)","2015–2019",17.3,
"NSW","85+","Age-specific rate (per 100,000)","2016–2020",19.1,
"NSW","85+","Age-specific rate (per 100,000)","2017–2021",20.1,
"NSW","85+","Age-specific rate (per 100,000)","2018–2022",20.3,
"NSW","85+","Age-specific rate (per 100,000)","2019–2023",18.4,
"NSW","85+","Age-specific rate (per 100,000)","2020–2024",18.6,
"NSW","Total","Age-specific rate (per 100,000)","2001–2005",9.8,
"NSW","Total","Age-specific rate (per 100,000)","2002–2006",9.2,
"NSW","Total","Age-specific rate (per 100,000)","2003–2007",8.9,
"NSW","Total","Age-specific rate (per 100,000)","2004–2008",8.7,
"NSW","Total","Age-specific rate (per 100,000)","2005–2009",8.7,
"NSW","Total","Age-specific rate (per 100,000)","2006–2010",8.9,
"NSW","Total","Age-specific rate (per 100,000)","2007–2011",8.9,
"NSW","Total","Age-specific rate (per 100,000)","2008–2012",9.1,
"NSW","Total","Age-specific rate (per 100,000)","2009–2013",9.3,
"NSW","Total","Age-specific rate (per 100,000)","2010–2014",9.8,
"NSW","Total","Age-specific rate (per 100,000)","2011–2015",10.1,
"NSW","Total","Age-specific rate (per 100,000)","2012–2016",10.5,
"NSW","Total","Age-specific rate (per 100,000)","2013–2017",10.9,
"NSW","Total","Age-specific rate (per 100,000)","2014–2018",11.3,
"NSW","Total","Age-specific rate (per 100,000)","2015–2019",11.4,
"NSW","Total","Age-specific rate (per 100,000)","2016–2020",11.5,
"NSW","Total","Age-specific rate (per 100,000)","2017–2021",11.6,
"NSW","Total","Age-specific rate (per 100,000)","2018–2022",11.6,
"NSW","Total","Age-specific rate (per 100,000)","2019–2023",11.5,
"NSW","Total","Age-specific rate (per 100,000)","2020–2024",11.3,
"Vic","0–14","Age-specific rate (per 100,000)","2001–2005",0.1,
"Vic","0–14","Age-specific rate (per 100,000)","2002–2006",0.2,
"Vic","0–14","Age-specific rate (per 100,000)","2003–2007",0.2,
"Vic","0–14","Age-specific rate (per 100,000)","2004–2008",0.2,
"Vic","0–14","Age-specific rate (per 100,000)","2005–2009",0.3,
"Vic","0–14","Age-specific rate (per 100,000)","2006–2010",0.3,
"Vic","0–14","Age-specific rate (per 100,000)","2007–2011",0.3,
"Vic","0–14","Age-specific rate (per 100,000)","2008–2012",0.3,
"Vic","0–14","Age-specific rate (per 100,000)","2009–2013",0.2,
"Vic","0–14","Age-specific rate (per 100,000)","2010–2014",0.2,
"Vic","0–14","Age-specific rate (per 100,000)","2011–2015",0.2,
"Vic","0–14","Age-specific rate (per 100,000)","2012–2016",0.2,
"Vic","0–14","Age-specific rate (per 100,000)","2013–2017",0.2,
"Vic","0–14","Age-specific rate (per 100,000)","2014–2018",0.2,
"Vic","0–14","Age-specific rate (per 100,000)","2015–2019",0.3,
"Vic","0–14","Age-specific rate (per 100,000)","2016–2020",0.3,
"Vic","0–14","Age-specific rate (per 100,000)","2017–2021",0.3,
"Vic","0–14","Age-specific rate (per 100,000)","2018–2022",0.3,
"Vic","0–14","Age-specific rate (per 100,000)","2019–2023",0.3,
"Vic","0–14","Age-specific rate (per 100,000)","2020–2024",0.3,
"Vic","5–14","Age-specific rate (per 100,000)","2001–2005",0.2,
"Vic","5–14","Age-specific rate (per 100,000)","2002–2006",0.2,
"Vic","5–14","Age-specific rate (per 100,000)","2003–2007",0.3,
"Vic","5–14","Age-specific rate (per 100,000)","2004–2008",0.3,
"Vic","5–14","Age-specific rate (per 100,000)","2005–2009",0.4,
"Vic","5–14","Age-specific rate (per 100,000)","2006–2010",0.5,
"Vic","5–14","Age-specific rate (per 100,000)","2007–2011",0.4,
"Vic","5–14","Age-specific rate (per 100,000)","2008–2012",0.4,
"Vic","5–14","Age-specific rate (per 100,000)","2009–2013",0.3,
"Vic","5–14","Age-specific rate (per 100,000)","2010–2014",0.2,
"Vic","5–14","Age-specific rate (per 100,000)","2011–2015",0.3,
"Vic","5–14","Age-specific rate (per 100,000)","2012–2016",0.3,
"Vic","5–14","Age-specific rate (per 100,000)","2013–2017",0.3,
"Vic","5–14","Age-specific rate (per 100,000)","2014–2018",0.4,
"Vic","5–14","Age-specific rate (per 100,000)","2015–2019",0.5,
"Vic","5–14","Age-specific rate (per 100,000)","2016–2020",0.5,
"Vic","5–14","Age-specific rate (per 100,000)","2017–2021",0.5,
"Vic","5–14","Age-specific rate (per 100,000)","2018–2022",0.4,
"Vic","5–14","Age-specific rate (per 100,000)","2019–2023",0.5,
"Vic","5–14","Age-specific rate (per 100,000)","2020–2024",0.5,
"Vic","0–24","Age-specific rate (per 100,000)","2001–2005",4,
"Vic","0–24","Age-specific rate (per 100,000)","2002–2006",3.9,
"Vic","0–24","Age-specific rate (per 100,000)","2003–2007",4.1,
"Vic","0–24","Age-specific rate (per 100,000)","2004–2008",4,
"Vic","0–24","Age-specific rate (per 100,000)","2005–2009",3.9,
"Vic","0–24","Age-specific rate (per 100,000)","2006–2010",4.1,
"Vic","0–24","Age-specific rate (per 100,000)","2007–2011",4,
"Vic","0–24","Age-specific rate (per 100,000)","2008–2012",3.9,
"Vic","0–24","Age-specific rate (per 100,000)","2009–2013",4,
"Vic","0–24","Age-specific rate (per 100,000)","2010–2014",4.1,
"Vic","0–24","Age-specific rate (per 100,000)","2011–2015",3.9,
"Vic","0–24","Age-specific rate (per 100,000)","2012–2016",4.3,
"Vic","0–24","Age-specific rate (per 100,000)","2013–2017",4.3,
"Vic","0–24","Age-specific rate (per 100,000)","2014–2018",4.5,
"Vic","0–24","Age-specific rate (per 100,000)","2015–2019",4.6,
"Vic","0–24","Age-specific rate (per 100,000)","2016–2020",4.7,
"Vic","0–24","Age-specific rate (per 100,000)","2017–2021",4.6,
"Vic","0–24","Age-specific rate (per 100,000)","2018–2022",4.7,
"Vic","0–24","Age-specific rate (per 100,000)","2019–2023",4.9,
"Vic","0–24","Age-specific rate (per 100,000)","2020–2024",4.7,
"Vic","5–24","Age-specific rate (per 100,000)","2001–2005",4.9,
"Vic","5–24","Age-specific rate (per 100,000)","2002–2006",4.8,
"Vic","5–24","Age-specific rate (per 100,000)","2003–2007",5,
"Vic","5–24","Age-specific rate (per 100,000)","2004–2008",4.9,
"Vic","5–24","Age-specific rate (per 100,000)","2005–2009",4.8,
"Vic","5–24","Age-specific rate (per 100,000)","2006–2010",5.1,
"Vic","5–24","Age-specific rate (per 100,000)","2007–2011",5,
"Vic","5–24","Age-specific rate (per 100,000)","2008–2012",4.8,
"Vic","5–24","Age-specific rate (per 100,000)","2009–2013",5,
"Vic","5–24","Age-specific rate (per 100,000)","2010–2014",5.2,
"Vic","5–24","Age-specific rate (per 100,000)","2011–2015",4.9,
"Vic","5–24","Age-specific rate (per 100,000)","2012–2016",5.4,
"Vic","5–24","Age-specific rate (per 100,000)","2013–2017",5.5,
"Vic","5–24","Age-specific rate (per 100,000)","2014–2018",5.6,
"Vic","5–24","Age-specific rate (per 100,000)","2015–2019",5.8,
"Vic","5–24","Age-specific rate (per 100,000)","2016–2020",5.9,
"Vic","5–24","Age-specific rate (per 100,000)","2017–2021",5.7,
"Vic","5–24","Age-specific rate (per 100,000)","2018–2022",5.9,
"Vic","5–24","Age-specific rate (per 100,000)","2019–2023",6.1,
"Vic","5–24","Age-specific rate (per 100,000)","2020–2024",5.8,
"Vic","15–24","Age-specific rate (per 100,000)","2001–2005",9.5,
"Vic","15–24","Age-specific rate (per 100,000)","2002–2006",9.1,
"Vic","15–24","Age-specific rate (per 100,000)","2003–2007",9.4,
"Vic","15–24","Age-specific rate (per 100,000)","2004–2008",9.2,
"Vic","15–24","Age-specific rate (per 100,000)","2005–2009",8.8,
"Vic","15–24","Age-specific rate (per 100,000)","2006–2010",9.1,
"Vic","15–24","Age-specific rate (per 100,000)","2007–2011",8.9,
"Vic","15–24","Age-specific rate (per 100,000)","2008–2012",8.6,
"Vic","15–24","Age-specific rate (per 100,000)","2009–2013",8.9,
"Vic","15–24","Age-specific rate (per 100,000)","2010–2014",9.5,
"Vic","15–24","Age-specific rate (per 100,000)","2011–2015",9.1,
"Vic","15–24","Age-specific rate (per 100,000)","2012–2016",9.8,
"Vic","15–24","Age-specific rate (per 100,000)","2013–2017",10,
"Vic","15–24","Age-specific rate (per 100,000)","2014–2018",10.3,
"Vic","15–24","Age-specific rate (per 100,000)","2015–2019",10.6,
"Vic","15–24","Age-specific rate (per 100,000)","2016–2020",10.8,
"Vic","15–24","Age-specific rate (per 100,000)","2017–2021",10.6,
"Vic","15–24","Age-specific rate (per 100,000)","2018–2022",11.1,
"Vic","15–24","Age-specific rate (per 100,000)","2019–2023",11.8,
"Vic","15–24","Age-specific rate (per 100,000)","2020–2024",11.2,
"Vic","25–34","Age-specific rate (per 100,000)","2001–2005",16.7,
"Vic","25–34","Age-specific rate (per 100,000)","2002–2006",14.8,
"Vic","25–34","Age-specific rate (per 100,000)","2003–2007",13.9,
"Vic","25–34","Age-specific rate (per 100,000)","2004–2008",13.8,
"Vic","25–34","Age-specific rate (per 100,000)","2005–2009",13,
"Vic","25–34","Age-specific rate (per 100,000)","2006–2010",12.3,
"Vic","25–34","Age-specific rate (per 100,000)","2007–2011",12.3,
"Vic","25–34","Age-specific rate (per 100,000)","2008–2012",12.4,
"Vic","25–34","Age-specific rate (per 100,000)","2009–2013",11.4,
"Vic","25–34","Age-specific rate (per 100,000)","2010–2014",11.9,
"Vic","25–34","Age-specific rate (per 100,000)","2011–2015",12.2,
"Vic","25–34","Age-specific rate (per 100,000)","2012–2016",12.9,
"Vic","25–34","Age-specific rate (per 100,000)","2013–2017",13.4,
"Vic","25–34","Age-specific rate (per 100,000)","2014–2018",14,
"Vic","25–34","Age-specific rate (per 100,000)","2015–2019",13.6,
"Vic","25–34","Age-specific rate (per 100,000)","2016–2020",13.5,
"Vic","25–34","Age-specific rate (per 100,000)","2017–2021",13,
"Vic","25–34","Age-specific rate (per 100,000)","2018–2022",13.2,
"Vic","25–34","Age-specific rate (per 100,000)","2019–2023",14,
"Vic","25–34","Age-specific rate (per 100,000)","2020–2024",13.9,
"Vic","35–44","Age-specific rate (per 100,000)","2001–2005",16.3,
"Vic","35–44","Age-specific rate (per 100,000)","2002–2006",15.9,
"Vic","35–44","Age-specific rate (per 100,000)","2003–2007",15,
"Vic","35–44","Age-specific rate (per 100,000)","2004–2008",15.2,
"Vic","35–44","Age-specific rate (per 100,000)","2005–2009",15.3,
"Vic","35–44","Age-specific rate (per 100,000)","2006–2010",15,
"Vic","35–44","Age-specific rate (per 100,000)","2007–2011",14.6,
"Vic","35–44","Age-specific rate (per 100,000)","2008–2012",14.7,
"Vic","35–44","Age-specific rate (per 100,000)","2009–2013",13.9,
"Vic","35–44","Age-specific rate (per 100,000)","2010–2014",13.7,
"Vic","35–44","Age-specific rate (per 100,000)","2011–2015",14.1,
"Vic","35–44","Age-specific rate (per 100,000)","2012–2016",14.3,
"Vic","35–44","Age-specific rate (per 100,000)","2013–2017",14.8,
"Vic","35–44","Age-specific rate (per 100,000)","2014–2018",15.4,
"Vic","35–44","Age-specific rate (per 100,000)","2015–2019",15.4,
"Vic","35–44","Age-specific rate (per 100,000)","2016–2020",14.9,
"Vic","35–44","Age-specific rate (per 100,000)","2017–2021",14.4,
"Vic","35–44","Age-specific rate (per 100,000)","2018–2022",13.8,
"Vic","35–44","Age-specific rate (per 100,000)","2019–2023",14.3,
"Vic","35–44","Age-specific rate (per 100,000)","2020–2024",14.1,
"Vic","45–54","Age-specific rate (per 100,000)","2001–2005",14.8,
"Vic","45–54","Age-specific rate (per 100,000)","2002–2006",15.5,
"Vic","45–54","Age-specific rate (per 100,000)","2003–2007",15.1,
"Vic","45–54","Age-specific rate (per 100,000)","2004–2008",14.5,
"Vic","45–54","Age-specific rate (per 100,000)","2005–2009",15.2,
"Vic","45–54","Age-specific rate (per 100,000)","2006–2010",15.8,
"Vic","45–54","Age-specific rate (per 100,000)","2007–2011",15.3,
"Vic","45–54","Age-specific rate (per 100,000)","2008–2012",15.2,
"Vic","45–54","Age-specific rate (per 100,000)","2009–2013",15.3,
"Vic","45–54","Age-specific rate (per 100,000)","2010–2014",15.1,
"Vic","45–54","Age-specific rate (per 100,000)","2011–2015",15.7,
"Vic","45–54","Age-specific rate (per 100,000)","2012–2016",15.9,
"Vic","45–54","Age-specific rate (per 100,000)","2013–2017",16.6,
"Vic","45–54","Age-specific rate (per 100,000)","2014–2018",17.1,
"Vic","45–54","Age-specific rate (per 100,000)","2015–2019",17,
"Vic","45–54","Age-specific rate (per 100,000)","2016–2020",15.5,
"Vic","45–54","Age-specific rate (per 100,000)","2017–2021",15.6,
"Vic","45–54","Age-specific rate (per 100,000)","2018–2022",16,
"Vic","45–54","Age-specific rate (per 100,000)","2019–2023",15.8,
"Vic","45–54","Age-specific rate (per 100,000)","2020–2024",15.9,
"Vic","55–64","Age-specific rate (per 100,000)","2001–2005",10.4,
"Vic","55–64","Age-specific rate (per 100,000)","2002–2006",10.5,
"Vic","55–64","Age-specific rate (per 100,000)","2003–2007",10.6,
"Vic","55–64","Age-specific rate (per 100,000)","2004–2008",10.6,
"Vic","55–64","Age-specific rate (per 100,000)","2005–2009",11.6,
"Vic","55–64","Age-specific rate (per 100,000)","2006–2010",12.1,
"Vic","55–64","Age-specific rate (per 100,000)","2007–2011",11.9,
"Vic","55–64","Age-specific rate (per 100,000)","2008–2012",11.7,
"Vic","55–64","Age-specific rate (per 100,000)","2009–2013",12.4,
"Vic","55–64","Age-specific rate (per 100,000)","2010–2014",12.9,
"Vic","55–64","Age-specific rate (per 100,000)","2011–2015",13,
"Vic","55–64","Age-specific rate (per 100,000)","2012–2016",13.3,
"Vic","55–64","Age-specific rate (per 100,000)","2013–2017",14.1,
"Vic","55–64","Age-specific rate (per 100,000)","2014–2018",13.9,
"Vic","55–64","Age-specific rate (per 100,000)","2015–2019",13.9,
"Vic","55–64","Age-specific rate (per 100,000)","2016–2020",14.4,
"Vic","55–64","Age-specific rate (per 100,000)","2017–2021",14.6,
"Vic","55–64","Age-specific rate (per 100,000)","2018–2022",14.1,
"Vic","55–64","Age-specific rate (per 100,000)","2019–2023",14.4,
"Vic","55–64","Age-specific rate (per 100,000)","2020–2024",14.5,
"Vic","45–64","Age-specific rate (per 100,000)","2001–2005",12.9,
"Vic","45–64","Age-specific rate (per 100,000)","2002–2006",13.3,
"Vic","45–64","Age-specific rate (per 100,000)","2003–2007",13.2,
"Vic","45–64","Age-specific rate (per 100,000)","2004–2008",12.7,
"Vic","45–64","Age-specific rate (per 100,000)","2005–2009",13.6,
"Vic","45–64","Age-specific rate (per 100,000)","2006–2010",14.1,
"Vic","45–64","Age-specific rate (per 100,000)","2007–2011",13.8,
"Vic","45–64","Age-specific rate (per 100,000)","2008–2012",13.6,
"Vic","45–64","Age-specific rate (per 100,000)","2009–2013",14,
"Vic","45–64","Age-specific rate (per 100,000)","2010–2014",14.1,
"Vic","45–64","Age-specific rate (per 100,000)","2011–2015",14.5,
"Vic","45–64","Age-specific rate (per 100,000)","2012–2016",14.7,
"Vic","45–64","Age-specific rate (per 100,000)","2013–2017",15.4,
"Vic","45–64","Age-specific rate (per 100,000)","2014–2018",15.6,
"Vic","45–64","Age-specific rate (per 100,000)","2015–2019",15.5,
"Vic","45–64","Age-specific rate (per 100,000)","2016–2020",15,
"Vic","45–64","Age-specific rate (per 100,000)","2017–2021",15.1,
"Vic","45–64","Age-specific rate (per 100,000)","2018–2022",15.1,
"Vic","45–64","Age-specific rate (per 100,000)","2019–2023",15.2,
"Vic","45–64","Age-specific rate (per 100,000)","2020–2024",15.2,
"Vic","65+","Age-specific rate (per 100,000)","2001–2005",11.4,
"Vic","65+","Age-specific rate (per 100,000)","2002–2006",10.9,
"Vic","65+","Age-specific rate (per 100,000)","2003–2007",10.1,
"Vic","65+","Age-specific rate (per 100,000)","2004–2008",9.9,
"Vic","65+","Age-specific rate (per 100,000)","2005–2009",9.6,
"Vic","65+","Age-specific rate (per 100,000)","2006–2010",9.2,
"Vic","65+","Age-specific rate (per 100,000)","2007–2011",10,
"Vic","65+","Age-specific rate (per 100,000)","2008–2012",10.1,
"Vic","65+","Age-specific rate (per 100,000)","2009–2013",10.2,
"Vic","65+","Age-specific rate (per 100,000)","2010–2014",10.3,
"Vic","65+","Age-specific rate (per 100,000)","2011–2015",11.1,
"Vic","65+","Age-specific rate (per 100,000)","2012–2016",11,
"Vic","65+","Age-specific rate (per 100,000)","2013–2017",11.5,
"Vic","65+","Age-specific rate (per 100,000)","2014–2018",11.1,
"Vic","65+","Age-specific rate (per 100,000)","2015–2019",11.1,
"Vic","65+","Age-specific rate (per 100,000)","2016–2020",10.8,
"Vic","65+","Age-specific rate (per 100,000)","2017–2021",10.6,
"Vic","65+","Age-specific rate (per 100,000)","2018–2022",11,
"Vic","65+","Age-specific rate (per 100,000)","2019–2023",11.2,
"Vic","65+","Age-specific rate (per 100,000)","2020–2024",11.3,
"Vic","65–74","Age-specific rate (per 100,000)","2001–2005",12.1,
"Vic","65–74","Age-specific rate (per 100,000)","2002–2006",11.3,
"Vic","65–74","Age-specific rate (per 100,000)","2003–2007",10.3,
"Vic","65–74","Age-specific rate (per 100,000)","2004–2008",9.8,
"Vic","65–74","Age-specific rate (per 100,000)","2005–2009",9.1,
"Vic","65–74","Age-specific rate (per 100,000)","2006–2010",8.4,
"Vic","65–74","Age-specific rate (per 100,000)","2007–2011",9.3,
"Vic","65–74","Age-specific rate (per 100,000)","2008–2012",9.1,
"Vic","65–74","Age-specific rate (per 100,000)","2009–2013",9,
"Vic","65–74","Age-specific rate (per 100,000)","2010–2014",8.5,
"Vic","65–74","Age-specific rate (per 100,000)","2011–2015",9.3,
"Vic","65–74","Age-specific rate (per 100,000)","2012–2016",8.9,
"Vic","65–74","Age-specific rate (per 100,000)","2013–2017",9.8,
"Vic","65–74","Age-specific rate (per 100,000)","2014–2018",9.4,
"Vic","65–74","Age-specific rate (per 100,000)","2015–2019",10,
"Vic","65–74","Age-specific rate (per 100,000)","2016–2020",10,
"Vic","65–74","Age-specific rate (per 100,000)","2017–2021",9.9,
"Vic","65–74","Age-specific rate (per 100,000)","2018–2022",10,
"Vic","65–74","Age-specific rate (per 100,000)","2019–2023",10.5,
"Vic","65–74","Age-specific rate (per 100,000)","2020–2024",10.8,
"Vic","75–84","Age-specific rate (per 100,000)","2001–2005",9.5,
"Vic","75–84","Age-specific rate (per 100,000)","2002–2006",9.4,
"Vic","75–84","Age-specific rate (per 100,000)","2003–2007",9.4,
"Vic","75–84","Age-specific rate (per 100,000)","2004–2008",10,
"Vic","75–84","Age-specific rate (per 100,000)","2005–2009",10.2,
"Vic","75–84","Age-specific rate (per 100,000)","2006–2010",10.6,
"Vic","75–84","Age-specific rate (per 100,000)","2007–2011",11.1,
"Vic","75–84","Age-specific rate (per 100,000)","2008–2012",11.3,
"Vic","75–84","Age-specific rate (per 100,000)","2009–2013",11.1,
"Vic","75–84","Age-specific rate (per 100,000)","2010–2014",11.4,
"Vic","75–84","Age-specific rate (per 100,000)","2011–2015",11.5,
"Vic","75–84","Age-specific rate (per 100,000)","2012–2016",11.5,
"Vic","75–84","Age-specific rate (per 100,000)","2013–2017",11.5,
"Vic","75–84","Age-specific rate (per 100,000)","2014–2018",11.4,
"Vic","75–84","Age-specific rate (per 100,000)","2015–2019",11.5,
"Vic","75–84","Age-specific rate (per 100,000)","2016–2020",11,
"Vic","75–84","Age-specific rate (per 100,000)","2017–2021",11,
"Vic","75–84","Age-specific rate (per 100,000)","2018–2022",11.1,
"Vic","75–84","Age-specific rate (per 100,000)","2019–2023",10.7,
"Vic","75–84","Age-specific rate (per 100,000)","2020–2024",10.1,
"Vic","85+","Age-specific rate (per 100,000)","2001–2005",14.1,
"Vic","85+","Age-specific rate (per 100,000)","2002–2006",13.6,
"Vic","85+","Age-specific rate (per 100,000)","2003–2007",11.1,
"Vic","85+","Age-specific rate (per 100,000)","2004–2008",10,
"Vic","85+","Age-specific rate (per 100,000)","2005–2009",9.4,
"Vic","85+","Age-specific rate (per 100,000)","2006–2010",8.8,
"Vic","85+","Age-specific rate (per 100,000)","2007–2011",9.9,
"Vic","85+","Age-specific rate (per 100,000)","2008–2012",10.8,
"Vic","85+","Age-specific rate (per 100,000)","2009–2013",12.8,
"Vic","85+","Age-specific rate (per 100,000)","2010–2014",14.6,
"Vic","85+","Age-specific rate (per 100,000)","2011–2015",17.2,
"Vic","85+","Age-specific rate (per 100,000)","2012–2016",18.2,
"Vic","85+","Age-specific rate (per 100,000)","2013–2017",18.4,
"Vic","85+","Age-specific rate (per 100,000)","2014–2018",17.1,
"Vic","85+","Age-specific rate (per 100,000)","2015–2019",15,
"Vic","85+","Age-specific rate (per 100,000)","2016–2020",13.7,
"Vic","85+","Age-specific rate (per 100,000)","2017–2021",12.8,
"Vic","85+","Age-specific rate (per 100,000)","2018–2022",15.1,
"Vic","85+","Age-specific rate (per 100,000)","2019–2023",15.3,
"Vic","85+","Age-specific rate (per 100,000)","2020–2024",16.5,
"Vic","Total","Age-specific rate (per 100,000)","2001–2005",10.8,
"Vic","Total","Age-specific rate (per 100,000)","2002–2006",10.5,
"Vic","Total","Age-specific rate (per 100,000)","2003–2007",10.1,
"Vic","Total","Age-specific rate (per 100,000)","2004–2008",10,
"Vic","Total","Age-specific rate (per 100,000)","2005–2009",10,
"Vic","Total","Age-specific rate (per 100,000)","2006–2010",10,
"Vic","Total","Age-specific rate (per 100,000)","2007–2011",10,
"Vic","Total","Age-specific rate (per 100,000)","2008–2012",10,
"Vic","Total","Age-specific rate (per 100,000)","2009–2013",9.8,
"Vic","Total","Age-specific rate (per 100,000)","2010–2014",10,
"Vic","Total","Age-specific rate (per 100,000)","2011–2015",10.2,
"Vic","Total","Age-specific rate (per 100,000)","2012–2016",10.5,
"Vic","Total","Age-specific rate (per 100,000)","2013–2017",10.9,
"Vic","Total","Age-specific rate (per 100,000)","2014–2018",11.1,
"Vic","Total","Age-specific rate (per 100,000)","2015–2019",11.1,
"Vic","Total","Age-specific rate (per 100,000)","2016–2020",10.9,
"Vic","Total","Age-specific rate (per 100,000)","2017–2021",10.7,
"Vic","Total","Age-specific rate (per 100,000)","2018–2022",10.8,
"Vic","Total","Age-specific rate (per 100,000)","2019–2023",11.1,
"Vic","Total","Age-specific rate (per 100,000)","2020–2024",11,
"Qld","0–14","Age-specific rate (per 100,000)","2001–2005",0.5,
"Qld","0–14","Age-specific rate (per 100,000)","2002–2006",0.4,
"Qld","0–14","Age-specific rate (per 100,000)","2003–2007",0.5,
"Qld","0–14","Age-specific rate (per 100,000)","2004–2008",0.4,
"Qld","0–14","Age-specific rate (per 100,000)","2005–2009",0.3,
"Qld","0–14","Age-specific rate (per 100,000)","2006–2010",0.3,
"Qld","0–14","Age-specific rate (per 100,000)","2007–2011",0.3,
"Qld","0–14","Age-specific rate (per 100,000)","2008–2012",0.4,
"Qld","0–14","Age-specific rate (per 100,000)","2009–2013",0.6,
"Qld","0–14","Age-specific rate (per 100,000)","2010–2014",0.7,
"Qld","0–14","Age-specific rate (per 100,000)","2011–2015",0.6,
"Qld","0–14","Age-specific rate (per 100,000)","2012–2016",0.7,
"Qld","0–14","Age-specific rate (per 100,000)","2013–2017",0.6,
"Qld","0–14","Age-specific rate (per 100,000)","2014–2018",0.5,
"Qld","0–14","Age-specific rate (per 100,000)","2015–2019",0.5,
"Qld","0–14","Age-specific rate (per 100,000)","2016–2020",0.6,
"Qld","0–14","Age-specific rate (per 100,000)","2017–2021",0.6,
"Qld","0–14","Age-specific rate (per 100,000)","2018–2022",0.6,
"Qld","0–14","Age-specific rate (per 100,000)","2019–2023",0.7,
"Qld","0–14","Age-specific rate (per 100,000)","2020–2024",0.7,
"Qld","5–14","Age-specific rate (per 100,000)","2001–2005",0.7,
"Qld","5–14","Age-specific rate (per 100,000)","2002–2006",0.6,
"Qld","5–14","Age-specific rate (per 100,000)","2003–2007",0.7,
"Qld","5–14","Age-specific rate (per 100,000)","2004–2008",0.5,
"Qld","5–14","Age-specific rate (per 100,000)","2005–2009",0.5,
"Qld","5–14","Age-specific rate (per 100,000)","2006–2010",0.4,
"Qld","5–14","Age-specific rate (per 100,000)","2007–2011",0.5,
"Qld","5–14","Age-specific rate (per 100,000)","2008–2012",0.6,
"Qld","5–14","Age-specific rate (per 100,000)","2009–2013",0.9,
"Qld","5–14","Age-specific rate (per 100,000)","2010–2014",1.1,
"Qld","5–14","Age-specific rate (per 100,000)","2011–2015",1,
"Qld","5–14","Age-specific rate (per 100,000)","2012–2016",1,
"Qld","5–14","Age-specific rate (per 100,000)","2013–2017",1,
"Qld","5–14","Age-specific rate (per 100,000)","2014–2018",0.8,
"Qld","5–14","Age-specific rate (per 100,000)","2015–2019",0.8,
"Qld","5–14","Age-specific rate (per 100,000)","2016–2020",0.9,
"Qld","5–14","Age-specific rate (per 100,000)","2017–2021",0.9,
"Qld","5–14","Age-specific rate (per 100,000)","2018–2022",0.9,
"Qld","5–14","Age-specific rate (per 100,000)","2019–2023",1,
"Qld","5–14","Age-specific rate (per 100,000)","2020–2024",1,
"Qld","0–24","Age-specific rate (per 100,000)","2001–2005",5.7,
"Qld","0–24","Age-specific rate (per 100,000)","2002–2006",5.4,
"Qld","0–24","Age-specific rate (per 100,000)","2003–2007",5.3,
"Qld","0–24","Age-specific rate (per 100,000)","2004–2008",5.4,
"Qld","0–24","Age-specific rate (per 100,000)","2005–2009",5.3,
"Qld","0–24","Age-specific rate (per 100,000)","2006–2010",5.4,
"Qld","0–24","Age-specific rate (per 100,000)","2007–2011",5.5,
"Qld","0–24","Age-specific rate (per 100,000)","2008–2012",5.5,
"Qld","0–24","Age-specific rate (per 100,000)","2009–2013",5.8,
"Qld","0–24","Age-specific rate (per 100,000)","2010–2014",6,
"Qld","0–24","Age-specific rate (per 100,000)","2011–2015",6.3,
"Qld","0–24","Age-specific rate (per 100,000)","2012–2016",6.4,
"Qld","0–24","Age-specific rate (per 100,000)","2013–2017",6.7,
"Qld","0–24","Age-specific rate (per 100,000)","2014–2018",7.1,
"Qld","0–24","Age-specific rate (per 100,000)","2015–2019",7.4,
"Qld","0–24","Age-specific rate (per 100,000)","2016–2020",7.5,
"Qld","0–24","Age-specific rate (per 100,000)","2017–2021",7.6,
"Qld","0–24","Age-specific rate (per 100,000)","2018–2022",7.3,
"Qld","0–24","Age-specific rate (per 100,000)","2019–2023",6.9,
"Qld","0–24","Age-specific rate (per 100,000)","2020–2024",6.3,
"Qld","5–24","Age-specific rate (per 100,000)","2001–2005",7,
"Qld","5–24","Age-specific rate (per 100,000)","2002–2006",6.7,
"Qld","5–24","Age-specific rate (per 100,000)","2003–2007",6.5,
"Qld","5–24","Age-specific rate (per 100,000)","2004–2008",6.6,
"Qld","5–24","Age-specific rate (per 100,000)","2005–2009",6.6,
"Qld","5–24","Age-specific rate (per 100,000)","2006–2010",6.8,
"Qld","5–24","Age-specific rate (per 100,000)","2007–2011",6.9,
"Qld","5–24","Age-specific rate (per 100,000)","2008–2012",6.9,
"Qld","5–24","Age-specific rate (per 100,000)","2009–2013",7.2,
"Qld","5–24","Age-specific rate (per 100,000)","2010–2014",7.5,
"Qld","5–24","Age-specific rate (per 100,000)","2011–2015",7.9,
"Qld","5–24","Age-specific rate (per 100,000)","2012–2016",8.1,
"Qld","5–24","Age-specific rate (per 100,000)","2013–2017",8.4,
"Qld","5–24","Age-specific rate (per 100,000)","2014–2018",8.8,
"Qld","5–24","Age-specific rate (per 100,000)","2015–2019",9.2,
"Qld","5–24","Age-specific rate (per 100,000)","2016–2020",9.3,
"Qld","5–24","Age-specific rate (per 100,000)","2017–2021",9.4,
"Qld","5–24","Age-specific rate (per 100,000)","2018–2022",9,
"Qld","5–24","Age-specific rate (per 100,000)","2019–2023",8.5,
"Qld","5–24","Age-specific rate (per 100,000)","2020–2024",7.7,
"Qld","15–24","Age-specific rate (per 100,000)","2001–2005",13.5,
"Qld","15–24","Age-specific rate (per 100,000)","2002–2006",12.8,
"Qld","15–24","Age-specific rate (per 100,000)","2003–2007",12.3,
"Qld","15–24","Age-specific rate (per 100,000)","2004–2008",12.6,
"Qld","15–24","Age-specific rate (per 100,000)","2005–2009",12.6,
"Qld","15–24","Age-specific rate (per 100,000)","2006–2010",12.8,
"Qld","15–24","Age-specific rate (per 100,000)","2007–2011",12.9,
"Qld","15–24","Age-specific rate (per 100,000)","2008–2012",12.8,
"Qld","15–24","Age-specific rate (per 100,000)","2009–2013",13.2,
"Qld","15–24","Age-specific rate (per 100,000)","2010–2014",13.5,
"Qld","15–24","Age-specific rate (per 100,000)","2011–2015",14.5,
"Qld","15–24","Age-specific rate (per 100,000)","2012–2016",14.8,
"Qld","15–24","Age-specific rate (per 100,000)","2013–2017",15.7,
"Qld","15–24","Age-specific rate (per 100,000)","2014–2018",16.7,
"Qld","15–24","Age-specific rate (per 100,000)","2015–2019",17.6,
"Qld","15–24","Age-specific rate (per 100,000)","2016–2020",17.8,
"Qld","15–24","Age-specific rate (per 100,000)","2017–2021",18,
"Qld","15–24","Age-specific rate (per 100,000)","2018–2022",17.5,
"Qld","15–24","Age-specific rate (per 100,000)","2019–2023",16.3,
"Qld","15–24","Age-specific rate (per 100,000)","2020–2024",14.7,
"Qld","25–34","Age-specific rate (per 100,000)","2001–2005",20.8,
"Qld","25–34","Age-specific rate (per 100,000)","2002–2006",19.1,
"Qld","25–34","Age-specific rate (per 100,000)","2003–2007",17.9,
"Qld","25–34","Age-specific rate (per 100,000)","2004–2008",17.4,
"Qld","25–34","Age-specific rate (per 100,000)","2005–2009",16.9,
"Qld","25–34","Age-specific rate (per 100,000)","2006–2010",16.6,
"Qld","25–34","Age-specific rate (per 100,000)","2007–2011",17.1,
"Qld","25–34","Age-specific rate (per 100,000)","2008–2012",17,
"Qld","25–34","Age-specific rate (per 100,000)","2009–2013",16.6,
"Qld","25–34","Age-specific rate (per 100,000)","2010–2014",16.7,
"Qld","25–34","Age-specific rate (per 100,000)","2011–2015",17,
"Qld","25–34","Age-specific rate (per 100,000)","2012–2016",17.7,
"Qld","25–34","Age-specific rate (per 100,000)","2013–2017",18.5,
"Qld","25–34","Age-specific rate (per 100,000)","2014–2018",19.5,
"Qld","25–34","Age-specific rate (per 100,000)","2015–2019",19.7,
"Qld","25–34","Age-specific rate (per 100,000)","2016–2020",19.6,
"Qld","25–34","Age-specific rate (per 100,000)","2017–2021",19.5,
"Qld","25–34","Age-specific rate (per 100,000)","2018–2022",19.3,
"Qld","25–34","Age-specific rate (per 100,000)","2019–2023",19.6,
"Qld","25–34","Age-specific rate (per 100,000)","2020–2024",19.5,
"Qld","35–44","Age-specific rate (per 100,000)","2001–2005",19.9,
"Qld","35–44","Age-specific rate (per 100,000)","2002–2006",19.7,
"Qld","35–44","Age-specific rate (per 100,000)","2003–2007",18.9,
"Qld","35–44","Age-specific rate (per 100,000)","2004–2008",19.3,
"Qld","35–44","Age-specific rate (per 100,000)","2005–2009",19.2,
"Qld","35–44","Age-specific rate (per 100,000)","2006–2010",19.4,
"Qld","35–44","Age-specific rate (per 100,000)","2007–2011",19.6,
"Qld","35–44","Age-specific rate (per 100,000)","2008–2012",20.2,
"Qld","35–44","Age-specific rate (per 100,000)","2009–2013",20.9,
"Qld","35–44","Age-specific rate (per 100,000)","2010–2014",21.3,
"Qld","35–44","Age-specific rate (per 100,000)","2011–2015",22.5,
"Qld","35–44","Age-specific rate (per 100,000)","2012–2016",22.8,
"Qld","35–44","Age-specific rate (per 100,000)","2013–2017",23.3,
"Qld","35–44","Age-specific rate (per 100,000)","2014–2018",23.2,
"Qld","35–44","Age-specific rate (per 100,000)","2015–2019",24.1,
"Qld","35–44","Age-specific rate (per 100,000)","2016–2020",23.5,
"Qld","35–44","Age-specific rate (per 100,000)","2017–2021",23.2,
"Qld","35–44","Age-specific rate (per 100,000)","2018–2022",22.3,
"Qld","35–44","Age-specific rate (per 100,000)","2019–2023",21.3,
"Qld","35–44","Age-specific rate (per 100,000)","2020–2024",20.6,
"Qld","45–54","Age-specific rate (per 100,000)","2001–2005",15.3,
"Qld","45–54","Age-specific rate (per 100,000)","2002–2006",15.3,
"Qld","45–54","Age-specific rate (per 100,000)","2003–2007",15.6,
"Qld","45–54","Age-specific rate (per 100,000)","2004–2008",16,
"Qld","45–54","Age-specific rate (per 100,000)","2005–2009",16.9,
"Qld","45–54","Age-specific rate (per 100,000)","2006–2010",17.5,
"Qld","45–54","Age-specific rate (per 100,000)","2007–2011",17.5,
"Qld","45–54","Age-specific rate (per 100,000)","2008–2012",18,
"Qld","45–54","Age-specific rate (per 100,000)","2009–2013",18.7,
"Qld","45–54","Age-specific rate (per 100,000)","2010–2014",19.5,
"Qld","45–54","Age-specific rate (per 100,000)","2011–2015",20.2,
"Qld","45–54","Age-specific rate (per 100,000)","2012–2016",20.2,
"Qld","45–54","Age-specific rate (per 100,000)","2013–2017",21.9,
"Qld","45–54","Age-specific rate (per 100,000)","2014–2018",22.3,
"Qld","45–54","Age-specific rate (per 100,000)","2015–2019",22.1,
"Qld","45–54","Age-specific rate (per 100,000)","2016–2020",21.4,
"Qld","45–54","Age-specific rate (per 100,000)","2017–2021",22.2,
"Qld","45–54","Age-specific rate (per 100,000)","2018–2022",22,
"Qld","45–54","Age-specific rate (per 100,000)","2019–2023",21.8,
"Qld","45–54","Age-specific rate (per 100,000)","2020–2024",22.1,
"Qld","55–64","Age-specific rate (per 100,000)","2001–2005",12.3,
"Qld","55–64","Age-specific rate (per 100,000)","2002–2006",12.2,
"Qld","55–64","Age-specific rate (per 100,000)","2003–2007",11.6,
"Qld","55–64","Age-specific rate (per 100,000)","2004–2008",12.3,
"Qld","55–64","Age-specific rate (per 100,000)","2005–2009",12.9,
"Qld","55–64","Age-specific rate (per 100,000)","2006–2010",14,
"Qld","55–64","Age-specific rate (per 100,000)","2007–2011",14.2,
"Qld","55–64","Age-specific rate (per 100,000)","2008–2012",14.8,
"Qld","55–64","Age-specific rate (per 100,000)","2009–2013",15.1,
"Qld","55–64","Age-specific rate (per 100,000)","2010–2014",15.7,
"Qld","55–64","Age-specific rate (per 100,000)","2011–2015",15.9,
"Qld","55–64","Age-specific rate (per 100,000)","2012–2016",16.6,
"Qld","55–64","Age-specific rate (per 100,000)","2013–2017",17.6,
"Qld","55–64","Age-specific rate (per 100,000)","2014–2018",18.8,
"Qld","55–64","Age-specific rate (per 100,000)","2015–2019",19.4,
"Qld","55–64","Age-specific rate (per 100,000)","2016–2020",18.9,
"Qld","55–64","Age-specific rate (per 100,000)","2017–2021",19.2,
"Qld","55–64","Age-specific rate (per 100,000)","2018–2022",18.5,
"Qld","55–64","Age-specific rate (per 100,000)","2019–2023",17.6,
"Qld","55–64","Age-specific rate (per 100,000)","2020–2024",17.2,
"Qld","45–64","Age-specific rate (per 100,000)","2001–2005",14,
"Qld","45–64","Age-specific rate (per 100,000)","2002–2006",13.9,
"Qld","45–64","Age-specific rate (per 100,000)","2003–2007",13.8,
"Qld","45–64","Age-specific rate (per 100,000)","2004–2008",14.3,
"Qld","45–64","Age-specific rate (per 100,000)","2005–2009",15.1,
"Qld","45–64","Age-specific rate (per 100,000)","2006–2010",16,
"Qld","45–64","Age-specific rate (per 100,000)","2007–2011",16,
"Qld","45–64","Age-specific rate (per 100,000)","2008–2012",16.5,
"Qld","45–64","Age-specific rate (per 100,000)","2009–2013",17,
"Qld","45–64","Age-specific rate (per 100,000)","2010–2014",17.7,
"Qld","45–64","Age-specific rate (per 100,000)","2011–2015",18.2,
"Qld","45–64","Age-specific rate (per 100,000)","2012–2016",18.5,
"Qld","45–64","Age-specific rate (per 100,000)","2013–2017",19.9,
"Qld","45–64","Age-specific rate (per 100,000)","2014–2018",20.7,
"Qld","45–64","Age-specific rate (per 100,000)","2015–2019",20.9,
"Qld","45–64","Age-specific rate (per 100,000)","2016–2020",20.2,
"Qld","45–64","Age-specific rate (per 100,000)","2017–2021",20.8,
"Qld","45–64","Age-specific rate (per 100,000)","2018–2022",20.3,
"Qld","45–64","Age-specific rate (per 100,000)","2019–2023",19.8,
"Qld","45–64","Age-specific rate (per 100,000)","2020–2024",19.8,
"Qld","65+","Age-specific rate (per 100,000)","2001–2005",13.6,
"Qld","65+","Age-specific rate (per 100,000)","2002–2006",14.1,
"Qld","65+","Age-specific rate (per 100,000)","2003–2007",13.9,
"Qld","65+","Age-specific rate (per 100,000)","2004–2008",14.2,
"Qld","65+","Age-specific rate (per 100,000)","2005–2009",13.6,
"Qld","65+","Age-specific rate (per 100,000)","2006–2010",14,
"Qld","65+","Age-specific rate (per 100,000)","2007–2011",13.4,
"Qld","65+","Age-specific rate (per 100,000)","2008–2012",14,
"Qld","65+","Age-specific rate (per 100,000)","2009–2013",14.6,
"Qld","65+","Age-specific rate (per 100,000)","2010–2014",14.6,
"Qld","65+","Age-specific rate (per 100,000)","2011–2015",14.9,
"Qld","65+","Age-specific rate (per 100,000)","2012–2016",15.1,
"Qld","65+","Age-specific rate (per 100,000)","2013–2017",14.8,
"Qld","65+","Age-specific rate (per 100,000)","2014–2018",14.2,
"Qld","65+","Age-specific rate (per 100,000)","2015–2019",14.3,
"Qld","65+","Age-specific rate (per 100,000)","2016–2020",14.5,
"Qld","65+","Age-specific rate (per 100,000)","2017–2021",14.8,
"Qld","65+","Age-specific rate (per 100,000)","2018–2022",14.9,
"Qld","65+","Age-specific rate (per 100,000)","2019–2023",15.5,
"Qld","65+","Age-specific rate (per 100,000)","2020–2024",15.2,
"Qld","65–74","Age-specific rate (per 100,000)","2001–2005",12.7,
"Qld","65–74","Age-specific rate (per 100,000)","2002–2006",12.8,
"Qld","65–74","Age-specific rate (per 100,000)","2003–2007",12.3,
"Qld","65–74","Age-specific rate (per 100,000)","2004–2008",12.8,
"Qld","65–74","Age-specific rate (per 100,000)","2005–2009",12.2,
"Qld","65–74","Age-specific rate (per 100,000)","2006–2010",12.7,
"Qld","65–74","Age-specific rate (per 100,000)","2007–2011",11.6,
"Qld","65–74","Age-specific rate (per 100,000)","2008–2012",12.2,
"Qld","65–74","Age-specific rate (per 100,000)","2009–2013",12.4,
"Qld","65–74","Age-specific rate (per 100,000)","2010–2014",12.9,
"Qld","65–74","Age-specific rate (per 100,000)","2011–2015",13,
"Qld","65–74","Age-specific rate (per 100,000)","2012–2016",13.2,
"Qld","65–74","Age-specific rate (per 100,000)","2013–2017",13.4,
"Qld","65–74","Age-specific rate (per 100,000)","2014–2018",13,
"Qld","65–74","Age-specific rate (per 100,000)","2015–2019",12.5,
"Qld","65–74","Age-specific rate (per 100,000)","2016–2020",12.7,
"Qld","65–74","Age-specific rate (per 100,000)","2017–2021",12.8,
"Qld","65–74","Age-specific rate (per 100,000)","2018–2022",12.5,
"Qld","65–74","Age-specific rate (per 100,000)","2019–2023",13,
"Qld","65–74","Age-specific rate (per 100,000)","2020–2024",13.4,
"Qld","75–84","Age-specific rate (per 100,000)","2001–2005",14.4,
"Qld","75–84","Age-specific rate (per 100,000)","2002–2006",14.8,
"Qld","75–84","Age-specific rate (per 100,000)","2003–2007",15.3,
"Qld","75–84","Age-specific rate (per 100,000)","2004–2008",15,
"Qld","75–84","Age-specific rate (per 100,000)","2005–2009",14.3,
"Qld","75–84","Age-specific rate (per 100,000)","2006–2010",15.1,
"Qld","75–84","Age-specific rate (per 100,000)","2007–2011",14.5,
"Qld","75–84","Age-specific rate (per 100,000)","2008–2012",15,
"Qld","75–84","Age-specific rate (per 100,000)","2009–2013",16.1,
"Qld","75–84","Age-specific rate (per 100,000)","2010–2014",16.3,
"Qld","75–84","Age-specific rate (per 100,000)","2011–2015",16.8,
"Qld","75–84","Age-specific rate (per 100,000)","2012–2016",17.8,
"Qld","75–84","Age-specific rate (per 100,000)","2013–2017",16.4,
"Qld","75–84","Age-specific rate (per 100,000)","2014–2018",16.7,
"Qld","75–84","Age-specific rate (per 100,000)","2015–2019",17,
"Qld","75–84","Age-specific rate (per 100,000)","2016–2020",16.7,
"Qld","75–84","Age-specific rate (per 100,000)","2017–2021",16.6,
"Qld","75–84","Age-specific rate (per 100,000)","2018–2022",17.8,
"Qld","75–84","Age-specific rate (per 100,000)","2019–2023",17.6,
"Qld","75–84","Age-specific rate (per 100,000)","2020–2024",16.2,
"Qld","85+","Age-specific rate (per 100,000)","2001–2005",15.9,
"Qld","85+","Age-specific rate (per 100,000)","2002–2006",18.2,
"Qld","85+","Age-specific rate (per 100,000)","2003–2007",17.5,
"Qld","85+","Age-specific rate (per 100,000)","2004–2008",18.2,
"Qld","85+","Age-specific rate (per 100,000)","2005–2009",17.9,
"Qld","85+","Age-specific rate (per 100,000)","2006–2010",17.2,
"Qld","85+","Age-specific rate (per 100,000)","2007–2011",19,
"Qld","85+","Age-specific rate (per 100,000)","2008–2012",20,
"Qld","85+","Age-specific rate (per 100,000)","2009–2013",21.5,
"Qld","85+","Age-specific rate (per 100,000)","2010–2014",18.4,
"Qld","85+","Age-specific rate (per 100,000)","2011–2015",19.2,
"Qld","85+","Age-specific rate (per 100,000)","2012–2016",17.7,
"Qld","85+","Age-specific rate (per 100,000)","2013–2017",17.6,
"Qld","85+","Age-specific rate (per 100,000)","2014–2018",14.4,
"Qld","85+","Age-specific rate (per 100,000)","2015–2019",17.1,
"Qld","85+","Age-specific rate (per 100,000)","2016–2020",18.2,
"Qld","85+","Age-specific rate (per 100,000)","2017–2021",19.8,
"Qld","85+","Age-specific rate (per 100,000)","2018–2022",19.4,
"Qld","85+","Age-specific rate (per 100,000)","2019–2023",22.7,
"Qld","85+","Age-specific rate (per 100,000)","2020–2024",21.9,
"Qld","Total","Age-specific rate (per 100,000)","2001–2005",12.9,
"Qld","Total","Age-specific rate (per 100,000)","2002–2006",12.6,
"Qld","Total","Age-specific rate (per 100,000)","2003–2007",12.2,
"Qld","Total","Age-specific rate (per 100,000)","2004–2008",12.4,
"Qld","Total","Age-specific rate (per 100,000)","2005–2009",12.4,
"Qld","Total","Age-specific rate (per 100,000)","2006–2010",12.7,
"Qld","Total","Age-specific rate (per 100,000)","2007–2011",12.8,
"Qld","Total","Age-specific rate (per 100,000)","2008–2012",13.1,
"Qld","Total","Age-specific rate (per 100,000)","2009–2013",13.4,
"Qld","Total","Age-specific rate (per 100,000)","2010–2014",13.7,
"Qld","Total","Age-specific rate (per 100,000)","2011–2015",14.2,
"Qld","Total","Age-specific rate (per 100,000)","2012–2016",14.5,
"Qld","Total","Age-specific rate (per 100,000)","2013–2017",15.1,
"Qld","Total","Age-specific rate (per 100,000)","2014–2018",15.4,
"Qld","Total","Age-specific rate (per 100,000)","2015–2019",15.7,
"Qld","Total","Age-specific rate (per 100,000)","2016–2020",15.5,
"Qld","Total","Age-specific rate (per 100,000)","2017–2021",15.7,
"Qld","Total","Age-specific rate (per 100,000)","2018–2022",15.4,
"Qld","Total","Age-specific rate (per 100,000)","2019–2023",15.2,
"Qld","Total","Age-specific rate (per 100,000)","2020–2024",14.9,
"WA","0–14","Age-specific rate (per 100,000)","2001–2005",0.2,
"WA","0–14","Age-specific rate (per 100,000)","2002–2006",,"value"
"WA","0–14","Age-specific rate (per 100,000)","2003–2007",,"value"
"WA","0–14","Age-specific rate (per 100,000)","2004–2008",0.2,
"WA","0–14","Age-specific rate (per 100,000)","2005–2009",,"value"
"WA","0–14","Age-specific rate (per 100,000)","2006–2010",,"value"
"WA","0–14","Age-specific rate (per 100,000)","2007–2011",0.2,
"WA","0–14","Age-specific rate (per 100,000)","2008–2012",0.3,
"WA","0–14","Age-specific rate (per 100,000)","2009–2013",0.3,
"WA","0–14","Age-specific rate (per 100,000)","2010–2014",0.6,
"WA","0–14","Age-specific rate (per 100,000)","2011–2015",0.6,
"WA","0–14","Age-specific rate (per 100,000)","2012–2016",0.5,
"WA","0–14","Age-specific rate (per 100,000)","2013–2017",0.6,
"WA","0–14","Age-specific rate (per 100,000)","2014–2018",0.6,
"WA","0–14","Age-specific rate (per 100,000)","2015–2019",0.5,
"WA","0–14","Age-specific rate (per 100,000)","2016–2020",0.5,
"WA","0–14","Age-specific rate (per 100,000)","2017–2021",0.7,
"WA","0–14","Age-specific rate (per 100,000)","2018–2022",0.6,
"WA","0–14","Age-specific rate (per 100,000)","2019–2023",0.7,
"WA","0–14","Age-specific rate (per 100,000)","2020–2024",0.6,
"WA","5–14","Age-specific rate (per 100,000)","2001–2005",0.4,
"WA","5–14","Age-specific rate (per 100,000)","2002–2006",,"value"
"WA","5–14","Age-specific rate (per 100,000)","2003–2007",,"value"
"WA","5–14","Age-specific rate (per 100,000)","2004–2008",0.4,
"WA","5–14","Age-specific rate (per 100,000)","2005–2009",,"value"
"WA","5–14","Age-specific rate (per 100,000)","2006–2010",,"value"
"WA","5–14","Age-specific rate (per 100,000)","2007–2011",0.3,
"WA","5–14","Age-specific rate (per 100,000)","2008–2012",0.5,
"WA","5–14","Age-specific rate (per 100,000)","2009–2013",0.5,
"WA","5–14","Age-specific rate (per 100,000)","2010–2014",0.9,
"WA","5–14","Age-specific rate (per 100,000)","2011–2015",0.9,
"WA","5–14","Age-specific rate (per 100,000)","2012–2016",0.8,
"WA","5–14","Age-specific rate (per 100,000)","2013–2017",0.9,
"WA","5–14","Age-specific rate (per 100,000)","2014–2018",0.9,
"WA","5–14","Age-specific rate (per 100,000)","2015–2019",0.7,
"WA","5–14","Age-specific rate (per 100,000)","2016–2020",0.8,
"WA","5–14","Age-specific rate (per 100,000)","2017–2021",1.1,
"WA","5–14","Age-specific rate (per 100,000)","2018–2022",1,
"WA","5–14","Age-specific rate (per 100,000)","2019–2023",1.1,
"WA","5–14","Age-specific rate (per 100,000)","2020–2024",0.9,
"WA","0–24","Age-specific rate (per 100,000)","2001–2005",5.5,
"WA","0–24","Age-specific rate (per 100,000)","2002–2006",5.4,
"WA","0–24","Age-specific rate (per 100,000)","2003–2007",5.3,
"WA","0–24","Age-specific rate (per 100,000)","2004–2008",5.4,
"WA","0–24","Age-specific rate (per 100,000)","2005–2009",5.9,
"WA","0–24","Age-specific rate (per 100,000)","2006–2010",5.9,
"WA","0–24","Age-specific rate (per 100,000)","2007–2011",6.1,
"WA","0–24","Age-specific rate (per 100,000)","2008–2012",6.3,
"WA","0–24","Age-specific rate (per 100,000)","2009–2013",6.4,
"WA","0–24","Age-specific rate (per 100,000)","2010–2014",6.5,
"WA","0–24","Age-specific rate (per 100,000)","2011–2015",6.9,
"WA","0–24","Age-specific rate (per 100,000)","2012–2016",6.9,
"WA","0–24","Age-specific rate (per 100,000)","2013–2017",6.8,
"WA","0–24","Age-specific rate (per 100,000)","2014–2018",6.7,
"WA","0–24","Age-specific rate (per 100,000)","2015–2019",6.6,
"WA","0–24","Age-specific rate (per 100,000)","2016–2020",6.6,
"WA","0–24","Age-specific rate (per 100,000)","2017–2021",6.5,
"WA","0–24","Age-specific rate (per 100,000)","2018–2022",6.1,
"WA","0–24","Age-specific rate (per 100,000)","2019–2023",6.2,
"WA","0–24","Age-specific rate (per 100,000)","2020–2024",5.8,
"WA","5–24","Age-specific rate (per 100,000)","2001–2005",6.8,
"WA","5–24","Age-specific rate (per 100,000)","2002–2006",6.6,
"WA","5–24","Age-specific rate (per 100,000)","2003–2007",6.5,
"WA","5–24","Age-specific rate (per 100,000)","2004–2008",6.6,
"WA","5–24","Age-specific rate (per 100,000)","2005–2009",7.2,
"WA","5–24","Age-specific rate (per 100,000)","2006–2010",7.3,
"WA","5–24","Age-specific rate (per 100,000)","2007–2011",7.6,
"WA","5–24","Age-specific rate (per 100,000)","2008–2012",7.9,
"WA","5–24","Age-specific rate (per 100,000)","2009–2013",8,
"WA","5–24","Age-specific rate (per 100,000)","2010–2014",8.2,
"WA","5–24","Age-specific rate (per 100,000)","2011–2015",8.7,
"WA","5–24","Age-specific rate (per 100,000)","2012–2016",8.7,
"WA","5–24","Age-specific rate (per 100,000)","2013–2017",8.6,
"WA","5–24","Age-specific rate (per 100,000)","2014–2018",8.5,
"WA","5–24","Age-specific rate (per 100,000)","2015–2019",8.3,
"WA","5–24","Age-specific rate (per 100,000)","2016–2020",8.3,
"WA","5–24","Age-specific rate (per 100,000)","2017–2021",8.1,
"WA","5–24","Age-specific rate (per 100,000)","2018–2022",7.6,
"WA","5–24","Age-specific rate (per 100,000)","2019–2023",7.7,
"WA","5–24","Age-specific rate (per 100,000)","2020–2024",7.2,
"WA","15–24","Age-specific rate (per 100,000)","2001–2005",13.1,
"WA","15–24","Age-specific rate (per 100,000)","2002–2006",12.7,
"WA","15–24","Age-specific rate (per 100,000)","2003–2007",12.4,
"WA","15–24","Age-specific rate (per 100,000)","2004–2008",12.5,
"WA","15–24","Age-specific rate (per 100,000)","2005–2009",13.7,
"WA","15–24","Age-specific rate (per 100,000)","2006–2010",13.7,
"WA","15–24","Age-specific rate (per 100,000)","2007–2011",14,
"WA","15–24","Age-specific rate (per 100,000)","2008–2012",14.5,
"WA","15–24","Age-specific rate (per 100,000)","2009–2013",14.7,
"WA","15–24","Age-specific rate (per 100,000)","2010–2014",14.8,
"WA","15–24","Age-specific rate (per 100,000)","2011–2015",15.8,
"WA","15–24","Age-specific rate (per 100,000)","2012–2016",16,
"WA","15–24","Age-specific rate (per 100,000)","2013–2017",15.9,
"WA","15–24","Age-specific rate (per 100,000)","2014–2018",16,
"WA","15–24","Age-specific rate (per 100,000)","2015–2019",16,
"WA","15–24","Age-specific rate (per 100,000)","2016–2020",16.2,
"WA","15–24","Age-specific rate (per 100,000)","2017–2021",15.6,
"WA","15–24","Age-specific rate (per 100,000)","2018–2022",14.8,
"WA","15–24","Age-specific rate (per 100,000)","2019–2023",15,
"WA","15–24","Age-specific rate (per 100,000)","2020–2024",14.1,
"WA","25–34","Age-specific rate (per 100,000)","2001–2005",20.1,
"WA","25–34","Age-specific rate (per 100,000)","2002–2006",18.3,
"WA","25–34","Age-specific rate (per 100,000)","2003–2007",17.5,
"WA","25–34","Age-specific rate (per 100,000)","2004–2008",18.2,
"WA","25–34","Age-specific rate (per 100,000)","2005–2009",18.5,
"WA","25–34","Age-specific rate (per 100,000)","2006–2010",18.4,
"WA","25–34","Age-specific rate (per 100,000)","2007–2011",17.9,
"WA","25–34","Age-specific rate (per 100,000)","2008–2012",17.9,
"WA","25–34","Age-specific rate (per 100,000)","2009–2013",17,
"WA","25–34","Age-specific rate (per 100,000)","2010–2014",17.1,
"WA","25–34","Age-specific rate (per 100,000)","2011–2015",17.5,
"WA","25–34","Age-specific rate (per 100,000)","2012–2016",18.8,
"WA","25–34","Age-specific rate (per 100,000)","2013–2017",19.7,
"WA","25–34","Age-specific rate (per 100,000)","2014–2018",20.7,
"WA","25–34","Age-specific rate (per 100,000)","2015–2019",22,
"WA","25–34","Age-specific rate (per 100,000)","2016–2020",22.6,
"WA","25–34","Age-specific rate (per 100,000)","2017–2021",21.8,
"WA","25–34","Age-specific rate (per 100,000)","2018–2022",21.4,
"WA","25–34","Age-specific rate (per 100,000)","2019–2023",22,
"WA","25–34","Age-specific rate (per 100,000)","2020–2024",21.4,
"WA","35–44","Age-specific rate (per 100,000)","2001–2005",16.9,
"WA","35–44","Age-specific rate (per 100,000)","2002–2006",15.9,
"WA","35–44","Age-specific rate (per 100,000)","2003–2007",15.8,
"WA","35–44","Age-specific rate (per 100,000)","2004–2008",16.6,
"WA","35–44","Age-specific rate (per 100,000)","2005–2009",17,
"WA","35–44","Age-specific rate (per 100,000)","2006–2010",18.8,
"WA","35–44","Age-specific rate (per 100,000)","2007–2011",19,
"WA","35–44","Age-specific rate (per 100,000)","2008–2012",20.4,
"WA","35–44","Age-specific rate (per 100,000)","2009–2013",20.6,
"WA","35–44","Age-specific rate (per 100,000)","2010–2014",21.5,
"WA","35–44","Age-specific rate (per 100,000)","2011–2015",20.7,
"WA","35–44","Age-specific rate (per 100,000)","2012–2016",20.8,
"WA","35–44","Age-specific rate (per 100,000)","2013–2017",21.7,
"WA","35–44","Age-specific rate (per 100,000)","2014–2018",21.1,
"WA","35–44","Age-specific rate (per 100,000)","2015–2019",21.4,
"WA","35–44","Age-specific rate (per 100,000)","2016–2020",20.8,
"WA","35–44","Age-specific rate (per 100,000)","2017–2021",21.3,
"WA","35–44","Age-specific rate (per 100,000)","2018–2022",20,
"WA","35–44","Age-specific rate (per 100,000)","2019–2023",20.8,
"WA","35–44","Age-specific rate (per 100,000)","2020–2024",20.4,
"WA","45–54","Age-specific rate (per 100,000)","2001–2005",13.7,
"WA","45–54","Age-specific rate (per 100,000)","2002–2006",13.6,
"WA","45–54","Age-specific rate (per 100,000)","2003–2007",14.2,
"WA","45–54","Age-specific rate (per 100,000)","2004–2008",15.3,
"WA","45–54","Age-specific rate (per 100,000)","2005–2009",16.5,
"WA","45–54","Age-specific rate (per 100,000)","2006–2010",17.4,
"WA","45–54","Age-specific rate (per 100,000)","2007–2011",18.4,
"WA","45–54","Age-specific rate (per 100,000)","2008–2012",18.7,
"WA","45–54","Age-specific rate (per 100,000)","2009–2013",18.9,
"WA","45–54","Age-specific rate (per 100,000)","2010–2014",18.8,
"WA","45–54","Age-specific rate (per 100,000)","2011–2015",20.7,
"WA","45–54","Age-specific rate (per 100,000)","2012–2016",21,
"WA","45–54","Age-specific rate (per 100,000)","2013–2017",21.8,
"WA","45–54","Age-specific rate (per 100,000)","2014–2018",22.4,
"WA","45–54","Age-specific rate (per 100,000)","2015–2019",22.5,
"WA","45–54","Age-specific rate (per 100,000)","2016–2020",21,
"WA","45–54","Age-specific rate (per 100,000)","2017–2021",20.4,
"WA","45–54","Age-specific rate (per 100,000)","2018–2022",19.9,
"WA","45–54","Age-specific rate (per 100,000)","2019–2023",19.6,
"WA","45–54","Age-specific rate (per 100,000)","2020–2024",19.5,
"WA","55–64","Age-specific rate (per 100,000)","2001–2005",10,
"WA","55–64","Age-specific rate (per 100,000)","2002–2006",10.7,
"WA","55–64","Age-specific rate (per 100,000)","2003–2007",11.7,
"WA","55–64","Age-specific rate (per 100,000)","2004–2008",12.1,
"WA","55–64","Age-specific rate (per 100,000)","2005–2009",13,
"WA","55–64","Age-specific rate (per 100,000)","2006–2010",14,
"WA","55–64","Age-specific rate (per 100,000)","2007–2011",14.2,
"WA","55–64","Age-specific rate (per 100,000)","2008–2012",14.9,
"WA","55–64","Age-specific rate (per 100,000)","2009–2013",14.8,
"WA","55–64","Age-specific rate (per 100,000)","2010–2014",15.2,
"WA","55–64","Age-specific rate (per 100,000)","2011–2015",15.1,
"WA","55–64","Age-specific rate (per 100,000)","2012–2016",15,
"WA","55–64","Age-specific rate (per 100,000)","2013–2017",14.9,
"WA","55–64","Age-specific rate (per 100,000)","2014–2018",16,
"WA","55–64","Age-specific rate (per 100,000)","2015–2019",16.7,
"WA","55–64","Age-specific rate (per 100,000)","2016–2020",16.9,
"WA","55–64","Age-specific rate (per 100,000)","2017–2021",17.4,
"WA","55–64","Age-specific rate (per 100,000)","2018–2022",17.1,
"WA","55–64","Age-specific rate (per 100,000)","2019–2023",17.1,
"WA","55–64","Age-specific rate (per 100,000)","2020–2024",17.3,
"WA","45–64","Age-specific rate (per 100,000)","2001–2005",12.2,
"WA","45–64","Age-specific rate (per 100,000)","2002–2006",12.4,
"WA","45–64","Age-specific rate (per 100,000)","2003–2007",13.2,
"WA","45–64","Age-specific rate (per 100,000)","2004–2008",14,
"WA","45–64","Age-specific rate (per 100,000)","2005–2009",15,
"WA","45–64","Age-specific rate (per 100,000)","2006–2010",15.9,
"WA","45–64","Age-specific rate (per 100,000)","2007–2011",16.6,
"WA","45–64","Age-specific rate (per 100,000)","2008–2012",17,
"WA","45–64","Age-specific rate (per 100,000)","2009–2013",17.1,
"WA","45–64","Age-specific rate (per 100,000)","2010–2014",17.2,
"WA","45–64","Age-specific rate (per 100,000)","2011–2015",18.2,
"WA","45–64","Age-specific rate (per 100,000)","2012–2016",18.3,
"WA","45–64","Age-specific rate (per 100,000)","2013–2017",18.6,
"WA","45–64","Age-specific rate (per 100,000)","2014–2018",19.5,
"WA","45–64","Age-specific rate (per 100,000)","2015–2019",19.8,
"WA","45–64","Age-specific rate (per 100,000)","2016–2020",19.1,
"WA","45–64","Age-specific rate (per 100,000)","2017–2021",19,
"WA","45–64","Age-specific rate (per 100,000)","2018–2022",18.6,
"WA","45–64","Age-specific rate (per 100,000)","2019–2023",18.4,
"WA","45–64","Age-specific rate (per 100,000)","2020–2024",18.4,
"WA","65+","Age-specific rate (per 100,000)","2001–2005",11.4,
"WA","65+","Age-specific rate (per 100,000)","2002–2006",11.4,
"WA","65+","Age-specific rate (per 100,000)","2003–2007",11.5,
"WA","65+","Age-specific rate (per 100,000)","2004–2008",12,
"WA","65+","Age-specific rate (per 100,000)","2005–2009",11.6,
"WA","65+","Age-specific rate (per 100,000)","2006–2010",12.9,
"WA","65+","Age-specific rate (per 100,000)","2007–2011",12.7,
"WA","65+","Age-specific rate (per 100,000)","2008–2012",14.2,
"WA","65+","Age-specific rate (per 100,000)","2009–2013",14.1,
"WA","65+","Age-specific rate (per 100,000)","2010–2014",14.6,
"WA","65+","Age-specific rate (per 100,000)","2011–2015",15.1,
"WA","65+","Age-specific rate (per 100,000)","2012–2016",15.6,
"WA","65+","Age-specific rate (per 100,000)","2013–2017",15,
"WA","65+","Age-specific rate (per 100,000)","2014–2018",15.4,
"WA","65+","Age-specific rate (per 100,000)","2015–2019",14.7,
"WA","65+","Age-specific rate (per 100,000)","2016–2020",13.5,
"WA","65+","Age-specific rate (per 100,000)","2017–2021",13.8,
"WA","65+","Age-specific rate (per 100,000)","2018–2022",13.6,
"WA","65+","Age-specific rate (per 100,000)","2019–2023",13.3,
"WA","65+","Age-specific rate (per 100,000)","2020–2024",13.5,
"WA","65–74","Age-specific rate (per 100,000)","2001–2005",9,
"WA","65–74","Age-specific rate (per 100,000)","2002–2006",9.6,
"WA","65–74","Age-specific rate (per 100,000)","2003–2007",9.3,
"WA","65–74","Age-specific rate (per 100,000)","2004–2008",10.9,
"WA","65–74","Age-specific rate (per 100,000)","2005–2009",10.1,
"WA","65–74","Age-specific rate (per 100,000)","2006–2010",11.2,
"WA","65–74","Age-specific rate (per 100,000)","2007–2011",11.1,
"WA","65–74","Age-specific rate (per 100,000)","2008–2012",12.1,
"WA","65–74","Age-specific rate (per 100,000)","2009–2013",11.8,
"WA","65–74","Age-specific rate (per 100,000)","2010–2014",12.2,
"WA","65–74","Age-specific rate (per 100,000)","2011–2015",12.8,
"WA","65–74","Age-specific rate (per 100,000)","2012–2016",13.1,
"WA","65–74","Age-specific rate (per 100,000)","2013–2017",13.6,
"WA","65–74","Age-specific rate (per 100,000)","2014–2018",13.2,
"WA","65–74","Age-specific rate (per 100,000)","2015–2019",12.8,
"WA","65–74","Age-specific rate (per 100,000)","2016–2020",11,
"WA","65–74","Age-specific rate (per 100,000)","2017–2021",11.1,
"WA","65–74","Age-specific rate (per 100,000)","2018–2022",11.1,
"WA","65–74","Age-specific rate (per 100,000)","2019–2023",11.4,
"WA","65–74","Age-specific rate (per 100,000)","2020–2024",12.2,
"WA","75–84","Age-specific rate (per 100,000)","2001–2005",13.2,
"WA","75–84","Age-specific rate (per 100,000)","2002–2006",12.2,
"WA","75–84","Age-specific rate (per 100,000)","2003–2007",12.9,
"WA","75–84","Age-specific rate (per 100,000)","2004–2008",11.9,
"WA","75–84","Age-specific rate (per 100,000)","2005–2009",11.4,
"WA","75–84","Age-specific rate (per 100,000)","2006–2010",14.5,
"WA","75–84","Age-specific rate (per 100,000)","2007–2011",14.5,
"WA","75–84","Age-specific rate (per 100,000)","2008–2012",16,
"WA","75–84","Age-specific rate (per 100,000)","2009–2013",16.5,
"WA","75–84","Age-specific rate (per 100,000)","2010–2014",17.9,
"WA","75–84","Age-specific rate (per 100,000)","2011–2015",16.6,
"WA","75–84","Age-specific rate (per 100,000)","2012–2016",18,
"WA","75–84","Age-specific rate (per 100,000)","2013–2017",15.5,
"WA","75–84","Age-specific rate (per 100,000)","2014–2018",17,
"WA","75–84","Age-specific rate (per 100,000)","2015–2019",15.9,
"WA","75–84","Age-specific rate (per 100,000)","2016–2020",15.8,
"WA","75–84","Age-specific rate (per 100,000)","2017–2021",15.3,
"WA","75–84","Age-specific rate (per 100,000)","2018–2022",15.3,
"WA","75–84","Age-specific rate (per 100,000)","2019–2023",14,
"WA","75–84","Age-specific rate (per 100,000)","2020–2024",13.3,
"WA","85+","Age-specific rate (per 100,000)","2001–2005",18.4,
"WA","85+","Age-specific rate (per 100,000)","2002–2006",18,
"WA","85+","Age-specific rate (per 100,000)","2003–2007",17.7,
"WA","85+","Age-specific rate (per 100,000)","2004–2008",17.5,
"WA","85+","Age-specific rate (per 100,000)","2005–2009",19.4,
"WA","85+","Age-specific rate (per 100,000)","2006–2010",15.9,
"WA","85+","Age-specific rate (per 100,000)","2007–2011",15.2,
"WA","85+","Age-specific rate (per 100,000)","2008–2012",18.8,
"WA","85+","Age-specific rate (per 100,000)","2009–2013",17.9,
"WA","85+","Age-specific rate (per 100,000)","2010–2014",17.7,
"WA","85+","Age-specific rate (per 100,000)","2011–2015",22.2,
"WA","85+","Age-specific rate (per 100,000)","2012–2016",21.4,
"WA","85+","Age-specific rate (per 100,000)","2013–2017",20.6,
"WA","85+","Age-specific rate (per 100,000)","2014–2018",21.5,
"WA","85+","Age-specific rate (per 100,000)","2015–2019",21.4,
"WA","85+","Age-specific rate (per 100,000)","2016–2020",20.2,
"WA","85+","Age-specific rate (per 100,000)","2017–2021",23.5,
"WA","85+","Age-specific rate (per 100,000)","2018–2022",22,
"WA","85+","Age-specific rate (per 100,000)","2019–2023",21,
"WA","85+","Age-specific rate (per 100,000)","2020–2024",20.8,
"WA","Total","Age-specific rate (per 100,000)","2001–2005",11.6,
"WA","Total","Age-specific rate (per 100,000)","2002–2006",11.2,
"WA","Total","Age-specific rate (per 100,000)","2003–2007",11.3,
"WA","Total","Age-specific rate (per 100,000)","2004–2008",11.8,
"WA","Total","Age-specific rate (per 100,000)","2005–2009",12.3,
"WA","Total","Age-specific rate (per 100,000)","2006–2010",12.9,
"WA","Total","Age-specific rate (per 100,000)","2007–2011",13.1,
"WA","Total","Age-specific rate (per 100,000)","2008–2012",13.7,
"WA","Total","Age-specific rate (per 100,000)","2009–2013",13.6,
"WA","Total","Age-specific rate (per 100,000)","2010–2014",14,
"WA","Total","Age-specific rate (per 100,000)","2011–2015",14.3,
"WA","Total","Age-specific rate (per 100,000)","2012–2016",14.7,
"WA","Total","Age-specific rate (per 100,000)","2013–2017",14.9,
"WA","Total","Age-specific rate (per 100,000)","2014–2018",15.2,
"WA","Total","Age-specific rate (per 100,000)","2015–2019",15.4,
"WA","Total","Age-specific rate (per 100,000)","2016–2020",15.1,
"WA","Total","Age-specific rate (per 100,000)","2017–2021",15,
"WA","Total","Age-specific rate (per 100,000)","2018–2022",14.5,
"WA","Total","Age-specific rate (per 100,000)","2019–2023",14.6,
"WA","Total","Age-specific rate (per 100,000)","2020–2024",14.4,
"SA","0–14","Age-specific rate (per 100,000)","2001–2005",,"value"
"SA","0–14","Age-specific rate (per 100,000)","2002–2006",,"value"
"SA","0–14","Age-specific rate (per 100,000)","2003–2007",,"value"
"SA","0–14","Age-specific rate (per 100,000)","2004–2008",,"value"
"SA","0–14","Age-specific rate (per 100,000)","2005–2009",,
"SA","0–14","Age-specific rate (per 100,000)","2006–2010",,
"SA","0–14","Age-specific rate (per 100,000)","2007–2011",,
"SA","0–14","Age-specific rate (per 100,000)","2008–2012",,"value"
"SA","0–14","Age-specific rate (per 100,000)","2009–2013",,"value"
"SA","0–14","Age-specific rate (per 100,000)","2010–2014",,"value"
"SA","0–14","Age-specific rate (per 100,000)","2011–2015",,"value"
"SA","0–14","Age-specific rate (per 100,000)","2012–2016",0.3,
"SA","0–14","Age-specific rate (per 100,000)","2013–2017",0.3,
"SA","0–14","Age-specific rate (per 100,000)","2014–2018",0.4,
"SA","0–14","Age-specific rate (per 100,000)","2015–2019",0.5,
"SA","0–14","Age-specific rate (per 100,000)","2016–2020",0.6,
"SA","0–14","Age-specific rate (per 100,000)","2017–2021",0.6,
"SA","0–14","Age-specific rate (per 100,000)","2018–2022",0.5,
"SA","0–14","Age-specific rate (per 100,000)","2019–2023",0.5,
"SA","0–14","Age-specific rate (per 100,000)","2020–2024",0.4,
"SA","5–14","Age-specific rate (per 100,000)","2001–2005",,"value"
"SA","5–14","Age-specific rate (per 100,000)","2002–2006",,"value"
"SA","5–14","Age-specific rate (per 100,000)","2003–2007",,"value"
"SA","5–14","Age-specific rate (per 100,000)","2004–2008",,"value"
"SA","5–14","Age-specific rate (per 100,000)","2005–2009",,
"SA","5–14","Age-specific rate (per 100,000)","2006–2010",,
"SA","5–14","Age-specific rate (per 100,000)","2007–2011",,
"SA","5–14","Age-specific rate (per 100,000)","2008–2012",,"value"
"SA","5–14","Age-specific rate (per 100,000)","2009–2013",,"value"
"SA","5–14","Age-specific rate (per 100,000)","2010–2014",,"value"
"SA","5–14","Age-specific rate (per 100,000)","2011–2015",,"value"
"SA","5–14","Age-specific rate (per 100,000)","2012–2016",0.5,
"SA","5–14","Age-specific rate (per 100,000)","2013–2017",0.5,
"SA","5–14","Age-specific rate (per 100,000)","2014–2018",0.6,
"SA","5–14","Age-specific rate (per 100,000)","2015–2019",0.7,
"SA","5–14","Age-specific rate (per 100,000)","2016–2020",0.9,
"SA","5–14","Age-specific rate (per 100,000)","2017–2021",0.9,
"SA","5–14","Age-specific rate (per 100,000)","2018–2022",0.8,
"SA","5–14","Age-specific rate (per 100,000)","2019–2023",0.7,
"SA","5–14","Age-specific rate (per 100,000)","2020–2024",0.7,
"SA","0–24","Age-specific rate (per 100,000)","2001–2005",5.8,
"SA","0–24","Age-specific rate (per 100,000)","2002–2006",5.5,
"SA","0–24","Age-specific rate (per 100,000)","2003–2007",5.3,
"SA","0–24","Age-specific rate (per 100,000)","2004–2008",5.1,
"SA","0–24","Age-specific rate (per 100,000)","2005–2009",4.9,
"SA","0–24","Age-specific rate (per 100,000)","2006–2010",4.3,
"SA","0–24","Age-specific rate (per 100,000)","2007–2011",4.7,
"SA","0–24","Age-specific rate (per 100,000)","2008–2012",4.8,
"SA","0–24","Age-specific rate (per 100,000)","2009–2013",5.1,
"SA","0–24","Age-specific rate (per 100,000)","2010–2014",5.2,
"SA","0–24","Age-specific rate (per 100,000)","2011–2015",5.1,
"SA","0–24","Age-specific rate (per 100,000)","2012–2016",4.7,
"SA","0–24","Age-specific rate (per 100,000)","2013–2017",4.9,
"SA","0–24","Age-specific rate (per 100,000)","2014–2018",4.8,
"SA","0–24","Age-specific rate (per 100,000)","2015–2019",5.1,
"SA","0–24","Age-specific rate (per 100,000)","2016–2020",5.5,
"SA","0–24","Age-specific rate (per 100,000)","2017–2021",5.7,
"SA","0–24","Age-specific rate (per 100,000)","2018–2022",5.8,
"SA","0–24","Age-specific rate (per 100,000)","2019–2023",5.8,
"SA","0–24","Age-specific rate (per 100,000)","2020–2024",5.3,
"SA","5–24","Age-specific rate (per 100,000)","2001–2005",7.1,
"SA","5–24","Age-specific rate (per 100,000)","2002–2006",6.8,
"SA","5–24","Age-specific rate (per 100,000)","2003–2007",6.5,
"SA","5–24","Age-specific rate (per 100,000)","2004–2008",6.2,
"SA","5–24","Age-specific rate (per 100,000)","2005–2009",6,
"SA","5–24","Age-specific rate (per 100,000)","2006–2010",5.3,
"SA","5–24","Age-specific rate (per 100,000)","2007–2011",5.8,
"SA","5–24","Age-specific rate (per 100,000)","2008–2012",5.9,
"SA","5–24","Age-specific rate (per 100,000)","2009–2013",6.3,
"SA","5–24","Age-specific rate (per 100,000)","2010–2014",6.5,
"SA","5–24","Age-specific rate (per 100,000)","2011–2015",6.4,
"SA","5–24","Age-specific rate (per 100,000)","2012–2016",5.8,
"SA","5–24","Age-specific rate (per 100,000)","2013–2017",6.1,
"SA","5–24","Age-specific rate (per 100,000)","2014–2018",6,
"SA","5–24","Age-specific rate (per 100,000)","2015–2019",6.3,
"SA","5–24","Age-specific rate (per 100,000)","2016–2020",6.8,
"SA","5–24","Age-specific rate (per 100,000)","2017–2021",7.1,
"SA","5–24","Age-specific rate (per 100,000)","2018–2022",7.2,
"SA","5–24","Age-specific rate (per 100,000)","2019–2023",7.1,
"SA","5–24","Age-specific rate (per 100,000)","2020–2024",6.6,
"SA","15–24","Age-specific rate (per 100,000)","2001–2005",14,
"SA","15–24","Age-specific rate (per 100,000)","2002–2006",13.2,
"SA","15–24","Age-specific rate (per 100,000)","2003–2007",12.4,
"SA","15–24","Age-specific rate (per 100,000)","2004–2008",11.7,
"SA","15–24","Age-specific rate (per 100,000)","2005–2009",11.4,
"SA","15–24","Age-specific rate (per 100,000)","2006–2010",9.9,
"SA","15–24","Age-specific rate (per 100,000)","2007–2011",10.7,
"SA","15–24","Age-specific rate (per 100,000)","2008–2012",10.8,
"SA","15–24","Age-specific rate (per 100,000)","2009–2013",11.5,
"SA","15–24","Age-specific rate (per 100,000)","2010–2014",11.9,
"SA","15–24","Age-specific rate (per 100,000)","2011–2015",11.7,
"SA","15–24","Age-specific rate (per 100,000)","2012–2016",10.5,
"SA","15–24","Age-specific rate (per 100,000)","2013–2017",11.2,
"SA","15–24","Age-specific rate (per 100,000)","2014–2018",10.9,
"SA","15–24","Age-specific rate (per 100,000)","2015–2019",11.6,
"SA","15–24","Age-specific rate (per 100,000)","2016–2020",12.5,
"SA","15–24","Age-specific rate (per 100,000)","2017–2021",13,
"SA","15–24","Age-specific rate (per 100,000)","2018–2022",13.4,
"SA","15–24","Age-specific rate (per 100,000)","2019–2023",13.4,
"SA","15–24","Age-specific rate (per 100,000)","2020–2024",12.4,
"SA","25–34","Age-specific rate (per 100,000)","2001–2005",19.6,
"SA","25–34","Age-specific rate (per 100,000)","2002–2006",18.9,
"SA","25–34","Age-specific rate (per 100,000)","2003–2007",20.1,
"SA","25–34","Age-specific rate (per 100,000)","2004–2008",18.9,
"SA","25–34","Age-specific rate (per 100,000)","2005–2009",18.8,
"SA","25–34","Age-specific rate (per 100,000)","2006–2010",16.1,
"SA","25–34","Age-specific rate (per 100,000)","2007–2011",16.6,
"SA","25–34","Age-specific rate (per 100,000)","2008–2012",15.3,
"SA","25–34","Age-specific rate (per 100,000)","2009–2013",15.7,
"SA","25–34","Age-specific rate (per 100,000)","2010–2014",15.7,
"SA","25–34","Age-specific rate (per 100,000)","2011–2015",17.2,
"SA","25–34","Age-specific rate (per 100,000)","2012–2016",17.2,
"SA","25–34","Age-specific rate (per 100,000)","2013–2017",18.1,
"SA","25–34","Age-specific rate (per 100,000)","2014–2018",17.7,
"SA","25–34","Age-specific rate (per 100,000)","2015–2019",17.6,
"SA","25–34","Age-specific rate (per 100,000)","2016–2020",17.4,
"SA","25–34","Age-specific rate (per 100,000)","2017–2021",16.6,
"SA","25–34","Age-specific rate (per 100,000)","2018–2022",16.9,
"SA","25–34","Age-specific rate (per 100,000)","2019–2023",16.5,
"SA","25–34","Age-specific rate (per 100,000)","2020–2024",16.5,
"SA","35–44","Age-specific rate (per 100,000)","2001–2005",20.7,
"SA","35–44","Age-specific rate (per 100,000)","2002–2006",19,
"SA","35–44","Age-specific rate (per 100,000)","2003–2007",19.9,
"SA","35–44","Age-specific rate (per 100,000)","2004–2008",19.7,
"SA","35–44","Age-specific rate (per 100,000)","2005–2009",20.7,
"SA","35–44","Age-specific rate (per 100,000)","2006–2010",20.8,
"SA","35–44","Age-specific rate (per 100,000)","2007–2011",20.8,
"SA","35–44","Age-specific rate (per 100,000)","2008–2012",20.1,
"SA","35–44","Age-specific rate (per 100,000)","2009–2013",19.8,
"SA","35–44","Age-specific rate (per 100,000)","2010–2014",21,
"SA","35–44","Age-specific rate (per 100,000)","2011–2015",20.2,
"SA","35–44","Age-specific rate (per 100,000)","2012–2016",20.8,
"SA","35–44","Age-specific rate (per 100,000)","2013–2017",20.8,
"SA","35–44","Age-specific rate (per 100,000)","2014–2018",20.6,
"SA","35–44","Age-specific rate (per 100,000)","2015–2019",19,
"SA","35–44","Age-specific rate (per 100,000)","2016–2020",18.7,
"SA","35–44","Age-specific rate (per 100,000)","2017–2021",18.4,
"SA","35–44","Age-specific rate (per 100,000)","2018–2022",18.7,
"SA","35–44","Age-specific rate (per 100,000)","2019–2023",18.8,
"SA","35–44","Age-specific rate (per 100,000)","2020–2024",18,
"SA","45–54","Age-specific rate (per 100,000)","2001–2005",17,
"SA","45–54","Age-specific rate (per 100,000)","2002–2006",16.1,
"SA","45–54","Age-specific rate (per 100,000)","2003–2007",16,
"SA","45–54","Age-specific rate (per 100,000)","2004–2008",15.9,
"SA","45–54","Age-specific rate (per 100,000)","2005–2009",15.7,
"SA","45–54","Age-specific rate (per 100,000)","2006–2010",15.1,
"SA","45–54","Age-specific rate (per 100,000)","2007–2011",15.8,
"SA","45–54","Age-specific rate (per 100,000)","2008–2012",16.9,
"SA","45–54","Age-specific rate (per 100,000)","2009–2013",17,
"SA","45–54","Age-specific rate (per 100,000)","2010–2014",18.4,
"SA","45–54","Age-specific rate (per 100,000)","2011–2015",19.7,
"SA","45–54","Age-specific rate (per 100,000)","2012–2016",20.4,
"SA","45–54","Age-specific rate (per 100,000)","2013–2017",20,
"SA","45–54","Age-specific rate (per 100,000)","2014–2018",20.4,
"SA","45–54","Age-specific rate (per 100,000)","2015–2019",20.2,
"SA","45–54","Age-specific rate (per 100,000)","2016–2020",20,
"SA","45–54","Age-specific rate (per 100,000)","2017–2021",19.1,
"SA","45–54","Age-specific rate (per 100,000)","2018–2022",19,
"SA","45–54","Age-specific rate (per 100,000)","2019–2023",19.6,
"SA","45–54","Age-specific rate (per 100,000)","2020–2024",19.4,
"SA","55–64","Age-specific rate (per 100,000)","2001–2005",10.3,
"SA","55–64","Age-specific rate (per 100,000)","2002–2006",10.9,
"SA","55–64","Age-specific rate (per 100,000)","2003–2007",12,
"SA","55–64","Age-specific rate (per 100,000)","2004–2008",12.8,
"SA","55–64","Age-specific rate (per 100,000)","2005–2009",12.9,
"SA","55–64","Age-specific rate (per 100,000)","2006–2010",13.5,
"SA","55–64","Age-specific rate (per 100,000)","2007–2011",14.4,
"SA","55–64","Age-specific rate (per 100,000)","2008–2012",13.2,
"SA","55–64","Age-specific rate (per 100,000)","2009–2013",13.6,
"SA","55–64","Age-specific rate (per 100,000)","2010–2014",14.1,
"SA","55–64","Age-specific rate (per 100,000)","2011–2015",14,
"SA","55–64","Age-specific rate (per 100,000)","2012–2016",13.5,
"SA","55–64","Age-specific rate (per 100,000)","2013–2017",14.1,
"SA","55–64","Age-specific rate (per 100,000)","2014–2018",14.2,
"SA","55–64","Age-specific rate (per 100,000)","2015–2019",15.3,
"SA","55–64","Age-specific rate (per 100,000)","2016–2020",14.3,
"SA","55–64","Age-specific rate (per 100,000)","2017–2021",14.4,
"SA","55–64","Age-specific rate (per 100,000)","2018–2022",14.3,
"SA","55–64","Age-specific rate (per 100,000)","2019–2023",14.8,
"SA","55–64","Age-specific rate (per 100,000)","2020–2024",15.2,
"SA","45–64","Age-specific rate (per 100,000)","2001–2005",14.1,
"SA","45–64","Age-specific rate (per 100,000)","2002–2006",13.8,
"SA","45–64","Age-specific rate (per 100,000)","2003–2007",14.2,
"SA","45–64","Age-specific rate (per 100,000)","2004–2008",14.5,
"SA","45–64","Age-specific rate (per 100,000)","2005–2009",14.4,
"SA","45–64","Age-specific rate (per 100,000)","2006–2010",14.3,
"SA","45–64","Age-specific rate (per 100,000)","2007–2011",15.2,
"SA","45–64","Age-specific rate (per 100,000)","2008–2012",15.2,
"SA","45–64","Age-specific rate (per 100,000)","2009–2013",15.4,
"SA","45–64","Age-specific rate (per 100,000)","2010–2014",16.4,
"SA","45–64","Age-specific rate (per 100,000)","2011–2015",17,
"SA","45–64","Age-specific rate (per 100,000)","2012–2016",17.1,
"SA","45–64","Age-specific rate (per 100,000)","2013–2017",17.2,
"SA","45–64","Age-specific rate (per 100,000)","2014–2018",17.4,
"SA","45–64","Age-specific rate (per 100,000)","2015–2019",17.8,
"SA","45–64","Age-specific rate (per 100,000)","2016–2020",17.2,
"SA","45–64","Age-specific rate (per 100,000)","2017–2021",16.8,
"SA","45–64","Age-specific rate (per 100,000)","2018–2022",16.6,
"SA","45–64","Age-specific rate (per 100,000)","2019–2023",17.2,
"SA","45–64","Age-specific rate (per 100,000)","2020–2024",17.3,
"SA","65+","Age-specific rate (per 100,000)","2001–2005",12.3,
"SA","65+","Age-specific rate (per 100,000)","2002–2006",12.9,
"SA","65+","Age-specific rate (per 100,000)","2003–2007",13.4,
"SA","65+","Age-specific rate (per 100,000)","2004–2008",12.4,
"SA","65+","Age-specific rate (per 100,000)","2005–2009",11.7,
"SA","65+","Age-specific rate (per 100,000)","2006–2010",11.7,
"SA","65+","Age-specific rate (per 100,000)","2007–2011",10.5,
"SA","65+","Age-specific rate (per 100,000)","2008–2012",10.7,
"SA","65+","Age-specific rate (per 100,000)","2009–2013",11.2,
"SA","65+","Age-specific rate (per 100,000)","2010–2014",11.9,
"SA","65+","Age-specific rate (per 100,000)","2011–2015",12.6,
"SA","65+","Age-specific rate (per 100,000)","2012–2016",13,
"SA","65+","Age-specific rate (per 100,000)","2013–2017",12.9,
"SA","65+","Age-specific rate (per 100,000)","2014–2018",13.1,
"SA","65+","Age-specific rate (per 100,000)","2015–2019",12.9,
"SA","65+","Age-specific rate (per 100,000)","2016–2020",12.3,
"SA","65+","Age-specific rate (per 100,000)","2017–2021",12.9,
"SA","65+","Age-specific rate (per 100,000)","2018–2022",12.6,
"SA","65+","Age-specific rate (per 100,000)","2019–2023",12.7,
"SA","65+","Age-specific rate (per 100,000)","2020–2024",12.5,
"SA","65–74","Age-specific rate (per 100,000)","2001–2005",12,
"SA","65–74","Age-specific rate (per 100,000)","2002–2006",12.5,
"SA","65–74","Age-specific rate (per 100,000)","2003–2007",12.8,
"SA","65–74","Age-specific rate (per 100,000)","2004–2008",11.1,
"SA","65–74","Age-specific rate (per 100,000)","2005–2009",10.4,
"SA","65–74","Age-specific rate (per 100,000)","2006–2010",10.8,
"SA","65–74","Age-specific rate (per 100,000)","2007–2011",9.7,
"SA","65–74","Age-specific rate (per 100,000)","2008–2012",9.8,
"SA","65–74","Age-specific rate (per 100,000)","2009–2013",10.4,
"SA","65–74","Age-specific rate (per 100,000)","2010–2014",11.4,
"SA","65–74","Age-specific rate (per 100,000)","2011–2015",12.1,
"SA","65–74","Age-specific rate (per 100,000)","2012–2016",12.3,
"SA","65–74","Age-specific rate (per 100,000)","2013–2017",13.1,
"SA","65–74","Age-specific rate (per 100,000)","2014–2018",12.8,
"SA","65–74","Age-specific rate (per 100,000)","2015–2019",12.1,
"SA","65–74","Age-specific rate (per 100,000)","2016–2020",11.6,
"SA","65–74","Age-specific rate (per 100,000)","2017–2021",12.7,
"SA","65–74","Age-specific rate (per 100,000)","2018–2022",12.1,
"SA","65–74","Age-specific rate (per 100,000)","2019–2023",12.8,
"SA","65–74","Age-specific rate (per 100,000)","2020–2024",13.4,
"SA","75–84","Age-specific rate (per 100,000)","2001–2005",12.4,
"SA","75–84","Age-specific rate (per 100,000)","2002–2006",12.8,
"SA","75–84","Age-specific rate (per 100,000)","2003–2007",13.8,
"SA","75–84","Age-specific rate (per 100,000)","2004–2008",13.5,
"SA","75–84","Age-specific rate (per 100,000)","2005–2009",13.3,
"SA","75–84","Age-specific rate (per 100,000)","2006–2010",12.8,
"SA","75–84","Age-specific rate (per 100,000)","2007–2011",12.1,
"SA","75–84","Age-specific rate (per 100,000)","2008–2012",12.6,
"SA","75–84","Age-specific rate (per 100,000)","2009–2013",12.1,
"SA","75–84","Age-specific rate (per 100,000)","2010–2014",11.6,
"SA","75–84","Age-specific rate (per 100,000)","2011–2015",11.8,
"SA","75–84","Age-specific rate (per 100,000)","2012–2016",11.8,
"SA","75–84","Age-specific rate (per 100,000)","2013–2017",10.4,
"SA","75–84","Age-specific rate (per 100,000)","2014–2018",11.8,
"SA","75–84","Age-specific rate (per 100,000)","2015–2019",11.4,
"SA","75–84","Age-specific rate (per 100,000)","2016–2020",11.5,
"SA","75–84","Age-specific rate (per 100,000)","2017–2021",12.1,
"SA","75–84","Age-specific rate (per 100,000)","2018–2022",12.1,
"SA","75–84","Age-specific rate (per 100,000)","2019–2023",11.2,
"SA","75–84","Age-specific rate (per 100,000)","2020–2024",10.3,
"SA","85+","Age-specific rate (per 100,000)","2001–2005",12.7,
"SA","85+","Age-specific rate (per 100,000)","2002–2006",14.6,
"SA","85+","Age-specific rate (per 100,000)","2003–2007",14.6,
"SA","85+","Age-specific rate (per 100,000)","2004–2008",13.8,
"SA","85+","Age-specific rate (per 100,000)","2005–2009",12.5,
"SA","85+","Age-specific rate (per 100,000)","2006–2010",11.9,
"SA","85+","Age-specific rate (per 100,000)","2007–2011",9.7,
"SA","85+","Age-specific rate (per 100,000)","2008–2012",9.3,
"SA","85+","Age-specific rate (per 100,000)","2009–2013",11.6,
"SA","85+","Age-specific rate (per 100,000)","2010–2014",14.2,
"SA","85+","Age-specific rate (per 100,000)","2011–2015",16.2,
"SA","85+","Age-specific rate (per 100,000)","2012–2016",17.6,
"SA","85+","Age-specific rate (per 100,000)","2013–2017",17.2,
"SA","85+","Age-specific rate (per 100,000)","2014–2018",16.8,
"SA","85+","Age-specific rate (per 100,000)","2015–2019",19,
"SA","85+","Age-specific rate (per 100,000)","2016–2020",16.5,
"SA","85+","Age-specific rate (per 100,000)","2017–2021",15.4,
"SA","85+","Age-specific rate (per 100,000)","2018–2022",15.7,
"SA","85+","Age-specific rate (per 100,000)","2019–2023",16.2,
"SA","85+","Age-specific rate (per 100,000)","2020–2024",14.2,
"SA","Total","Age-specific rate (per 100,000)","2001–2005",12.9,
"SA","Total","Age-specific rate (per 100,000)","2002–2006",12.5,
"SA","Total","Age-specific rate (per 100,000)","2003–2007",12.8,
"SA","Total","Age-specific rate (per 100,000)","2004–2008",12.5,
"SA","Total","Age-specific rate (per 100,000)","2005–2009",12.4,
"SA","Total","Age-specific rate (per 100,000)","2006–2010",11.9,
"SA","Total","Age-specific rate (per 100,000)","2007–2011",12.1,
"SA","Total","Age-specific rate (per 100,000)","2008–2012",11.9,
"SA","Total","Age-specific rate (per 100,000)","2009–2013",12.1,
"SA","Total","Age-specific rate (per 100,000)","2010–2014",12.7,
"SA","Total","Age-specific rate (per 100,000)","2011–2015",13.1,
"SA","Total","Age-specific rate (per 100,000)","2012–2016",13,
"SA","Total","Age-specific rate (per 100,000)","2013–2017",13.3,
"SA","Total","Age-specific rate (per 100,000)","2014–2018",13.2,
"SA","Total","Age-specific rate (per 100,000)","2015–2019",13.2,
"SA","Total","Age-specific rate (per 100,000)","2016–2020",13,
"SA","Total","Age-specific rate (per 100,000)","2017–2021",12.9,
"SA","Total","Age-specific rate (per 100,000)","2018–2022",12.9,
"SA","Total","Age-specific rate (per 100,000)","2019–2023",13.1,
"SA","Total","Age-specific rate (per 100,000)","2020–2024",12.8,
"Tas","0–14","Age-specific rate (per 100,000)","2001–2005",,"value"
"Tas","0–14","Age-specific rate (per 100,000)","2002–2006",,"value"
"Tas","0–14","Age-specific rate (per 100,000)","2003–2007",,
"Tas","0–14","Age-specific rate (per 100,000)","2004–2008",,
"Tas","0–14","Age-specific rate (per 100,000)","2005–2009",,
"Tas","0–14","Age-specific rate (per 100,000)","2006–2010",,"value"
"Tas","0–14","Age-specific rate (per 100,000)","2007–2011",,"value"
"Tas","0–14","Age-specific rate (per 100,000)","2008–2012",,"value"
"Tas","0–14","Age-specific rate (per 100,000)","2009–2013",,"value"
"Tas","0–14","Age-specific rate (per 100,000)","2010–2014",1.3,
"Tas","0–14","Age-specific rate (per 100,000)","2011–2015",,"value"
"Tas","0–14","Age-specific rate (per 100,000)","2012–2016",,"value"
"Tas","0–14","Age-specific rate (per 100,000)","2013–2017",,"value"
"Tas","0–14","Age-specific rate (per 100,000)","2014–2018",,"value"
"Tas","0–14","Age-specific rate (per 100,000)","2015–2019",,
"Tas","0–14","Age-specific rate (per 100,000)","2016–2020",,"value"
"Tas","0–14","Age-specific rate (per 100,000)","2017–2021",,"value"
"Tas","0–14","Age-specific rate (per 100,000)","2018–2022",,"value"
"Tas","0–14","Age-specific rate (per 100,000)","2019–2023",1,
"Tas","0–14","Age-specific rate (per 100,000)","2020–2024",1.3,
"Tas","5–14","Age-specific rate (per 100,000)","2001–2005",,"value"
"Tas","5–14","Age-specific rate (per 100,000)","2002–2006",,"value"
"Tas","5–14","Age-specific rate (per 100,000)","2003–2007",,
"Tas","5–14","Age-specific rate (per 100,000)","2004–2008",,
"Tas","5–14","Age-specific rate (per 100,000)","2005–2009",,
"Tas","5–14","Age-specific rate (per 100,000)","2006–2010",,"value"
"Tas","5–14","Age-specific rate (per 100,000)","2007–2011",,"value"
"Tas","5–14","Age-specific rate (per 100,000)","2008–2012",,"value"
"Tas","5–14","Age-specific rate (per 100,000)","2009–2013",,"value"
"Tas","5–14","Age-specific rate (per 100,000)","2010–2014",1.9,
"Tas","5–14","Age-specific rate (per 100,000)","2011–2015",,"value"
"Tas","5–14","Age-specific rate (per 100,000)","2012–2016",,"value"
"Tas","5–14","Age-specific rate (per 100,000)","2013–2017",,"value"
"Tas","5–14","Age-specific rate (per 100,000)","2014–2018",,"value"
"Tas","5–14","Age-specific rate (per 100,000)","2015–2019",,
"Tas","5–14","Age-specific rate (per 100,000)","2016–2020",,"value"
"Tas","5–14","Age-specific rate (per 100,000)","2017–2021",,"value"
"Tas","5–14","Age-specific rate (per 100,000)","2018–2022",,"value"
"Tas","5–14","Age-specific rate (per 100,000)","2019–2023",1.5,
"Tas","5–14","Age-specific rate (per 100,000)","2020–2024",1.8,
"Tas","0–24","Age-specific rate (per 100,000)","2001–2005",4.5,
"Tas","0–24","Age-specific rate (per 100,000)","2002–2006",5.1,
"Tas","0–24","Age-specific rate (per 100,000)","2003–2007",4.3,
"Tas","0–24","Age-specific rate (per 100,000)","2004–2008",4,
"Tas","0–24","Age-specific rate (per 100,000)","2005–2009",4,
"Tas","0–24","Age-specific rate (per 100,000)","2006–2010",3.9,
"Tas","0–24","Age-specific rate (per 100,000)","2007–2011",4,
"Tas","0–24","Age-specific rate (per 100,000)","2008–2012",5,
"Tas","0–24","Age-specific rate (per 100,000)","2009–2013",5.9,
"Tas","0–24","Age-specific rate (per 100,000)","2010–2014",6.2,
"Tas","0–24","Age-specific rate (per 100,000)","2011–2015",6.8,
"Tas","0–24","Age-specific rate (per 100,000)","2012–2016",6.5,
"Tas","0–24","Age-specific rate (per 100,000)","2013–2017",6.2,
"Tas","0–24","Age-specific rate (per 100,000)","2014–2018",6,
"Tas","0–24","Age-specific rate (per 100,000)","2015–2019",5.7,
"Tas","0–24","Age-specific rate (per 100,000)","2016–2020",5.5,
"Tas","0–24","Age-specific rate (per 100,000)","2017–2021",5.3,
"Tas","0–24","Age-specific rate (per 100,000)","2018–2022",4.9,
"Tas","0–24","Age-specific rate (per 100,000)","2019–2023",4.9,
"Tas","0–24","Age-specific rate (per 100,000)","2020–2024",4.7,
"Tas","5–24","Age-specific rate (per 100,000)","2001–2005",5.5,
"Tas","5–24","Age-specific rate (per 100,000)","2002–2006",6.3,
"Tas","5–24","Age-specific rate (per 100,000)","2003–2007",5.3,
"Tas","5–24","Age-specific rate (per 100,000)","2004–2008",4.9,
"Tas","5–24","Age-specific rate (per 100,000)","2005–2009",4.9,
"Tas","5–24","Age-specific rate (per 100,000)","2006–2010",4.9,
"Tas","5–24","Age-specific rate (per 100,000)","2007–2011",5,
"Tas","5–24","Age-specific rate (per 100,000)","2008–2012",6.3,
"Tas","5–24","Age-specific rate (per 100,000)","2009–2013",7.4,
"Tas","5–24","Age-specific rate (per 100,000)","2010–2014",7.8,
"Tas","5–24","Age-specific rate (per 100,000)","2011–2015",8.5,
"Tas","5–24","Age-specific rate (per 100,000)","2012–2016",8,
"Tas","5–24","Age-specific rate (per 100,000)","2013–2017",7.7,
"Tas","5–24","Age-specific rate (per 100,000)","2014–2018",7.4,
"Tas","5–24","Age-specific rate (per 100,000)","2015–2019",7,
"Tas","5–24","Age-specific rate (per 100,000)","2016–2020",6.8,
"Tas","5–24","Age-specific rate (per 100,000)","2017–2021",6.5,
"Tas","5–24","Age-specific rate (per 100,000)","2018–2022",6,
"Tas","5–24","Age-specific rate (per 100,000)","2019–2023",6,
"Tas","5–24","Age-specific rate (per 100,000)","2020–2024",5.8,
"Tas","15–24","Age-specific rate (per 100,000)","2001–2005",11.1,
"Tas","15–24","Age-specific rate (per 100,000)","2002–2006",12.5,
"Tas","15–24","Age-specific rate (per 100,000)","2003–2007",10.9,
"Tas","15–24","Age-specific rate (per 100,000)","2004–2008",9.9,
"Tas","15–24","Age-specific rate (per 100,000)","2005–2009",9.8,
"Tas","15–24","Age-specific rate (per 100,000)","2006–2010",9.1,
"Tas","15–24","Age-specific rate (per 100,000)","2007–2011",9.4,
"Tas","15–24","Age-specific rate (per 100,000)","2008–2012",11.4,
"Tas","15–24","Age-specific rate (per 100,000)","2009–2013",13.3,
"Tas","15–24","Age-specific rate (per 100,000)","2010–2014",13.5,
"Tas","15–24","Age-specific rate (per 100,000)","2011–2015",15.5,
"Tas","15–24","Age-specific rate (per 100,000)","2012–2016",14.7,
"Tas","15–24","Age-specific rate (per 100,000)","2013–2017",14.4,
"Tas","15–24","Age-specific rate (per 100,000)","2014–2018",14.2,
"Tas","15–24","Age-specific rate (per 100,000)","2015–2019",14,
"Tas","15–24","Age-specific rate (per 100,000)","2016–2020",12.7,
"Tas","15–24","Age-specific rate (per 100,000)","2017–2021",12.1,
"Tas","15–24","Age-specific rate (per 100,000)","2018–2022",11.1,
"Tas","15–24","Age-specific rate (per 100,000)","2019–2023",10.8,
"Tas","15–24","Age-specific rate (per 100,000)","2020–2024",9.9,
"Tas","25–34","Age-specific rate (per 100,000)","2001–2005",30.4,
"Tas","25–34","Age-specific rate (per 100,000)","2002–2006",27.9,
"Tas","25–34","Age-specific rate (per 100,000)","2003–2007",26.8,
"Tas","25–34","Age-specific rate (per 100,000)","2004–2008",28.6,
"Tas","25–34","Age-specific rate (per 100,000)","2005–2009",26.1,
"Tas","25–34","Age-specific rate (per 100,000)","2006–2010",24.3,
"Tas","25–34","Age-specific rate (per 100,000)","2007–2011",22.9,
"Tas","25–34","Age-specific rate (per 100,000)","2008–2012",20.2,
"Tas","25–34","Age-specific rate (per 100,000)","2009–2013",16.3,
"Tas","25–34","Age-specific rate (per 100,000)","2010–2014",14.5,
"Tas","25–34","Age-specific rate (per 100,000)","2011–2015",14.7,
"Tas","25–34","Age-specific rate (per 100,000)","2012–2016",15,
"Tas","25–34","Age-specific rate (per 100,000)","2013–2017",16.6,
"Tas","25–34","Age-specific rate (per 100,000)","2014–2018",16.8,
"Tas","25–34","Age-specific rate (per 100,000)","2015–2019",18.2,
"Tas","25–34","Age-specific rate (per 100,000)","2016–2020",18.1,
"Tas","25–34","Age-specific rate (per 100,000)","2017–2021",17.4,
"Tas","25–34","Age-specific rate (per 100,000)","2018–2022",16.6,
"Tas","25–34","Age-specific rate (per 100,000)","2019–2023",17.2,
"Tas","25–34","Age-specific rate (per 100,000)","2020–2024",15.9,
"Tas","35–44","Age-specific rate (per 100,000)","2001–2005",24.4,
"Tas","35–44","Age-specific rate (per 100,000)","2002–2006",23.6,
"Tas","35–44","Age-specific rate (per 100,000)","2003–2007",23.8,
"Tas","35–44","Age-specific rate (per 100,000)","2004–2008",22.4,
"Tas","35–44","Age-specific rate (per 100,000)","2005–2009",19.7,
"Tas","35–44","Age-specific rate (per 100,000)","2006–2010",19.8,
"Tas","35–44","Age-specific rate (per 100,000)","2007–2011",20.5,
"Tas","35–44","Age-specific rate (per 100,000)","2008–2012",20.9,
"Tas","35–44","Age-specific rate (per 100,000)","2009–2013",21.9,
"Tas","35–44","Age-specific rate (per 100,000)","2010–2014",22.3,
"Tas","35–44","Age-specific rate (per 100,000)","2011–2015",23,
"Tas","35–44","Age-specific rate (per 100,000)","2012–2016",24.1,
"Tas","35–44","Age-specific rate (per 100,000)","2013–2017",24.6,
"Tas","35–44","Age-specific rate (per 100,000)","2014–2018",26.4,
"Tas","35–44","Age-specific rate (per 100,000)","2015–2019",27.7,
"Tas","35–44","Age-specific rate (per 100,000)","2016–2020",26.3,
"Tas","35–44","Age-specific rate (per 100,000)","2017–2021",26,
"Tas","35–44","Age-specific rate (per 100,000)","2018–2022",26.1,
"Tas","35–44","Age-specific rate (per 100,000)","2019–2023",23.5,
"Tas","35–44","Age-specific rate (per 100,000)","2020–2024",23.5,
"Tas","45–54","Age-specific rate (per 100,000)","2001–2005",16.7,
"Tas","45–54","Age-specific rate (per 100,000)","2002–2006",19,
"Tas","45–54","Age-specific rate (per 100,000)","2003–2007",19.6,
"Tas","45–54","Age-specific rate (per 100,000)","2004–2008",21.9,
"Tas","45–54","Age-specific rate (per 100,000)","2005–2009",22.6,
"Tas","45–54","Age-specific rate (per 100,000)","2006–2010",21.7,
"Tas","45–54","Age-specific rate (per 100,000)","2007–2011",20.9,
"Tas","45–54","Age-specific rate (per 100,000)","2008–2012",21.4,
"Tas","45–54","Age-specific rate (per 100,000)","2009–2013",21.5,
"Tas","45–54","Age-specific rate (per 100,000)","2010–2014",19.9,
"Tas","45–54","Age-specific rate (per 100,000)","2011–2015",19.8,
"Tas","45–54","Age-specific rate (per 100,000)","2012–2016",21.9,
"Tas","45–54","Age-specific rate (per 100,000)","2013–2017",21.8,
"Tas","45–54","Age-specific rate (per 100,000)","2014–2018",19.4,
"Tas","45–54","Age-specific rate (per 100,000)","2015–2019",23.4,
"Tas","45–54","Age-specific rate (per 100,000)","2016–2020",23.9,
"Tas","45–54","Age-specific rate (per 100,000)","2017–2021",21.5,
"Tas","45–54","Age-specific rate (per 100,000)","2018–2022",21.2,
"Tas","45–54","Age-specific rate (per 100,000)","2019–2023",23.7,
"Tas","45–54","Age-specific rate (per 100,000)","2020–2024",21.8,
"Tas","55–64","Age-specific rate (per 100,000)","2001–2005",16.9,
"Tas","55–64","Age-specific rate (per 100,000)","2002–2006",19.5,
"Tas","55–64","Age-specific rate (per 100,000)","2003–2007",20.5,
"Tas","55–64","Age-specific rate (per 100,000)","2004–2008",18.8,
"Tas","55–64","Age-specific rate (per 100,000)","2005–2009",19.2,
"Tas","55–64","Age-specific rate (per 100,000)","2006–2010",17.6,
"Tas","55–64","Age-specific rate (per 100,000)","2007–2011",15.4,
"Tas","55–64","Age-specific rate (per 100,000)","2008–2012",15.1,
"Tas","55–64","Age-specific rate (per 100,000)","2009–2013",15.6,
"Tas","55–64","Age-specific rate (per 100,000)","2010–2014",16.4,
"Tas","55–64","Age-specific rate (per 100,000)","2011–2015",18.8,
"Tas","55–64","Age-specific rate (per 100,000)","2012–2016",20.6,
"Tas","55–64","Age-specific rate (per 100,000)","2013–2017",19.7,
"Tas","55–64","Age-specific rate (per 100,000)","2014–2018",20.3,
"Tas","55–64","Age-specific rate (per 100,000)","2015–2019",19.9,
"Tas","55–64","Age-specific rate (per 100,000)","2016–2020",19.6,
"Tas","55–64","Age-specific rate (per 100,000)","2017–2021",18,
"Tas","55–64","Age-specific rate (per 100,000)","2018–2022",18.9,
"Tas","55–64","Age-specific rate (per 100,000)","2019–2023",18.6,
"Tas","55–64","Age-specific rate (per 100,000)","2020–2024",17.7,
"Tas","45–64","Age-specific rate (per 100,000)","2001–2005",16.8,
"Tas","45–64","Age-specific rate (per 100,000)","2002–2006",19.2,
"Tas","45–64","Age-specific rate (per 100,000)","2003–2007",20,
"Tas","45–64","Age-specific rate (per 100,000)","2004–2008",20.5,
"Tas","45–64","Age-specific rate (per 100,000)","2005–2009",21.1,
"Tas","45–64","Age-specific rate (per 100,000)","2006–2010",19.8,
"Tas","45–64","Age-specific rate (per 100,000)","2007–2011",18.3,
"Tas","45–64","Age-specific rate (per 100,000)","2008–2012",18.4,
"Tas","45–64","Age-specific rate (per 100,000)","2009–2013",18.7,
"Tas","45–64","Age-specific rate (per 100,000)","2010–2014",18.2,
"Tas","45–64","Age-specific rate (per 100,000)","2011–2015",19.3,
"Tas","45–64","Age-specific rate (per 100,000)","2012–2016",21.2,
"Tas","45–64","Age-specific rate (per 100,000)","2013–2017",20.8,
"Tas","45–64","Age-specific rate (per 100,000)","2014–2018",19.8,
"Tas","45–64","Age-specific rate (per 100,000)","2015–2019",21.6,
"Tas","45–64","Age-specific rate (per 100,000)","2016–2020",21.7,
"Tas","45–64","Age-specific rate (per 100,000)","2017–2021",19.7,
"Tas","45–64","Age-specific rate (per 100,000)","2018–2022",20,
"Tas","45–64","Age-specific rate (per 100,000)","2019–2023",21,
"Tas","45–64","Age-specific rate (per 100,000)","2020–2024",19.6,
"Tas","65+","Age-specific rate (per 100,000)","2001–2005",15.1,
"Tas","65+","Age-specific rate (per 100,000)","2002–2006",14,
"Tas","65+","Age-specific rate (per 100,000)","2003–2007",13.1,
"Tas","65+","Age-specific rate (per 100,000)","2004–2008",13.4,
"Tas","65+","Age-specific rate (per 100,000)","2005–2009",13.7,
"Tas","65+","Age-specific rate (per 100,000)","2006–2010",13.6,
"Tas","65+","Age-specific rate (per 100,000)","2007–2011",15.8,
"Tas","65+","Age-specific rate (per 100,000)","2008–2012",15.5,
"Tas","65+","Age-specific rate (per 100,000)","2009–2013",14.8,
"Tas","65+","Age-specific rate (per 100,000)","2010–2014",13.6,
"Tas","65+","Age-specific rate (per 100,000)","2011–2015",14.5,
"Tas","65+","Age-specific rate (per 100,000)","2012–2016",15.1,
"Tas","65+","Age-specific rate (per 100,000)","2013–2017",16.3,
"Tas","65+","Age-specific rate (per 100,000)","2014–2018",17.3,
"Tas","65+","Age-specific rate (per 100,000)","2015–2019",19.6,
"Tas","65+","Age-specific rate (per 100,000)","2016–2020",19.5,
"Tas","65+","Age-specific rate (per 100,000)","2017–2021",19,
"Tas","65+","Age-specific rate (per 100,000)","2018–2022",19.2,
"Tas","65+","Age-specific rate (per 100,000)","2019–2023",19,
"Tas","65+","Age-specific rate (per 100,000)","2020–2024",16.8,
"Tas","65–74","Age-specific rate (per 100,000)","2001–2005",12.2,
"Tas","65–74","Age-specific rate (per 100,000)","2002–2006",10.9,
"Tas","65–74","Age-specific rate (per 100,000)","2003–2007",10.2,
"Tas","65–74","Age-specific rate (per 100,000)","2004–2008",10.6,
"Tas","65–74","Age-specific rate (per 100,000)","2005–2009",10.3,
"Tas","65–74","Age-specific rate (per 100,000)","2006–2010",9.9,
"Tas","65–74","Age-specific rate (per 100,000)","2007–2011",10,
"Tas","65–74","Age-specific rate (per 100,000)","2008–2012",10.9,
"Tas","65–74","Age-specific rate (per 100,000)","2009–2013",9.2,
"Tas","65–74","Age-specific rate (per 100,000)","2010–2014",8.7,
"Tas","65–74","Age-specific rate (per 100,000)","2011–2015",10.7,
"Tas","65–74","Age-specific rate (per 100,000)","2012–2016",12.9,
"Tas","65–74","Age-specific rate (per 100,000)","2013–2017",13.2,
"Tas","65–74","Age-specific rate (per 100,000)","2014–2018",15.2,
"Tas","65–74","Age-specific rate (per 100,000)","2015–2019",17.3,
"Tas","65–74","Age-specific rate (per 100,000)","2016–2020",17.6,
"Tas","65–74","Age-specific rate (per 100,000)","2017–2021",19,
"Tas","65–74","Age-specific rate (per 100,000)","2018–2022",19.1,
"Tas","65–74","Age-specific rate (per 100,000)","2019–2023",18,
"Tas","65–74","Age-specific rate (per 100,000)","2020–2024",17,
"Tas","75–84","Age-specific rate (per 100,000)","2001–2005",17.6,
"Tas","75–84","Age-specific rate (per 100,000)","2002–2006",14.7,
"Tas","75–84","Age-specific rate (per 100,000)","2003–2007",16.1,
"Tas","75–84","Age-specific rate (per 100,000)","2004–2008",15.1,
"Tas","75–84","Age-specific rate (per 100,000)","2005–2009",14.2,
"Tas","75–84","Age-specific rate (per 100,000)","2006–2010",14.9,
"Tas","75–84","Age-specific rate (per 100,000)","2007–2011",18.6,
"Tas","75–84","Age-specific rate (per 100,000)","2008–2012",17.7,
"Tas","75–84","Age-specific rate (per 100,000)","2009–2013",19.9,
"Tas","75–84","Age-specific rate (per 100,000)","2010–2014",17.3,
"Tas","75–84","Age-specific rate (per 100,000)","2011–2015",17.7,
"Tas","75–84","Age-specific rate (per 100,000)","2012–2016",16.6,
"Tas","75–84","Age-specific rate (per 100,000)","2013–2017",20.5,
"Tas","75–84","Age-specific rate (per 100,000)","2014–2018",19.3,
"Tas","75–84","Age-specific rate (per 100,000)","2015–2019",21.9,
"Tas","75–84","Age-specific rate (per 100,000)","2016–2020",20.5,
"Tas","75–84","Age-specific rate (per 100,000)","2017–2021",18.2,
"Tas","75–84","Age-specific rate (per 100,000)","2018–2022",17.3,
"Tas","75–84","Age-specific rate (per 100,000)","2019–2023",19.3,
"Tas","75–84","Age-specific rate (per 100,000)","2020–2024",16.5,
"Tas","85+","Age-specific rate (per 100,000)","2001–2005",21.1,
"Tas","85+","Age-specific rate (per 100,000)","2002–2006",26,
"Tas","85+","Age-specific rate (per 100,000)","2003–2007",17.4,
"Tas","85+","Age-specific rate (per 100,000)","2004–2008",21.2,
"Tas","85+","Age-specific rate (per 100,000)","2005–2009",27,
"Tas","85+","Age-specific rate (per 100,000)","2006–2010",25.9,
"Tas","85+","Age-specific rate (per 100,000)","2007–2011",33.6,
"Tas","85+","Age-specific rate (per 100,000)","2008–2012",30.3,
"Tas","85+","Age-specific rate (per 100,000)","2009–2013",27.2,
"Tas","85+","Age-specific rate (per 100,000)","2010–2014",26.6,
"Tas","85+","Age-specific rate (per 100,000)","2011–2015",24.3,
"Tas","85+","Age-specific rate (per 100,000)","2012–2016",21.8,
"Tas","85+","Age-specific rate (per 100,000)","2013–2017",21.2,
"Tas","85+","Age-specific rate (per 100,000)","2014–2018",22.4,
"Tas","85+","Age-specific rate (per 100,000)","2015–2019",25.4,
"Tas","85+","Age-specific rate (per 100,000)","2016–2020",26.8,
"Tas","85+","Age-specific rate (per 100,000)","2017–2021",21.2,
"Tas","85+","Age-specific rate (per 100,000)","2018–2022",25.5,
"Tas","85+","Age-specific rate (per 100,000)","2019–2023",23.2,
"Tas","85+","Age-specific rate (per 100,000)","2020–2024",16.4,
"Tas","Total","Age-specific rate (per 100,000)","2001–2005",15.3,
"Tas","Total","Age-specific rate (per 100,000)","2002–2006",15.4,
"Tas","Total","Age-specific rate (per 100,000)","2003–2007",15.2,
"Tas","Total","Age-specific rate (per 100,000)","2004–2008",15.2,
"Tas","Total","Age-specific rate (per 100,000)","2005–2009",14.8,
"Tas","Total","Age-specific rate (per 100,000)","2006–2010",14.2,
"Tas","Total","Age-specific rate (per 100,000)","2007–2011",14.1,
"Tas","Total","Age-specific rate (per 100,000)","2008–2012",14.2,
"Tas","Total","Age-specific rate (per 100,000)","2009–2013",14.2,
"Tas","Total","Age-specific rate (per 100,000)","2010–2014",13.8,
"Tas","Total","Age-specific rate (per 100,000)","2011–2015",14.5,
"Tas","Total","Age-specific rate (per 100,000)","2012–2016",15.2,
"Tas","Total","Age-specific rate (per 100,000)","2013–2017",15.5,
"Tas","Total","Age-specific rate (per 100,000)","2014–2018",15.6,
"Tas","Total","Age-specific rate (per 100,000)","2015–2019",16.7,
"Tas","Total","Age-specific rate (per 100,000)","2016–2020",16.6,
"Tas","Total","Age-specific rate (per 100,000)","2017–2021",15.8,
"Tas","Total","Age-specific rate (per 100,000)","2018–2022",15.8,
"Tas","Total","Age-specific rate (per 100,000)","2019–2023",15.9,
"Tas","Total","Age-specific rate (per 100,000)","2020–2024",14.9,
"ACT","0–14","Age-specific rate (per 100,000)","2001–2005",,
"ACT","0–14","Age-specific rate (per 100,000)","2002–2006",,
"ACT","0–14","Age-specific rate (per 100,000)","2003–2007",,
"ACT","0–14","Age-specific rate (per 100,000)","2004–2008",,"value"
"ACT","0–14","Age-specific rate (per 100,000)","2005–2009",,"value"
"ACT","0–14","Age-specific rate (per 100,000)","2006–2010",,"value"
"ACT","0–14","Age-specific rate (per 100,000)","2007–2011",,"value"
"ACT","0–14","Age-specific rate (per 100,000)","2008–2012",,"value"
"ACT","0–14","Age-specific rate (per 100,000)","2009–2013",,
"ACT","0–14","Age-specific rate (per 100,000)","2010–2014",,"value"
"ACT","0–14","Age-specific rate (per 100,000)","2011–2015",,"value"
"ACT","0–14","Age-specific rate (per 100,000)","2012–2016",,"value"
"ACT","0–14","Age-specific rate (per 100,000)","2013–2017",,"value"
"ACT","0–14","Age-specific rate (per 100,000)","2014–2018",,"value"
"ACT","0–14","Age-specific rate (per 100,000)","2015–2019",,"value"
"ACT","0–14","Age-specific rate (per 100,000)","2016–2020",,"value"
"ACT","0–14","Age-specific rate (per 100,000)","2017–2021",,"value"
"ACT","0–14","Age-specific rate (per 100,000)","2018–2022",,"value"
"ACT","0–14","Age-specific rate (per 100,000)","2019–2023",,"value"
"ACT","0–14","Age-specific rate (per 100,000)","2020–2024",,"value"
"ACT","5–14","Age-specific rate (per 100,000)","2001–2005",,
"ACT","5–14","Age-specific rate (per 100,000)","2002–2006",,
"ACT","5–14","Age-specific rate (per 100,000)","2003–2007",,
"ACT","5–14","Age-specific rate (per 100,000)","2004–2008",,"value"
"ACT","5–14","Age-specific rate (per 100,000)","2005–2009",,"value"
"ACT","5–14","Age-specific rate (per 100,000)","2006–2010",,"value"
"ACT","5–14","Age-specific rate (per 100,000)","2007–2011",,"value"
"ACT","5–14","Age-specific rate (per 100,000)","2008–2012",,"value"
"ACT","5–14","Age-specific rate (per 100,000)","2009–2013",,
"ACT","5–14","Age-specific rate (per 100,000)","2010–2014",,"value"
"ACT","5–14","Age-specific rate (per 100,000)","2011–2015",,"value"
"ACT","5–14","Age-specific rate (per 100,000)","2012–2016",,"value"
"ACT","5–14","Age-specific rate (per 100,000)","2013–2017",,"value"
"ACT","5–14","Age-specific rate (per 100,000)","2014–2018",,"value"
"ACT","5–14","Age-specific rate (per 100,000)","2015–2019",,"value"
"ACT","5–14","Age-specific rate (per 100,000)","2016–2020",,"value"
"ACT","5–14","Age-specific rate (per 100,000)","2017–2021",,"value"
"ACT","5–14","Age-specific rate (per 100,000)","2018–2022",,"value"
"ACT","5–14","Age-specific rate (per 100,000)","2019–2023",,"value"
"ACT","5–14","Age-specific rate (per 100,000)","2020–2024",,"value"
"ACT","0–24","Age-specific rate (per 100,000)","2001–2005",4.4,
"ACT","0–24","Age-specific rate (per 100,000)","2002–2006",4.3,
"ACT","0–24","Age-specific rate (per 100,000)","2003–2007",4.3,
"ACT","0–24","Age-specific rate (per 100,000)","2004–2008",3.9,
"ACT","0–24","Age-specific rate (per 100,000)","2005–2009",3.9,
"ACT","0–24","Age-specific rate (per 100,000)","2006–2010",3.3,
"ACT","0–24","Age-specific rate (per 100,000)","2007–2011",3.1,
"ACT","0–24","Age-specific rate (per 100,000)","2008–2012",3.2,
"ACT","0–24","Age-specific rate (per 100,000)","2009–2013",2.9,
"ACT","0–24","Age-specific rate (per 100,000)","2010–2014",3.3,
"ACT","0–24","Age-specific rate (per 100,000)","2011–2015",4.4,
"ACT","0–24","Age-specific rate (per 100,000)","2012–2016",4.2,
"ACT","0–24","Age-specific rate (per 100,000)","2013–2017",5.5,
"ACT","0–24","Age-specific rate (per 100,000)","2014–2018",6.4,
"ACT","0–24","Age-specific rate (per 100,000)","2015–2019",6.8,
"ACT","0–24","Age-specific rate (per 100,000)","2016–2020",7.1,
"ACT","0–24","Age-specific rate (per 100,000)","2017–2021",8.1,
"ACT","0–24","Age-specific rate (per 100,000)","2018–2022",7.1,
"ACT","0–24","Age-specific rate (per 100,000)","2019–2023",5.7,
"ACT","0–24","Age-specific rate (per 100,000)","2020–2024",4.7,
"ACT","5–24","Age-specific rate (per 100,000)","2001–2005",5.3,
"ACT","5–24","Age-specific rate (per 100,000)","2002–2006",5.2,
"ACT","5–24","Age-specific rate (per 100,000)","2003–2007",5.2,
"ACT","5–24","Age-specific rate (per 100,000)","2004–2008",4.8,
"ACT","5–24","Age-specific rate (per 100,000)","2005–2009",4.7,
"ACT","5–24","Age-specific rate (per 100,000)","2006–2010",4.1,
"ACT","5–24","Age-specific rate (per 100,000)","2007–2011",3.8,
"ACT","5–24","Age-specific rate (per 100,000)","2008–2012",4,
"ACT","5–24","Age-specific rate (per 100,000)","2009–2013",3.6,
"ACT","5–24","Age-specific rate (per 100,000)","2010–2014",4.1,
"ACT","5–24","Age-specific rate (per 100,000)","2011–2015",5.5,
"ACT","5–24","Age-specific rate (per 100,000)","2012–2016",5.3,
"ACT","5–24","Age-specific rate (per 100,000)","2013–2017",6.9,
"ACT","5–24","Age-specific rate (per 100,000)","2014–2018",8.2,
"ACT","5–24","Age-specific rate (per 100,000)","2015–2019",8.6,
"ACT","5–24","Age-specific rate (per 100,000)","2016–2020",8.8,
"ACT","5–24","Age-specific rate (per 100,000)","2017–2021",10.1,
"ACT","5–24","Age-specific rate (per 100,000)","2018–2022",8.8,
"ACT","5–24","Age-specific rate (per 100,000)","2019–2023",7,
"ACT","5–24","Age-specific rate (per 100,000)","2020–2024",5.8,
"ACT","15–24","Age-specific rate (per 100,000)","2001–2005",9.8,
"ACT","15–24","Age-specific rate (per 100,000)","2002–2006",9.3,
"ACT","15–24","Age-specific rate (per 100,000)","2003–2007",9.3,
"ACT","15–24","Age-specific rate (per 100,000)","2004–2008",8.1,
"ACT","15–24","Age-specific rate (per 100,000)","2005–2009",7.9,
"ACT","15–24","Age-specific rate (per 100,000)","2006–2010",6.8,
"ACT","15–24","Age-specific rate (per 100,000)","2007–2011",6.3,
"ACT","15–24","Age-specific rate (per 100,000)","2008–2012",6.5,
"ACT","15–24","Age-specific rate (per 100,000)","2009–2013",6.2,
"ACT","15–24","Age-specific rate (per 100,000)","2010–2014",6.9,
"ACT","15–24","Age-specific rate (per 100,000)","2011–2015",9.4,
"ACT","15–24","Age-specific rate (per 100,000)","2012–2016",9.1,
"ACT","15–24","Age-specific rate (per 100,000)","2013–2017",11.9,
"ACT","15–24","Age-specific rate (per 100,000)","2014–2018",13.9,
"ACT","15–24","Age-specific rate (per 100,000)","2015–2019",15.1,
"ACT","15–24","Age-specific rate (per 100,000)","2016–2020",15.7,
"ACT","15–24","Age-specific rate (per 100,000)","2017–2021",17.9,
"ACT","15–24","Age-specific rate (per 100,000)","2018–2022",16.3,
"ACT","15–24","Age-specific rate (per 100,000)","2019–2023",13.1,
"ACT","15–24","Age-specific rate (per 100,000)","2020–2024",10.8,
"ACT","25–34","Age-specific rate (per 100,000)","2001–2005",18.3,
"ACT","25–34","Age-specific rate (per 100,000)","2002–2006",15.6,
"ACT","25–34","Age-specific rate (per 100,000)","2003–2007",16.6,
"ACT","25–34","Age-specific rate (per 100,000)","2004–2008",14.6,
"ACT","25–34","Age-specific rate (per 100,000)","2005–2009",13.8,
"ACT","25–34","Age-specific rate (per 100,000)","2006–2010",13.1,
"ACT","25–34","Age-specific rate (per 100,000)","2007–2011",12.8,
"ACT","25–34","Age-specific rate (per 100,000)","2008–2012",10.4,
"ACT","25–34","Age-specific rate (per 100,000)","2009–2013",9.7,
"ACT","25–34","Age-specific rate (per 100,000)","2010–2014",8.4,
"ACT","25–34","Age-specific rate (per 100,000)","2011–2015",6.9,
"ACT","25–34","Age-specific rate (per 100,000)","2012–2016",6,
"ACT","25–34","Age-specific rate (per 100,000)","2013–2017",6.8,
"ACT","25–34","Age-specific rate (per 100,000)","2014–2018",8.1,
"ACT","25–34","Age-specific rate (per 100,000)","2015–2019",9.1,
"ACT","25–34","Age-specific rate (per 100,000)","2016–2020",10.7,
"ACT","25–34","Age-specific rate (per 100,000)","2017–2021",12.6,
"ACT","25–34","Age-specific rate (per 100,000)","2018–2022",13.1,
"ACT","25–34","Age-specific rate (per 100,000)","2019–2023",13.5,
"ACT","25–34","Age-specific rate (per 100,000)","2020–2024",13.3,
"ACT","35–44","Age-specific rate (per 100,000)","2001–2005",16,
"ACT","35–44","Age-specific rate (per 100,000)","2002–2006",13.6,
"ACT","35–44","Age-specific rate (per 100,000)","2003–2007",12.9,
"ACT","35–44","Age-specific rate (per 100,000)","2004–2008",14.7,
"ACT","35–44","Age-specific rate (per 100,000)","2005–2009",14.5,
"ACT","35–44","Age-specific rate (per 100,000)","2006–2010",16.2,
"ACT","35–44","Age-specific rate (per 100,000)","2007–2011",15.6,
"ACT","35–44","Age-specific rate (per 100,000)","2008–2012",15,
"ACT","35–44","Age-specific rate (per 100,000)","2009–2013",14.1,
"ACT","35–44","Age-specific rate (per 100,000)","2010–2014",16.3,
"ACT","35–44","Age-specific rate (per 100,000)","2011–2015",16.4,
"ACT","35–44","Age-specific rate (per 100,000)","2012–2016",15.1,
"ACT","35–44","Age-specific rate (per 100,000)","2013–2017",18.7,
"ACT","35–44","Age-specific rate (per 100,000)","2014–2018",16.7,
"ACT","35–44","Age-specific rate (per 100,000)","2015–2019",17.5,
"ACT","35–44","Age-specific rate (per 100,000)","2016–2020",17,
"ACT","35–44","Age-specific rate (per 100,000)","2017–2021",20.7,
"ACT","35–44","Age-specific rate (per 100,000)","2018–2022",20.3,
"ACT","35–44","Age-specific rate (per 100,000)","2019–2023",19.7,
"ACT","35–44","Age-specific rate (per 100,000)","2020–2024",17.4,
"ACT","45–54","Age-specific rate (per 100,000)","2001–2005",13.3,
"ACT","45–54","Age-specific rate (per 100,000)","2002–2006",13.2,
"ACT","45–54","Age-specific rate (per 100,000)","2003–2007",12.8,
"ACT","45–54","Age-specific rate (per 100,000)","2004–2008",12.7,
"ACT","45–54","Age-specific rate (per 100,000)","2005–2009",11.4,
"ACT","45–54","Age-specific rate (per 100,000)","2006–2010",12.6,
"ACT","45–54","Age-specific rate (per 100,000)","2007–2011",12.1,
"ACT","45–54","Age-specific rate (per 100,000)","2008–2012",11.6,
"ACT","45–54","Age-specific rate (per 100,000)","2009–2013",11.9,
"ACT","45–54","Age-specific rate (per 100,000)","2010–2014",13.1,
"ACT","45–54","Age-specific rate (per 100,000)","2011–2015",12.6,
"ACT","45–54","Age-specific rate (per 100,000)","2012–2016",12.5,
"ACT","45–54","Age-specific rate (per 100,000)","2013–2017",13.2,
"ACT","45–54","Age-specific rate (per 100,000)","2014–2018",13.4,
"ACT","45–54","Age-specific rate (per 100,000)","2015–2019",12.3,
"ACT","45–54","Age-specific rate (per 100,000)","2016–2020",13.3,
"ACT","45–54","Age-specific rate (per 100,000)","2017–2021",14.1,
"ACT","45–54","Age-specific rate (per 100,000)","2018–2022",15.3,
"ACT","45–54","Age-specific rate (per 100,000)","2019–2023",15.1,
"ACT","45–54","Age-specific rate (per 100,000)","2020–2024",15.4,
"ACT","55–64","Age-specific rate (per 100,000)","2001–2005",7.1,
"ACT","55–64","Age-specific rate (per 100,000)","2002–2006",6.2,
"ACT","55–64","Age-specific rate (per 100,000)","2003–2007",7.7,
"ACT","55–64","Age-specific rate (per 100,000)","2004–2008",8.6,
"ACT","55–64","Age-specific rate (per 100,000)","2005–2009",11.6,
"ACT","55–64","Age-specific rate (per 100,000)","2006–2010",11.8,
"ACT","55–64","Age-specific rate (per 100,000)","2007–2011",12,
"ACT","55–64","Age-specific rate (per 100,000)","2008–2012",12.3,
"ACT","55–64","Age-specific rate (per 100,000)","2009–2013",12.2,
"ACT","55–64","Age-specific rate (per 100,000)","2010–2014",11.1,
"ACT","55–64","Age-specific rate (per 100,000)","2011–2015",12,
"ACT","55–64","Age-specific rate (per 100,000)","2012–2016",10.9,
"ACT","55–64","Age-specific rate (per 100,000)","2013–2017",13.2,
"ACT","55–64","Age-specific rate (per 100,000)","2014–2018",14.4,
"ACT","55–64","Age-specific rate (per 100,000)","2015–2019",13.7,
"ACT","55–64","Age-specific rate (per 100,000)","2016–2020",13,
"ACT","55–64","Age-specific rate (per 100,000)","2017–2021",15.1,
"ACT","55–64","Age-specific rate (per 100,000)","2018–2022",12.5,
"ACT","55–64","Age-specific rate (per 100,000)","2019–2023",13.9,
"ACT","55–64","Age-specific rate (per 100,000)","2020–2024",15.3,
"ACT","45–64","Age-specific rate (per 100,000)","2001–2005",10.5,
"ACT","45–64","Age-specific rate (per 100,000)","2002–2006",10.4,
"ACT","45–64","Age-specific rate (per 100,000)","2003–2007",10.7,
"ACT","45–64","Age-specific rate (per 100,000)","2004–2008",11,
"ACT","45–64","Age-specific rate (per 100,000)","2005–2009",11.7,
"ACT","45–64","Age-specific rate (per 100,000)","2006–2010",12.5,
"ACT","45–64","Age-specific rate (per 100,000)","2007–2011",12.1,
"ACT","45–64","Age-specific rate (per 100,000)","2008–2012",11.9,
"ACT","45–64","Age-specific rate (per 100,000)","2009–2013",12,
"ACT","45–64","Age-specific rate (per 100,000)","2010–2014",12.2,
"ACT","45–64","Age-specific rate (per 100,000)","2011–2015",12.3,
"ACT","45–64","Age-specific rate (per 100,000)","2012–2016",11.8,
"ACT","45–64","Age-specific rate (per 100,000)","2013–2017",13.2,
"ACT","45–64","Age-specific rate (per 100,000)","2014–2018",13.8,
"ACT","45–64","Age-specific rate (per 100,000)","2015–2019",12.9,
"ACT","45–64","Age-specific rate (per 100,000)","2016–2020",13.2,
"ACT","45–64","Age-specific rate (per 100,000)","2017–2021",14.6,
"ACT","45–64","Age-specific rate (per 100,000)","2018–2022",14,
"ACT","45–64","Age-specific rate (per 100,000)","2019–2023",14.6,
"ACT","45–64","Age-specific rate (per 100,000)","2020–2024",15.3,
"ACT","65+","Age-specific rate (per 100,000)","2001–2005",8.9,
"ACT","65+","Age-specific rate (per 100,000)","2002–2006",8.7,
"ACT","65+","Age-specific rate (per 100,000)","2003–2007",10.3,
"ACT","65+","Age-specific rate (per 100,000)","2004–2008",10.6,
"ACT","65+","Age-specific rate (per 100,000)","2005–2009",12,
"ACT","65+","Age-specific rate (per 100,000)","2006–2010",12.2,
"ACT","65+","Age-specific rate (per 100,000)","2007–2011",14,
"ACT","65+","Age-specific rate (per 100,000)","2008–2012",12.3,
"ACT","65+","Age-specific rate (per 100,000)","2009–2013",14.4,
"ACT","65+","Age-specific rate (per 100,000)","2010–2014",12.6,
"ACT","65+","Age-specific rate (per 100,000)","2011–2015",12,
"ACT","65+","Age-specific rate (per 100,000)","2012–2016",13.2,
"ACT","65+","Age-specific rate (per 100,000)","2013–2017",14.7,
"ACT","65+","Age-specific rate (per 100,000)","2014–2018",14.9,
"ACT","65+","Age-specific rate (per 100,000)","2015–2019",16.6,
"ACT","65+","Age-specific rate (per 100,000)","2016–2020",16.3,
"ACT","65+","Age-specific rate (per 100,000)","2017–2021",15,
"ACT","65+","Age-specific rate (per 100,000)","2018–2022",14.4,
"ACT","65+","Age-specific rate (per 100,000)","2019–2023",11.6,
"ACT","65+","Age-specific rate (per 100,000)","2020–2024",9.7,
"ACT","65–74","Age-specific rate (per 100,000)","2001–2005",11.1,
"ACT","65–74","Age-specific rate (per 100,000)","2002–2006",8.4,
"ACT","65–74","Age-specific rate (per 100,000)","2003–2007",7,
"ACT","65–74","Age-specific rate (per 100,000)","2004–2008",7.9,
"ACT","65–74","Age-specific rate (per 100,000)","2005–2009",8.6,
"ACT","65–74","Age-specific rate (per 100,000)","2006–2010",9.3,
"ACT","65–74","Age-specific rate (per 100,000)","2007–2011",8.9,
"ACT","65–74","Age-specific rate (per 100,000)","2008–2012",9.5,
"ACT","65–74","Age-specific rate (per 100,000)","2009–2013",12.6,
"ACT","65–74","Age-specific rate (per 100,000)","2010–2014",10.8,
"ACT","65–74","Age-specific rate (per 100,000)","2011–2015",11,
"ACT","65–74","Age-specific rate (per 100,000)","2012–2016",11.2,
"ACT","65–74","Age-specific rate (per 100,000)","2013–2017",11.4,
"ACT","65–74","Age-specific rate (per 100,000)","2014–2018",10.2,
"ACT","65–74","Age-specific rate (per 100,000)","2015–2019",12.4,
"ACT","65–74","Age-specific rate (per 100,000)","2016–2020",11.3,
"ACT","65–74","Age-specific rate (per 100,000)","2017–2021",12.1,
"ACT","65–74","Age-specific rate (per 100,000)","2018–2022",12.9,
"ACT","65–74","Age-specific rate (per 100,000)","2019–2023",10.4,
"ACT","65–74","Age-specific rate (per 100,000)","2020–2024",8.7,
"ACT","75–84","Age-specific rate (per 100,000)","2001–2005",,"value"
"ACT","75–84","Age-specific rate (per 100,000)","2002–2006",,"value"
"ACT","75–84","Age-specific rate (per 100,000)","2003–2007",9.4,
"ACT","75–84","Age-specific rate (per 100,000)","2004–2008",9.2,
"ACT","75–84","Age-specific rate (per 100,000)","2005–2009",12.6,
"ACT","75–84","Age-specific rate (per 100,000)","2006–2010",14.3,
"ACT","75–84","Age-specific rate (per 100,000)","2007–2011",22.8,
"ACT","75–84","Age-specific rate (per 100,000)","2008–2012",19,
"ACT","75–84","Age-specific rate (per 100,000)","2009–2013",18.6,
"ACT","75–84","Age-specific rate (per 100,000)","2010–2014",14.7,
"ACT","75–84","Age-specific rate (per 100,000)","2011–2015",12.7,
"ACT","75–84","Age-specific rate (per 100,000)","2012–2016",12.2,
"ACT","75–84","Age-specific rate (per 100,000)","2013–2017",16.2,
"ACT","75–84","Age-specific rate (per 100,000)","2014–2018",18.3,
"ACT","75–84","Age-specific rate (per 100,000)","2015–2019",20.1,
"ACT","75–84","Age-specific rate (per 100,000)","2016–2020",20.5,
"ACT","75–84","Age-specific rate (per 100,000)","2017–2021",14.6,
"ACT","75–84","Age-specific rate (per 100,000)","2018–2022",11.4,
"ACT","75–84","Age-specific rate (per 100,000)","2019–2023",9.6,
"ACT","75–84","Age-specific rate (per 100,000)","2020–2024",6.9,
"ACT","85+","Age-specific rate (per 100,000)","2001–2005",,"value"
"ACT","85+","Age-specific rate (per 100,000)","2002–2006",,"value"
"ACT","85+","Age-specific rate (per 100,000)","2003–2007",31.3,
"ACT","85+","Age-specific rate (per 100,000)","2004–2008",29.5,
"ACT","85+","Age-specific rate (per 100,000)","2005–2009",27.1,
"ACT","85+","Age-specific rate (per 100,000)","2006–2010",,"value"
"ACT","85+","Age-specific rate (per 100,000)","2007–2011",,"value"
"ACT","85+","Age-specific rate (per 100,000)","2008–2012",,"value"
"ACT","85+","Age-specific rate (per 100,000)","2009–2013",,"value"
"ACT","85+","Age-specific rate (per 100,000)","2010–2014",,"value"
"ACT","85+","Age-specific rate (per 100,000)","2011–2015",,"value"
"ACT","85+","Age-specific rate (per 100,000)","2012–2016",25.2,
"ACT","85+","Age-specific rate (per 100,000)","2013–2017",27.7,
"ACT","85+","Age-specific rate (per 100,000)","2014–2018",30.1,
"ACT","85+","Age-specific rate (per 100,000)","2015–2019",29.3,
"ACT","85+","Age-specific rate (per 100,000)","2016–2020",32,
"ACT","85+","Age-specific rate (per 100,000)","2017–2021",31.1,
"ACT","85+","Age-specific rate (per 100,000)","2018–2022",29.9,
"ACT","85+","Age-specific rate (per 100,000)","2019–2023",23,
"ACT","85+","Age-specific rate (per 100,000)","2020–2024",22,
"ACT","Total","Age-specific rate (per 100,000)","2001–2005",10.3,
"ACT","Total","Age-specific rate (per 100,000)","2002–2006",9.4,
"ACT","Total","Age-specific rate (per 100,000)","2003–2007",9.7,
"ACT","Total","Age-specific rate (per 100,000)","2004–2008",9.6,
"ACT","Total","Age-specific rate (per 100,000)","2005–2009",9.7,
"ACT","Total","Age-specific rate (per 100,000)","2006–2010",9.9,
"ACT","Total","Age-specific rate (per 100,000)","2007–2011",9.8,
"ACT","Total","Age-specific rate (per 100,000)","2008–2012",9.2,
"ACT","Total","Age-specific rate (per 100,000)","2009–2013",9.1,
"ACT","Total","Age-specific rate (per 100,000)","2010–2014",9.2,
"ACT","Total","Age-specific rate (per 100,000)","2011–2015",9.3,
"ACT","Total","Age-specific rate (per 100,000)","2012–2016",8.9,
"ACT","Total","Age-specific rate (per 100,000)","2013–2017",10.5,
"ACT","Total","Age-specific rate (per 100,000)","2014–2018",11,
"ACT","Total","Age-specific rate (per 100,000)","2015–2019",11.4,
"ACT","Total","Age-specific rate (per 100,000)","2016–2020",11.7,
"ACT","Total","Age-specific rate (per 100,000)","2017–2021",13.1,
"ACT","Total","Age-specific rate (per 100,000)","2018–2022",12.6,
"ACT","Total","Age-specific rate (per 100,000)","2019–2023",11.9,
"ACT","Total","Age-specific rate (per 100,000)","2020–2024",11.2,
"NT","0–14","Age-specific rate (per 100,000)","2001–2005",,"value"
"NT","0–14","Age-specific rate (per 100,000)","2002–2006",,"value"
"NT","0–14","Age-specific rate (per 100,000)","2003–2007",,"value"
"NT","0–14","Age-specific rate (per 100,000)","2004–2008",,"value"
"NT","0–14","Age-specific rate (per 100,000)","2005–2009",,"value"
"NT","0–14","Age-specific rate (per 100,000)","2006–2010",1.9,
"NT","0–14","Age-specific rate (per 100,000)","2007–2011",1.9,
"NT","0–14","Age-specific rate (per 100,000)","2008–2012",,"value"
"NT","0–14","Age-specific rate (per 100,000)","2009–2013",1.9,
"NT","0–14","Age-specific rate (per 100,000)","2010–2014",2.6,
"NT","0–14","Age-specific rate (per 100,000)","2011–2015",2.2,
"NT","0–14","Age-specific rate (per 100,000)","2012–2016",2.6,
"NT","0–14","Age-specific rate (per 100,000)","2013–2017",2.6,
"NT","0–14","Age-specific rate (per 100,000)","2014–2018",2.2,
"NT","0–14","Age-specific rate (per 100,000)","2015–2019",,"value"
"NT","0–14","Age-specific rate (per 100,000)","2016–2020",2.2,
"NT","0–14","Age-specific rate (per 100,000)","2017–2021",,"value"
"NT","0–14","Age-specific rate (per 100,000)","2018–2022",,"value"
"NT","0–14","Age-specific rate (per 100,000)","2019–2023",,"value"
"NT","0–14","Age-specific rate (per 100,000)","2020–2024",,"value"
"NT","5–14","Age-specific rate (per 100,000)","2001–2005",,"value"
"NT","5–14","Age-specific rate (per 100,000)","2002–2006",,"value"
"NT","5–14","Age-specific rate (per 100,000)","2003–2007",,"value"
"NT","5–14","Age-specific rate (per 100,000)","2004–2008",,"value"
"NT","5–14","Age-specific rate (per 100,000)","2005–2009",,"value"
"NT","5–14","Age-specific rate (per 100,000)","2006–2010",2.9,
"NT","5–14","Age-specific rate (per 100,000)","2007–2011",2.9,
"NT","5–14","Age-specific rate (per 100,000)","2008–2012",,"value"
"NT","5–14","Age-specific rate (per 100,000)","2009–2013",2.9,
"NT","5–14","Age-specific rate (per 100,000)","2010–2014",4.1,
"NT","5–14","Age-specific rate (per 100,000)","2011–2015",3.5,
"NT","5–14","Age-specific rate (per 100,000)","2012–2016",4.1,
"NT","5–14","Age-specific rate (per 100,000)","2013–2017",4.1,
"NT","5–14","Age-specific rate (per 100,000)","2014–2018",3.5,
"NT","5–14","Age-specific rate (per 100,000)","2015–2019",,"value"
"NT","5–14","Age-specific rate (per 100,000)","2016–2020",3.4,
"NT","5–14","Age-specific rate (per 100,000)","2017–2021",,"value"
"NT","5–14","Age-specific rate (per 100,000)","2018–2022",,"value"
"NT","5–14","Age-specific rate (per 100,000)","2019–2023",,"value"
"NT","5–14","Age-specific rate (per 100,000)","2020–2024",,"value"
"NT","0–24","Age-specific rate (per 100,000)","2001–2005",16.3,
"NT","0–24","Age-specific rate (per 100,000)","2002–2006",15.8,
"NT","0–24","Age-specific rate (per 100,000)","2003–2007",18.1,
"NT","0–24","Age-specific rate (per 100,000)","2004–2008",17,
"NT","0–24","Age-specific rate (per 100,000)","2005–2009",16,
"NT","0–24","Age-specific rate (per 100,000)","2006–2010",15,
"NT","0–24","Age-specific rate (per 100,000)","2007–2011",16.5,
"NT","0–24","Age-specific rate (per 100,000)","2008–2012",15.5,
"NT","0–24","Age-specific rate (per 100,000)","2009–2013",16.6,
"NT","0–24","Age-specific rate (per 100,000)","2010–2014",18.1,
"NT","0–24","Age-specific rate (per 100,000)","2011–2015",18.1,
"NT","0–24","Age-specific rate (per 100,000)","2012–2016",16.5,
"NT","0–24","Age-specific rate (per 100,000)","2013–2017",16.9,
"NT","0–24","Age-specific rate (per 100,000)","2014–2018",16.8,
"NT","0–24","Age-specific rate (per 100,000)","2015–2019",16.8,
"NT","0–24","Age-specific rate (per 100,000)","2016–2020",17.1,
"NT","0–24","Age-specific rate (per 100,000)","2017–2021",18.6,
"NT","0–24","Age-specific rate (per 100,000)","2018–2022",18.2,
"NT","0–24","Age-specific rate (per 100,000)","2019–2023",17.4,
"NT","0–24","Age-specific rate (per 100,000)","2020–2024",16.7,
"NT","5–24","Age-specific rate (per 100,000)","2001–2005",20.8,
"NT","5–24","Age-specific rate (per 100,000)","2002–2006",20.1,
"NT","5–24","Age-specific rate (per 100,000)","2003–2007",23,
"NT","5–24","Age-specific rate (per 100,000)","2004–2008",21.6,
"NT","5–24","Age-specific rate (per 100,000)","2005–2009",20.3,
"NT","5–24","Age-specific rate (per 100,000)","2006–2010",18.9,
"NT","5–24","Age-specific rate (per 100,000)","2007–2011",20.9,
"NT","5–24","Age-specific rate (per 100,000)","2008–2012",19.7,
"NT","5–24","Age-specific rate (per 100,000)","2009–2013",21,
"NT","5–24","Age-specific rate (per 100,000)","2010–2014",23,
"NT","5–24","Age-specific rate (per 100,000)","2011–2015",23.1,
"NT","5–24","Age-specific rate (per 100,000)","2012–2016",21.1,
"NT","5–24","Age-specific rate (per 100,000)","2013–2017",21.6,
"NT","5–24","Age-specific rate (per 100,000)","2014–2018",21.6,
"NT","5–24","Age-specific rate (per 100,000)","2015–2019",21.5,
"NT","5–24","Age-specific rate (per 100,000)","2016–2020",21.8,
"NT","5–24","Age-specific rate (per 100,000)","2017–2021",23.6,
"NT","5–24","Age-specific rate (per 100,000)","2018–2022",23,
"NT","5–24","Age-specific rate (per 100,000)","2019–2023",22,
"NT","5–24","Age-specific rate (per 100,000)","2020–2024",21,
"NT","15–24","Age-specific rate (per 100,000)","2001–2005",41.5,
"NT","15–24","Age-specific rate (per 100,000)","2002–2006",40.2,
"NT","15–24","Age-specific rate (per 100,000)","2003–2007",44.9,
"NT","15–24","Age-specific rate (per 100,000)","2004–2008",41.6,
"NT","15–24","Age-specific rate (per 100,000)","2005–2009",38.2,
"NT","15–24","Age-specific rate (per 100,000)","2006–2010",34.6,
"NT","15–24","Age-specific rate (per 100,000)","2007–2011",38.1,
"NT","15–24","Age-specific rate (per 100,000)","2008–2012",36,
"NT","15–24","Age-specific rate (per 100,000)","2009–2013",38.3,
"NT","15–24","Age-specific rate (per 100,000)","2010–2014",41,
"NT","15–24","Age-specific rate (per 100,000)","2011–2015",41.6,
"NT","15–24","Age-specific rate (per 100,000)","2012–2016",37.7,
"NT","15–24","Age-specific rate (per 100,000)","2013–2017",38.9,
"NT","15–24","Age-specific rate (per 100,000)","2014–2018",40.1,
"NT","15–24","Age-specific rate (per 100,000)","2015–2019",41.7,
"NT","15–24","Age-specific rate (per 100,000)","2016–2020",41.2,
"NT","15–24","Age-specific rate (per 100,000)","2017–2021",46.3,
"NT","15–24","Age-specific rate (per 100,000)","2018–2022",45.4,
"NT","15–24","Age-specific rate (per 100,000)","2019–2023",44,
"NT","15–24","Age-specific rate (per 100,000)","2020–2024",42,
"NT","25–34","Age-specific rate (per 100,000)","2001–2005",38.7,
"NT","25–34","Age-specific rate (per 100,000)","2002–2006",34.8,
"NT","25–34","Age-specific rate (per 100,000)","2003–2007",30.3,
"NT","25–34","Age-specific rate (per 100,000)","2004–2008",28.7,
"NT","25–34","Age-specific rate (per 100,000)","2005–2009",25.4,
"NT","25–34","Age-specific rate (per 100,000)","2006–2010",24.9,
"NT","25–34","Age-specific rate (per 100,000)","2007–2011",25.4,
"NT","25–34","Age-specific rate (per 100,000)","2008–2012",26.7,
"NT","25–34","Age-specific rate (per 100,000)","2009–2013",25.3,
"NT","25–34","Age-specific rate (per 100,000)","2010–2014",28.3,
"NT","25–34","Age-specific rate (per 100,000)","2011–2015",25.5,
"NT","25–34","Age-specific rate (per 100,000)","2012–2016",24.5,
"NT","25–34","Age-specific rate (per 100,000)","2013–2017",24.4,
"NT","25–34","Age-specific rate (per 100,000)","2014–2018",25.2,
"NT","25–34","Age-specific rate (per 100,000)","2015–2019",22.1,
"NT","25–34","Age-specific rate (per 100,000)","2016–2020",23.7,
"NT","25–34","Age-specific rate (per 100,000)","2017–2021",24.4,
"NT","25–34","Age-specific rate (per 100,000)","2018–2022",21.5,
"NT","25–34","Age-specific rate (per 100,000)","2019–2023",24.6,
"NT","25–34","Age-specific rate (per 100,000)","2020–2024",28.1,
"NT","35–44","Age-specific rate (per 100,000)","2001–2005",28.3,
"NT","35–44","Age-specific rate (per 100,000)","2002–2006",27.8,
"NT","35–44","Age-specific rate (per 100,000)","2003–2007",27.5,
"NT","35–44","Age-specific rate (per 100,000)","2004–2008",27.8,
"NT","35–44","Age-specific rate (per 100,000)","2005–2009",24,
"NT","35–44","Age-specific rate (per 100,000)","2006–2010",27.1,
"NT","35–44","Age-specific rate (per 100,000)","2007–2011",26.5,
"NT","35–44","Age-specific rate (per 100,000)","2008–2012",22.9,
"NT","35–44","Age-specific rate (per 100,000)","2009–2013",19.5,
"NT","35–44","Age-specific rate (per 100,000)","2010–2014",19.8,
"NT","35–44","Age-specific rate (per 100,000)","2011–2015",17.3,
"NT","35–44","Age-specific rate (per 100,000)","2012–2016",20.1,
"NT","35–44","Age-specific rate (per 100,000)","2013–2017",19.5,
"NT","35–44","Age-specific rate (per 100,000)","2014–2018",20.6,
"NT","35–44","Age-specific rate (per 100,000)","2015–2019",20.5,
"NT","35–44","Age-specific rate (per 100,000)","2016–2020",20.9,
"NT","35–44","Age-specific rate (per 100,000)","2017–2021",18.2,
"NT","35–44","Age-specific rate (per 100,000)","2018–2022",20.2,
"NT","35–44","Age-specific rate (per 100,000)","2019–2023",22.1,
"NT","35–44","Age-specific rate (per 100,000)","2020–2024",19.6,
"NT","45–54","Age-specific rate (per 100,000)","2001–2005",19.4,
"NT","45–54","Age-specific rate (per 100,000)","2002–2006",21.3,
"NT","45–54","Age-specific rate (per 100,000)","2003–2007",18.7,
"NT","45–54","Age-specific rate (per 100,000)","2004–2008",19.6,
"NT","45–54","Age-specific rate (per 100,000)","2005–2009",18.5,
"NT","45–54","Age-specific rate (per 100,000)","2006–2010",14.7,
"NT","45–54","Age-specific rate (per 100,000)","2007–2011",14.4,
"NT","45–54","Age-specific rate (per 100,000)","2008–2012",16.9,
"NT","45–54","Age-specific rate (per 100,000)","2009–2013",17.4,
"NT","45–54","Age-specific rate (per 100,000)","2010–2014",20.4,
"NT","45–54","Age-specific rate (per 100,000)","2011–2015",24.5,
"NT","45–54","Age-specific rate (per 100,000)","2012–2016",26.8,
"NT","45–54","Age-specific rate (per 100,000)","2013–2017",24.7,
"NT","45–54","Age-specific rate (per 100,000)","2014–2018",26.8,
"NT","45–54","Age-specific rate (per 100,000)","2015–2019",26.8,
"NT","45–54","Age-specific rate (per 100,000)","2016–2020",26.5,
"NT","45–54","Age-specific rate (per 100,000)","2017–2021",24.3,
"NT","45–54","Age-specific rate (per 100,000)","2018–2022",25.2,
"NT","45–54","Age-specific rate (per 100,000)","2019–2023",22.1,
"NT","45–54","Age-specific rate (per 100,000)","2020–2024",21.6,
"NT","55–64","Age-specific rate (per 100,000)","2001–2005",19.8,
"NT","55–64","Age-specific rate (per 100,000)","2002–2006",17.4,
"NT","55–64","Age-specific rate (per 100,000)","2003–2007",15.2,
"NT","55–64","Age-specific rate (per 100,000)","2004–2008",12.1,
"NT","55–64","Age-specific rate (per 100,000)","2005–2009",8.5,
"NT","55–64","Age-specific rate (per 100,000)","2006–2010",10.1,
"NT","55–64","Age-specific rate (per 100,000)","2007–2011",9.6,
"NT","55–64","Age-specific rate (per 100,000)","2008–2012",8.3,
"NT","55–64","Age-specific rate (per 100,000)","2009–2013",7.2,
"NT","55–64","Age-specific rate (per 100,000)","2010–2014",7.9,
"NT","55–64","Age-specific rate (per 100,000)","2011–2015",8.6,
"NT","55–64","Age-specific rate (per 100,000)","2012–2016",9.3,
"NT","55–64","Age-specific rate (per 100,000)","2013–2017",10.9,
"NT","55–64","Age-specific rate (per 100,000)","2014–2018",14.8,
"NT","55–64","Age-specific rate (per 100,000)","2015–2019",14.5,
"NT","55–64","Age-specific rate (per 100,000)","2016–2020",13.6,
"NT","55–64","Age-specific rate (per 100,000)","2017–2021",15.2,
"NT","55–64","Age-specific rate (per 100,000)","2018–2022",16.5,
"NT","55–64","Age-specific rate (per 100,000)","2019–2023",14.1,
"NT","55–64","Age-specific rate (per 100,000)","2020–2024",16.4,
"NT","45–64","Age-specific rate (per 100,000)","2001–2005",19.5,
"NT","45–64","Age-specific rate (per 100,000)","2002–2006",19.8,
"NT","45–64","Age-specific rate (per 100,000)","2003–2007",17.3,
"NT","45–64","Age-specific rate (per 100,000)","2004–2008",16.7,
"NT","45–64","Age-specific rate (per 100,000)","2005–2009",14.6,
"NT","45–64","Age-specific rate (per 100,000)","2006–2010",12.9,
"NT","45–64","Age-specific rate (per 100,000)","2007–2011",12.5,
"NT","45–64","Age-specific rate (per 100,000)","2008–2012",13.4,
"NT","45–64","Age-specific rate (per 100,000)","2009–2013",13.1,
"NT","45–64","Age-specific rate (per 100,000)","2010–2014",15.1,
"NT","45–64","Age-specific rate (per 100,000)","2011–2015",17.8,
"NT","45–64","Age-specific rate (per 100,000)","2012–2016",19.4,
"NT","45–64","Age-specific rate (per 100,000)","2013–2017",18.8,
"NT","45–64","Age-specific rate (per 100,000)","2014–2018",21.7,
"NT","45–64","Age-specific rate (per 100,000)","2015–2019",21.5,
"NT","45–64","Age-specific rate (per 100,000)","2016–2020",20.9,
"NT","45–64","Age-specific rate (per 100,000)","2017–2021",20.3,
"NT","45–64","Age-specific rate (per 100,000)","2018–2022",21.3,
"NT","45–64","Age-specific rate (per 100,000)","2019–2023",18.5,
"NT","45–64","Age-specific rate (per 100,000)","2020–2024",19.3,
"NT","65+","Age-specific rate (per 100,000)","2001–2005",32.4,
"NT","65+","Age-specific rate (per 100,000)","2002–2006",28.8,
"NT","65+","Age-specific rate (per 100,000)","2003–2007",31.7,
"NT","65+","Age-specific rate (per 100,000)","2004–2008",28.9,
"NT","65+","Age-specific rate (per 100,000)","2005–2009",34.8,
"NT","65+","Age-specific rate (per 100,000)","2006–2010",31.3,
"NT","65+","Age-specific rate (per 100,000)","2007–2011",29.7,
"NT","65+","Age-specific rate (per 100,000)","2008–2012",21.4,
"NT","65+","Age-specific rate (per 100,000)","2009–2013",18.7,
"NT","65+","Age-specific rate (per 100,000)","2010–2014",11.6,
"NT","65+","Age-specific rate (per 100,000)","2011–2015",12.2,
"NT","65+","Age-specific rate (per 100,000)","2012–2016",12.9,
"NT","65+","Age-specific rate (per 100,000)","2013–2017",16,
"NT","65+","Age-specific rate (per 100,000)","2014–2018",17.7,
"NT","65+","Age-specific rate (per 100,000)","2015–2019",18.1,
"NT","65+","Age-specific rate (per 100,000)","2016–2020",17.2,
"NT","65+","Age-specific rate (per 100,000)","2017–2021",17.5,
"NT","65+","Age-specific rate (per 100,000)","2018–2022",16.6,
"NT","65+","Age-specific rate (per 100,000)","2019–2023",14.8,
"NT","65+","Age-specific rate (per 100,000)","2020–2024",12.5,
"NT","65–74","Age-specific rate (per 100,000)","2001–2005",40.5,
"NT","65–74","Age-specific rate (per 100,000)","2002–2006",35.4,
"NT","65–74","Age-specific rate (per 100,000)","2003–2007",26.5,
"NT","65–74","Age-specific rate (per 100,000)","2004–2008",26.9,
"NT","65–74","Age-specific rate (per 100,000)","2005–2009",36,
"NT","65–74","Age-specific rate (per 100,000)","2006–2010",28.6,
"NT","65–74","Age-specific rate (per 100,000)","2007–2011",24.4,
"NT","65–74","Age-specific rate (per 100,000)","2008–2012",23,
"NT","65–74","Age-specific rate (per 100,000)","2009–2013",17.3,
"NT","65–74","Age-specific rate (per 100,000)","2010–2014",10,
"NT","65–74","Age-specific rate (per 100,000)","2011–2015",9.4,
"NT","65–74","Age-specific rate (per 100,000)","2012–2016",10.6,
"NT","65–74","Age-specific rate (per 100,000)","2013–2017",15.3,
"NT","65–74","Age-specific rate (per 100,000)","2014–2018",18.1,
"NT","65–74","Age-specific rate (per 100,000)","2015–2019",16,
"NT","65–74","Age-specific rate (per 100,000)","2016–2020",16.8,
"NT","65–74","Age-specific rate (per 100,000)","2017–2021",17.6,
"NT","65–74","Age-specific rate (per 100,000)","2018–2022",13.9,
"NT","65–74","Age-specific rate (per 100,000)","2019–2023",10.6,
"NT","65–74","Age-specific rate (per 100,000)","2020–2024",10.5,
"NT","75–84","Age-specific rate (per 100,000)","2001–2005",,"value"
"NT","75–84","Age-specific rate (per 100,000)","2002–2006",,"value"
"NT","75–84","Age-specific rate (per 100,000)","2003–2007",53.2,
"NT","75–84","Age-specific rate (per 100,000)","2004–2008",40.7,
"NT","75–84","Age-specific rate (per 100,000)","2005–2009",39.5,
"NT","75–84","Age-specific rate (per 100,000)","2006–2010",47.1,
"NT","75–84","Age-specific rate (per 100,000)","2007–2011",52.9,
"NT","75–84","Age-specific rate (per 100,000)","2008–2012",,"value"
"NT","75–84","Age-specific rate (per 100,000)","2009–2013",,"value"
"NT","75–84","Age-specific rate (per 100,000)","2010–2014",,"value"
"NT","75–84","Age-specific rate (per 100,000)","2011–2015",,"value"
"NT","75–84","Age-specific rate (per 100,000)","2012–2016",,"value"
"NT","75–84","Age-specific rate (per 100,000)","2013–2017",,"value"
"NT","75–84","Age-specific rate (per 100,000)","2014–2018",,"value"
"NT","75–84","Age-specific rate (per 100,000)","2015–2019",24.3,
"NT","75–84","Age-specific rate (per 100,000)","2016–2020",,"value"
"NT","75–84","Age-specific rate (per 100,000)","2017–2021",,"value"
"NT","75–84","Age-specific rate (per 100,000)","2018–2022",20.1,
"NT","75–84","Age-specific rate (per 100,000)","2019–2023",22.5,
"NT","75–84","Age-specific rate (per 100,000)","2020–2024",17,
"NT","85+","Age-specific rate (per 100,000)","2001–2005",,
"NT","85+","Age-specific rate (per 100,000)","2002–2006",,
"NT","85+","Age-specific rate (per 100,000)","2003–2007",,
"NT","85+","Age-specific rate (per 100,000)","2004–2008",,
"NT","85+","Age-specific rate (per 100,000)","2005–2009",,
"NT","85+","Age-specific rate (per 100,000)","2006–2010",,
"NT","85+","Age-specific rate (per 100,000)","2007–2011",,
"NT","85+","Age-specific rate (per 100,000)","2008–2012",,
"NT","85+","Age-specific rate (per 100,000)","2009–2013",,
"NT","85+","Age-specific rate (per 100,000)","2010–2014",,
"NT","85+","Age-specific rate (per 100,000)","2011–2015",,
"NT","85+","Age-specific rate (per 100,000)","2012–2016",,
"NT","85+","Age-specific rate (per 100,000)","2013–2017",,
"NT","85+","Age-specific rate (per 100,000)","2014–2018",,
"NT","85+","Age-specific rate (per 100,000)","2015–2019",,"value"
"NT","85+","Age-specific rate (per 100,000)","2016–2020",,"value"
"NT","85+","Age-specific rate (per 100,000)","2017–2021",,"value"
"NT","85+","Age-specific rate (per 100,000)","2018–2022",,"value"
"NT","85+","Age-specific rate (per 100,000)","2019–2023",,"value"
"NT","85+","Age-specific rate (per 100,000)","2020–2024",,"value"
"NT","Total","Age-specific rate (per 100,000)","2001–2005",23.6,
"NT","Total","Age-specific rate (per 100,000)","2002–2006",22.5,
"NT","Total","Age-specific rate (per 100,000)","2003–2007",22.1,
"NT","Total","Age-specific rate (per 100,000)","2004–2008",21.2,
"NT","Total","Age-specific rate (per 100,000)","2005–2009",19.5,
"NT","Total","Age-specific rate (per 100,000)","2006–2010",18.9,
"NT","Total","Age-specific rate (per 100,000)","2007–2011",19.4,
"NT","Total","Age-specific rate (per 100,000)","2008–2012",18.5,
"NT","Total","Age-specific rate (per 100,000)","2009–2013",17.9,
"NT","Total","Age-specific rate (per 100,000)","2010–2014",19.2,
"NT","Total","Age-specific rate (per 100,000)","2011–2015",18.9,
"NT","Total","Age-specific rate (per 100,000)","2012–2016",19,
"NT","Total","Age-specific rate (per 100,000)","2013–2017",19.1,
"NT","Total","Age-specific rate (per 100,000)","2014–2018",20.2,
"NT","Total","Age-specific rate (per 100,000)","2015–2019",19.6,
"NT","Total","Age-specific rate (per 100,000)","2016–2020",19.8,
"NT","Total","Age-specific rate (per 100,000)","2017–2021",20,
"NT","Total","Age-specific rate (per 100,000)","2018–2022",19.7,
"NT","Total","Age-specific rate (per 100,000)","2019–2023",19.5,
"NT","Total","Age-specific rate (per 100,000)","2020–2024",19.5,
"Australia","0–14","Age-specific rate (per 100,000)","2001–2005",0.2,
"Australia","0–14","Age-specific rate (per 100,000)","2002–2006",0.2,
"Australia","0–14","Age-specific rate (per 100,000)","2003–2007",0.3,
"Australia","0–14","Age-specific rate (per 100,000)","2004–2008",0.2,
"Australia","0–14","Age-specific rate (per 100,000)","2005–2009",0.2,
"Australia","0–14","Age-specific rate (per 100,000)","2006–2010",0.2,
"Australia","0–14","Age-specific rate (per 100,000)","2007–2011",0.3,
"Australia","0–14","Age-specific rate (per 100,000)","2008–2012",0.3,
"Australia","0–14","Age-specific rate (per 100,000)","2009–2013",0.3,
"Australia","0–14","Age-specific rate (per 100,000)","2010–2014",0.4,
"Australia","0–14","Age-specific rate (per 100,000)","2011–2015",0.4,
"Australia","0–14","Age-specific rate (per 100,000)","2012–2016",0.4,
"Australia","0–14","Age-specific rate (per 100,000)","2013–2017",0.4,
"Australia","0–14","Age-specific rate (per 100,000)","2014–2018",0.4,
"Australia","0–14","Age-specific rate (per 100,000)","2015–2019",0.4,
"Australia","0–14","Age-specific rate (per 100,000)","2016–2020",0.5,
"Australia","0–14","Age-specific rate (per 100,000)","2017–2021",0.5,
"Australia","0–14","Age-specific rate (per 100,000)","2018–2022",0.5,
"Australia","0–14","Age-specific rate (per 100,000)","2019–2023",0.5,
"Australia","0–14","Age-specific rate (per 100,000)","2020–2024",0.5,
"Australia","5–14","Age-specific rate (per 100,000)","2001–2005",0.4,
"Australia","5–14","Age-specific rate (per 100,000)","2002–2006",0.3,
"Australia","5–14","Age-specific rate (per 100,000)","2003–2007",0.4,
"Australia","5–14","Age-specific rate (per 100,000)","2004–2008",0.4,
"Australia","5–14","Age-specific rate (per 100,000)","2005–2009",0.3,
"Australia","5–14","Age-specific rate (per 100,000)","2006–2010",0.3,
"Australia","5–14","Age-specific rate (per 100,000)","2007–2011",0.4,
"Australia","5–14","Age-specific rate (per 100,000)","2008–2012",0.4,
"Australia","5–14","Age-specific rate (per 100,000)","2009–2013",0.5,
"Australia","5–14","Age-specific rate (per 100,000)","2010–2014",0.6,
"Australia","5–14","Age-specific rate (per 100,000)","2011–2015",0.6,
"Australia","5–14","Age-specific rate (per 100,000)","2012–2016",0.6,
"Australia","5–14","Age-specific rate (per 100,000)","2013–2017",0.7,
"Australia","5–14","Age-specific rate (per 100,000)","2014–2018",0.7,
"Australia","5–14","Age-specific rate (per 100,000)","2015–2019",0.6,
"Australia","5–14","Age-specific rate (per 100,000)","2016–2020",0.7,
"Australia","5–14","Age-specific rate (per 100,000)","2017–2021",0.8,
"Australia","5–14","Age-specific rate (per 100,000)","2018–2022",0.7,
"Australia","5–14","Age-specific rate (per 100,000)","2019–2023",0.7,
"Australia","5–14","Age-specific rate (per 100,000)","2020–2024",0.7,
"Australia","0–24","Age-specific rate (per 100,000)","2001–2005",4.7,
"Australia","0–24","Age-specific rate (per 100,000)","2002–2006",4.5,
"Australia","0–24","Age-specific rate (per 100,000)","2003–2007",4.4,
"Australia","0–24","Age-specific rate (per 100,000)","2004–2008",4.4,
"Australia","0–24","Age-specific rate (per 100,000)","2005–2009",4.3,
"Australia","0–24","Age-specific rate (per 100,000)","2006–2010",4.3,
"Australia","0–24","Age-specific rate (per 100,000)","2007–2011",4.3,
"Australia","0–24","Age-specific rate (per 100,000)","2008–2012",4.4,
"Australia","0–24","Age-specific rate (per 100,000)","2009–2013",4.6,
"Australia","0–24","Age-specific rate (per 100,000)","2010–2014",4.9,
"Australia","0–24","Age-specific rate (per 100,000)","2011–2015",5,
"Australia","0–24","Age-specific rate (per 100,000)","2012–2016",5.2,
"Australia","0–24","Age-specific rate (per 100,000)","2013–2017",5.4,
"Australia","0–24","Age-specific rate (per 100,000)","2014–2018",5.6,
"Australia","0–24","Age-specific rate (per 100,000)","2015–2019",5.7,
"Australia","0–24","Age-specific rate (per 100,000)","2016–2020",5.9,
"Australia","0–24","Age-specific rate (per 100,000)","2017–2021",5.9,
"Australia","0–24","Age-specific rate (per 100,000)","2018–2022",5.7,
"Australia","0–24","Age-specific rate (per 100,000)","2019–2023",5.6,
"Australia","0–24","Age-specific rate (per 100,000)","2020–2024",5.2,
"Australia","5–24","Age-specific rate (per 100,000)","2001–2005",5.8,
"Australia","5–24","Age-specific rate (per 100,000)","2002–2006",5.6,
"Australia","5–24","Age-specific rate (per 100,000)","2003–2007",5.5,
"Australia","5–24","Age-specific rate (per 100,000)","2004–2008",5.4,
"Australia","5–24","Age-specific rate (per 100,000)","2005–2009",5.3,
"Australia","5–24","Age-specific rate (per 100,000)","2006–2010",5.3,
"Australia","5–24","Age-specific rate (per 100,000)","2007–2011",5.4,
"Australia","5–24","Age-specific rate (per 100,000)","2008–2012",5.5,
"Australia","5–24","Age-specific rate (per 100,000)","2009–2013",5.7,
"Australia","5–24","Age-specific rate (per 100,000)","2010–2014",6.1,
"Australia","5–24","Age-specific rate (per 100,000)","2011–2015",6.3,
"Australia","5–24","Age-specific rate (per 100,000)","2012–2016",6.5,
"Australia","5–24","Age-specific rate (per 100,000)","2013–2017",6.8,
"Australia","5–24","Age-specific rate (per 100,000)","2014–2018",7,
"Australia","5–24","Age-specific rate (per 100,000)","2015–2019",7.2,
"Australia","5–24","Age-specific rate (per 100,000)","2016–2020",7.3,
"Australia","5–24","Age-specific rate (per 100,000)","2017–2021",7.3,
"Australia","5–24","Age-specific rate (per 100,000)","2018–2022",7.1,
"Australia","5–24","Age-specific rate (per 100,000)","2019–2023",7,
"Australia","5–24","Age-specific rate (per 100,000)","2020–2024",6.4,
"Australia","15–24","Age-specific rate (per 100,000)","2001–2005",11.2,
"Australia","15–24","Age-specific rate (per 100,000)","2002–2006",10.7,
"Australia","15–24","Age-specific rate (per 100,000)","2003–2007",10.4,
"Australia","15–24","Age-specific rate (per 100,000)","2004–2008",10.1,
"Australia","15–24","Age-specific rate (per 100,000)","2005–2009",10,
"Australia","15–24","Age-specific rate (per 100,000)","2006–2010",9.9,
"Australia","15–24","Age-specific rate (per 100,000)","2007–2011",9.9,
"Australia","15–24","Age-specific rate (per 100,000)","2008–2012",10,
"Australia","15–24","Age-specific rate (per 100,000)","2009–2013",10.5,
"Australia","15–24","Age-specific rate (per 100,000)","2010–2014",11,
"Australia","15–24","Age-specific rate (per 100,000)","2011–2015",11.5,
"Australia","15–24","Age-specific rate (per 100,000)","2012–2016",12,
"Australia","15–24","Age-specific rate (per 100,000)","2013–2017",12.5,
"Australia","15–24","Age-specific rate (per 100,000)","2014–2018",12.9,
"Australia","15–24","Age-specific rate (per 100,000)","2015–2019",13.4,
"Australia","15–24","Age-specific rate (per 100,000)","2016–2020",13.7,
"Australia","15–24","Age-specific rate (per 100,000)","2017–2021",13.6,
"Australia","15–24","Age-specific rate (per 100,000)","2018–2022",13.6,
"Australia","15–24","Age-specific rate (per 100,000)","2019–2023",13.5,
"Australia","15–24","Age-specific rate (per 100,000)","2020–2024",12.2,
"Australia","25–34","Age-specific rate (per 100,000)","2001–2005",18,
"Australia","25–34","Age-specific rate (per 100,000)","2002–2006",16.3,
"Australia","25–34","Age-specific rate (per 100,000)","2003–2007",15.5,
"Australia","25–34","Age-specific rate (per 100,000)","2004–2008",15,
"Australia","25–34","Age-specific rate (per 100,000)","2005–2009",14.6,
"Australia","25–34","Age-specific rate (per 100,000)","2006–2010",14.1,
"Australia","25–34","Age-specific rate (per 100,000)","2007–2011",14.2,
"Australia","25–34","Age-specific rate (per 100,000)","2008–2012",13.9,
"Australia","25–34","Age-specific rate (per 100,000)","2009–2013",13.5,
"Australia","25–34","Age-specific rate (per 100,000)","2010–2014",13.7,
"Australia","25–34","Age-specific rate (per 100,000)","2011–2015",14.1,
"Australia","25–34","Age-specific rate (per 100,000)","2012–2016",14.6,
"Australia","25–34","Age-specific rate (per 100,000)","2013–2017",15.3,
"Australia","25–34","Age-specific rate (per 100,000)","2014–2018",15.8,
"Australia","25–34","Age-specific rate (per 100,000)","2015–2019",16,
"Australia","25–34","Age-specific rate (per 100,000)","2016–2020",16,
"Australia","25–34","Age-specific rate (per 100,000)","2017–2021",15.8,
"Australia","25–34","Age-specific rate (per 100,000)","2018–2022",15.8,
"Australia","25–34","Age-specific rate (per 100,000)","2019–2023",16.3,
"Australia","25–34","Age-specific rate (per 100,000)","2020–2024",16.1,
"Australia","35–44","Age-specific rate (per 100,000)","2001–2005",17.1,
"Australia","35–44","Age-specific rate (per 100,000)","2002–2006",16.4,
"Australia","35–44","Age-specific rate (per 100,000)","2003–2007",15.8,
"Australia","35–44","Age-specific rate (per 100,000)","2004–2008",16,
"Australia","35–44","Age-specific rate (per 100,000)","2005–2009",16,
"Australia","35–44","Age-specific rate (per 100,000)","2006–2010",16.5,
"Australia","35–44","Age-specific rate (per 100,000)","2007–2011",16.5,
"Australia","35–44","Age-specific rate (per 100,000)","2008–2012",16.7,
"Australia","35–44","Age-specific rate (per 100,000)","2009–2013",16.6,
"Australia","35–44","Age-specific rate (per 100,000)","2010–2014",17,
"Australia","35–44","Age-specific rate (per 100,000)","2011–2015",17.2,
"Australia","35–44","Age-specific rate (per 100,000)","2012–2016",17.6,
"Australia","35–44","Age-specific rate (per 100,000)","2013–2017",18.1,
"Australia","35–44","Age-specific rate (per 100,000)","2014–2018",18.4,
"Australia","35–44","Age-specific rate (per 100,000)","2015–2019",18.5,
"Australia","35–44","Age-specific rate (per 100,000)","2016–2020",18,
"Australia","35–44","Age-specific rate (per 100,000)","2017–2021",17.8,
"Australia","35–44","Age-specific rate (per 100,000)","2018–2022",17.3,
"Australia","35–44","Age-specific rate (per 100,000)","2019–2023",17.1,
"Australia","35–44","Age-specific rate (per 100,000)","2020–2024",16.7,
"Australia","45–54","Age-specific rate (per 100,000)","2001–2005",14.5,
"Australia","45–54","Age-specific rate (per 100,000)","2002–2006",14.3,
"Australia","45–54","Age-specific rate (per 100,000)","2003–2007",14.2,
"Australia","45–54","Age-specific rate (per 100,000)","2004–2008",14.5,
"Australia","45–54","Age-specific rate (per 100,000)","2005–2009",15.1,
"Australia","45–54","Age-specific rate (per 100,000)","2006–2010",15.5,
"Australia","45–54","Age-specific rate (per 100,000)","2007–2011",15.5,
"Australia","45–54","Age-specific rate (per 100,000)","2008–2012",16,
"Australia","45–54","Age-specific rate (per 100,000)","2009–2013",16.2,
"Australia","45–54","Age-specific rate (per 100,000)","2010–2014",16.6,
"Australia","45–54","Age-specific rate (per 100,000)","2011–2015",17.5,
"Australia","45–54","Age-specific rate (per 100,000)","2012–2016",17.9,
"Australia","45–54","Age-specific rate (per 100,000)","2013–2017",18.5,
"Australia","45–54","Age-specific rate (per 100,000)","2014–2018",18.9,
"Australia","45–54","Age-specific rate (per 100,000)","2015–2019",19,
"Australia","45–54","Age-specific rate (per 100,000)","2016–2020",18.1,
"Australia","45–54","Age-specific rate (per 100,000)","2017–2021",18.3,
"Australia","45–54","Age-specific rate (per 100,000)","2018–2022",18.3,
"Australia","45–54","Age-specific rate (per 100,000)","2019–2023",18.3,
"Australia","45–54","Age-specific rate (per 100,000)","2020–2024",18.3,
"Australia","55–64","Age-specific rate (per 100,000)","2001–2005",10.7,
"Australia","55–64","Age-specific rate (per 100,000)","2002–2006",10.7,
"Australia","55–64","Age-specific rate (per 100,000)","2003–2007",11,
"Australia","55–64","Age-specific rate (per 100,000)","2004–2008",11.2,
"Australia","55–64","Age-specific rate (per 100,000)","2005–2009",11.8,
"Australia","55–64","Age-specific rate (per 100,000)","2006–2010",12.3,
"Australia","55–64","Age-specific rate (per 100,000)","2007–2011",12.4,
"Australia","55–64","Age-specific rate (per 100,000)","2008–2012",12.5,
"Australia","55–64","Age-specific rate (per 100,000)","2009–2013",12.8,
"Australia","55–64","Age-specific rate (per 100,000)","2010–2014",13.5,
"Australia","55–64","Age-specific rate (per 100,000)","2011–2015",13.7,
"Australia","55–64","Age-specific rate (per 100,000)","2012–2016",14.1,
"Australia","55–64","Age-specific rate (per 100,000)","2013–2017",14.8,
"Australia","55–64","Age-specific rate (per 100,000)","2014–2018",15.5,
"Australia","55–64","Age-specific rate (per 100,000)","2015–2019",15.7,
"Australia","55–64","Age-specific rate (per 100,000)","2016–2020",15.9,
"Australia","55–64","Age-specific rate (per 100,000)","2017–2021",16,
"Australia","55–64","Age-specific rate (per 100,000)","2018–2022",15.7,
"Australia","55–64","Age-specific rate (per 100,000)","2019–2023",15.7,
"Australia","55–64","Age-specific rate (per 100,000)","2020–2024",15.9,
"Australia","45–64","Age-specific rate (per 100,000)","2001–2005",12.9,
"Australia","45–64","Age-specific rate (per 100,000)","2002–2006",12.7,
"Australia","45–64","Age-specific rate (per 100,000)","2003–2007",12.8,
"Australia","45–64","Age-specific rate (per 100,000)","2004–2008",13,
"Australia","45–64","Age-specific rate (per 100,000)","2005–2009",13.6,
"Australia","45–64","Age-specific rate (per 100,000)","2006–2010",14.1,
"Australia","45–64","Age-specific rate (per 100,000)","2007–2011",14.1,
"Australia","45–64","Age-specific rate (per 100,000)","2008–2012",14.4,
"Australia","45–64","Age-specific rate (per 100,000)","2009–2013",14.6,
"Australia","45–64","Age-specific rate (per 100,000)","2010–2014",15.2,
"Australia","45–64","Age-specific rate (per 100,000)","2011–2015",15.8,
"Australia","45–64","Age-specific rate (per 100,000)","2012–2016",16.1,
"Australia","45–64","Age-specific rate (per 100,000)","2013–2017",16.8,
"Australia","45–64","Age-specific rate (per 100,000)","2014–2018",17.3,
"Australia","45–64","Age-specific rate (per 100,000)","2015–2019",17.4,
"Australia","45–64","Age-specific rate (per 100,000)","2016–2020",17,
"Australia","45–64","Age-specific rate (per 100,000)","2017–2021",17.2,
"Australia","45–64","Age-specific rate (per 100,000)","2018–2022",17,
"Australia","45–64","Age-specific rate (per 100,000)","2019–2023",17,
"Australia","45–64","Age-specific rate (per 100,000)","2020–2024",17.1,
"Australia","65+","Age-specific rate (per 100,000)","2001–2005",11.9,
"Australia","65+","Age-specific rate (per 100,000)","2002–2006",11.7,
"Australia","65+","Age-specific rate (per 100,000)","2003–2007",11.5,
"Australia","65+","Age-specific rate (per 100,000)","2004–2008",11.6,
"Australia","65+","Age-specific rate (per 100,000)","2005–2009",11.3,
"Australia","65+","Age-specific rate (per 100,000)","2006–2010",11.5,
"Australia","65+","Age-specific rate (per 100,000)","2007–2011",11.5,
"Australia","65+","Age-specific rate (per 100,000)","2008–2012",11.8,
"Australia","65+","Age-specific rate (per 100,000)","2009–2013",12,
"Australia","65+","Age-specific rate (per 100,000)","2010–2014",12.2,
"Australia","65+","Age-specific rate (per 100,000)","2011–2015",12.6,
"Australia","65+","Age-specific rate (per 100,000)","2012–2016",12.8,
"Australia","65+","Age-specific rate (per 100,000)","2013–2017",13,
"Australia","65+","Age-specific rate (per 100,000)","2014–2018",12.9,
"Australia","65+","Age-specific rate (per 100,000)","2015–2019",13,
"Australia","65+","Age-specific rate (per 100,000)","2016–2020",12.8,
"Australia","65+","Age-specific rate (per 100,000)","2017–2021",13,
"Australia","65+","Age-specific rate (per 100,000)","2018–2022",13,
"Australia","65+","Age-specific rate (per 100,000)","2019–2023",13.1,
"Australia","65+","Age-specific rate (per 100,000)","2020–2024",13,
"Australia","65–74","Age-specific rate (per 100,000)","2001–2005",11.4,
"Australia","65–74","Age-specific rate (per 100,000)","2002–2006",11.2,
"Australia","65–74","Age-specific rate (per 100,000)","2003–2007",11,
"Australia","65–74","Age-specific rate (per 100,000)","2004–2008",11,
"Australia","65–74","Age-specific rate (per 100,000)","2005–2009",10.5,
"Australia","65–74","Age-specific rate (per 100,000)","2006–2010",10.4,
"Australia","65–74","Age-specific rate (per 100,000)","2007–2011",10.2,
"Australia","65–74","Age-specific rate (per 100,000)","2008–2012",10.4,
"Australia","65–74","Age-specific rate (per 100,000)","2009–2013",10.3,
"Australia","65–74","Age-specific rate (per 100,000)","2010–2014",10.6,
"Australia","65–74","Age-specific rate (per 100,000)","2011–2015",11.1,
"Australia","65–74","Age-specific rate (per 100,000)","2012–2016",11.1,
"Australia","65–74","Age-specific rate (per 100,000)","2013–2017",11.7,
"Australia","65–74","Age-specific rate (per 100,000)","2014–2018",11.7,
"Australia","65–74","Age-specific rate (per 100,000)","2015–2019",11.6,
"Australia","65–74","Age-specific rate (per 100,000)","2016–2020",11.4,
"Australia","65–74","Age-specific rate (per 100,000)","2017–2021",11.8,
"Australia","65–74","Age-specific rate (per 100,000)","2018–2022",11.6,
"Australia","65–74","Age-specific rate (per 100,000)","2019–2023",11.7,
"Australia","65–74","Age-specific rate (per 100,000)","2020–2024",12.1,
"Australia","75–84","Age-specific rate (per 100,000)","2001–2005",12,
"Australia","75–84","Age-specific rate (per 100,000)","2002–2006",11.7,
"Australia","75–84","Age-specific rate (per 100,000)","2003–2007",11.8,
"Australia","75–84","Age-specific rate (per 100,000)","2004–2008",11.8,
"Australia","75–84","Age-specific rate (per 100,000)","2005–2009",11.6,
"Australia","75–84","Age-specific rate (per 100,000)","2006–2010",12.4,
"Australia","75–84","Age-specific rate (per 100,000)","2007–2011",12.6,
"Australia","75–84","Age-specific rate (per 100,000)","2008–2012",13.1,
"Australia","75–84","Age-specific rate (per 100,000)","2009–2013",13.4,
"Australia","75–84","Age-specific rate (per 100,000)","2010–2014",13.3,
"Australia","75–84","Age-specific rate (per 100,000)","2011–2015",13.1,
"Australia","75–84","Age-specific rate (per 100,000)","2012–2016",13.5,
"Australia","75–84","Age-specific rate (per 100,000)","2013–2017",13.2,
"Australia","75–84","Age-specific rate (per 100,000)","2014–2018",13.3,
"Australia","75–84","Age-specific rate (per 100,000)","2015–2019",13.5,
"Australia","75–84","Age-specific rate (per 100,000)","2016–2020",13.3,
"Australia","75–84","Age-specific rate (per 100,000)","2017–2021",13.3,
"Australia","75–84","Age-specific rate (per 100,000)","2018–2022",13.4,
"Australia","75–84","Age-specific rate (per 100,000)","2019–2023",13.3,
"Australia","75–84","Age-specific rate (per 100,000)","2020–2024",12.5,
"Australia","85+","Age-specific rate (per 100,000)","2001–2005",13.6,
"Australia","85+","Age-specific rate (per 100,000)","2002–2006",14.2,
"Australia","85+","Age-specific rate (per 100,000)","2003–2007",13.4,
"Australia","85+","Age-specific rate (per 100,000)","2004–2008",13.3,
"Australia","85+","Age-specific rate (per 100,000)","2005–2009",13.6,
"Australia","85+","Age-specific rate (per 100,000)","2006–2010",13.4,
"Australia","85+","Age-specific rate (per 100,000)","2007–2011",13.9,
"Australia","85+","Age-specific rate (per 100,000)","2008–2012",14.4,
"Australia","85+","Age-specific rate (per 100,000)","2009–2013",15.6,
"Australia","85+","Age-specific rate (per 100,000)","2010–2014",16.4,
"Australia","85+","Age-specific rate (per 100,000)","2011–2015",17.7,
"Australia","85+","Age-specific rate (per 100,000)","2012–2016",18,
"Australia","85+","Age-specific rate (per 100,000)","2013–2017",18,
"Australia","85+","Age-specific rate (per 100,000)","2014–2018",17.5,
"Australia","85+","Age-specific rate (per 100,000)","2015–2019",17.5,
"Australia","85+","Age-specific rate (per 100,000)","2016–2020",17.7,
"Australia","85+","Age-specific rate (per 100,000)","2017–2021",18.2,
"Australia","85+","Age-specific rate (per 100,000)","2018–2022",18.8,
"Australia","85+","Age-specific rate (per 100,000)","2019–2023",18.6,
"Australia","85+","Age-specific rate (per 100,000)","2020–2024",18.5,
"Australia","Total","Age-specific rate (per 100,000)","2001–2005",11.3,
"Australia","Total","Age-specific rate (per 100,000)","2002–2006",10.9,
"Australia","Total","Age-specific rate (per 100,000)","2003–2007",10.7,
"Australia","Total","Age-specific rate (per 100,000)","2004–2008",10.6,
"Australia","Total","Age-specific rate (per 100,000)","2005–2009",10.7,
"Australia","Total","Age-specific rate (per 100,000)","2006–2010",10.8,
"Australia","Total","Age-specific rate (per 100,000)","2007–2011",10.9,
"Australia","Total","Age-specific rate (per 100,000)","2008–2012",11,
"Australia","Total","Age-specific rate (per 100,000)","2009–2013",11.1,
"Australia","Total","Age-specific rate (per 100,000)","2010–2014",11.5,
"Australia","Total","Age-specific rate (per 100,000)","2011–2015",11.8,
"Australia","Total","Age-specific rate (per 100,000)","2012–2016",12.1,
"Australia","Total","Age-specific rate (per 100,000)","2013–2017",12.5,
"Australia","Total","Age-specific rate (per 100,000)","2014–2018",12.8,
"Australia","Total","Age-specific rate (per 100,000)","2015–2019",12.9,
"Australia","Total","Age-specific rate (per 100,000)","2016–2020",12.8,
"Australia","Total","Age-specific rate (per 100,000)","2017–2021",12.9,
"Australia","Total","Age-specific rate (per 100,000)","2018–2022",12.7,
"Australia","Total","Age-specific rate (per 100,000)","2019–2023",12.8,
"Australia","Total","Age-specific rate (per 100,000)","2020–2024",12.6,
"NSW","0–14","Number","2001–2005",13,
"NSW","0–14","Number","2002–2006",12,
"NSW","0–14","Number","2003–2007",14,
"NSW","0–14","Number","2004–2008",13,
"NSW","0–14","Number","2005–2009",10,
"NSW","0–14","Number","2006–2010",9,
"NSW","0–14","Number","2007–2011",14,
"NSW","0–14","Number","2008–2012",12,
"NSW","0–14","Number","2009–2013",12,
"NSW","0–14","Number","2010–2014",18,
"NSW","0–14","Number","2011–2015",21,
"NSW","0–14","Number","2012–2016",19,
"NSW","0–14","Number","2013–2017",25,
"NSW","0–14","Number","2014–2018",30,
"NSW","0–14","Number","2015–2019",28,
"NSW","0–14","Number","2016–2020",30,
"NSW","0–14","Number","2017–2021",35,
"NSW","0–14","Number","2018–2022",30,
"NSW","0–14","Number","2019–2023",29,
"NSW","0–14","Number","2020–2024",28,
"NSW","5–14","Number","2001–2005",13,
"NSW","5–14","Number","2002–2006",12,
"NSW","5–14","Number","2003–2007",14,
"NSW","5–14","Number","2004–2008",13,
"NSW","5–14","Number","2005–2009",10,
"NSW","5–14","Number","2006–2010",9,
"NSW","5–14","Number","2007–2011",14,
"NSW","5–14","Number","2008–2012",12,
"NSW","5–14","Number","2009–2013",12,
"NSW","5–14","Number","2010–2014",18,
"NSW","5–14","Number","2011–2015",21,
"NSW","5–14","Number","2012–2016",19,
"NSW","5–14","Number","2013–2017",25,
"NSW","5–14","Number","2014–2018",30,
"NSW","5–14","Number","2015–2019",28,
"NSW","5–14","Number","2016–2020",30,
"NSW","5–14","Number","2017–2021",35,
"NSW","5–14","Number","2018–2022",30,
"NSW","5–14","Number","2019–2023",29,
"NSW","5–14","Number","2020–2024",28,
"NSW","0–24","Number","2001–2005",408,
"NSW","0–24","Number","2002–2006",388,
"NSW","0–24","Number","2003–2007",361,
"NSW","0–24","Number","2004–2008",344,
"NSW","0–24","Number","2005–2009",329,
"NSW","0–24","Number","2006–2010",327,
"NSW","0–24","Number","2007–2011",319,
"NSW","0–24","Number","2008–2012",337,
"NSW","0–24","Number","2009–2013",365,
"NSW","0–24","Number","2010–2014",410,
"NSW","0–24","Number","2011–2015",448,
"NSW","0–24","Number","2012–2016",497,
"NSW","0–24","Number","2013–2017",543,
"NSW","0–24","Number","2014–2018",578,
"NSW","0–24","Number","2015–2019",607,
"NSW","0–24","Number","2016–2020",634,
"NSW","0–24","Number","2017–2021",630,
"NSW","0–24","Number","2018–2022",608,
"NSW","0–24","Number","2019–2023",585,
"NSW","0–24","Number","2020–2024",524,
"NSW","5–24","Number","2001–2005",408,
"NSW","5–24","Number","2002–2006",388,
"NSW","5–24","Number","2003–2007",361,
"NSW","5–24","Number","2004–2008",344,
"NSW","5–24","Number","2005–2009",329,
"NSW","5–24","Number","2006–2010",327,
"NSW","5–24","Number","2007–2011",319,
"NSW","5–24","Number","2008–2012",337,
"NSW","5–24","Number","2009–2013",365,
"NSW","5–24","Number","2010–2014",410,
"NSW","5–24","Number","2011–2015",448,
"NSW","5–24","Number","2012–2016",497,
"NSW","5–24","Number","2013–2017",543,
"NSW","5–24","Number","2014–2018",578,
"NSW","5–24","Number","2015–2019",607,
"NSW","5–24","Number","2016–2020",634,
"NSW","5–24","Number","2017–2021",630,
"NSW","5–24","Number","2018–2022",608,
"NSW","5–24","Number","2019–2023",585,
"NSW","5–24","Number","2020–2024",524,
"NSW","15–24","Number","2001–2005",395,
"NSW","15–24","Number","2002–2006",376,
"NSW","15–24","Number","2003–2007",347,
"NSW","15–24","Number","2004–2008",331,
"NSW","15–24","Number","2005–2009",319,
"NSW","15–24","Number","2006–2010",318,
"NSW","15–24","Number","2007–2011",305,
"NSW","15–24","Number","2008–2012",325,
"NSW","15–24","Number","2009–2013",353,
"NSW","15–24","Number","2010–2014",392,
"NSW","15–24","Number","2011–2015",427,
"NSW","15–24","Number","2012–2016",478,
"NSW","15–24","Number","2013–2017",518,
"NSW","15–24","Number","2014–2018",548,
"NSW","15–24","Number","2015–2019",579,
"NSW","15–24","Number","2016–2020",604,
"NSW","15–24","Number","2017–2021",595,
"NSW","15–24","Number","2018–2022",578,
"NSW","15–24","Number","2019–2023",556,
"NSW","15–24","Number","2020–2024",496,
"NSW","25–34","Number","2001–2005",720,
"NSW","25–34","Number","2002–2006",645,
"NSW","25–34","Number","2003–2007",598,
"NSW","25–34","Number","2004–2008",542,
"NSW","25–34","Number","2005–2009",543,
"NSW","25–34","Number","2006–2010",542,
"NSW","25–34","Number","2007–2011",559,
"NSW","25–34","Number","2008–2012",557,
"NSW","25–34","Number","2009–2013",579,
"NSW","25–34","Number","2010–2014",584,
"NSW","25–34","Number","2011–2015",627,
"NSW","25–34","Number","2012–2016",664,
"NSW","25–34","Number","2013–2017",710,
"NSW","25–34","Number","2014–2018",738,
"NSW","25–34","Number","2015–2019",784,
"NSW","25–34","Number","2016–2020",800,
"NSW","25–34","Number","2017–2021",823,
"NSW","25–34","Number","2018–2022",817,
"NSW","25–34","Number","2019–2023",819,
"NSW","25–34","Number","2020–2024",799,
"NSW","35–44","Number","2001–2005",725,
"NSW","35–44","Number","2002–2006",672,
"NSW","35–44","Number","2003–2007",639,
"NSW","35–44","Number","2004–2008",639,
"NSW","35–44","Number","2005–2009",636,
"NSW","35–44","Number","2006–2010",674,
"NSW","35–44","Number","2007–2011",679,
"NSW","35–44","Number","2008–2012",690,
"NSW","35–44","Number","2009–2013",691,
"NSW","35–44","Number","2010–2014",721,
"NSW","35–44","Number","2011–2015",724,
"NSW","35–44","Number","2012–2016",764,
"NSW","35–44","Number","2013–2017",777,
"NSW","35–44","Number","2014–2018",825,
"NSW","35–44","Number","2015–2019",834,
"NSW","35–44","Number","2016–2020",820,
"NSW","35–44","Number","2017–2021",818,
"NSW","35–44","Number","2018–2022",828,
"NSW","35–44","Number","2019–2023",802,
"NSW","35–44","Number","2020–2024",803,
"NSW","45–54","Number","2001–2005",589,
"NSW","45–54","Number","2002–2006",542,
"NSW","45–54","Number","2003–2007",540,
"NSW","45–54","Number","2004–2008",570,
"NSW","45–54","Number","2005–2009",599,
"NSW","45–54","Number","2006–2010",637,
"NSW","45–54","Number","2007–2011",641,
"NSW","45–54","Number","2008–2012",682,
"NSW","45–54","Number","2009–2013",681,
"NSW","45–54","Number","2010–2014",720,
"NSW","45–54","Number","2011–2015",763,
"NSW","45–54","Number","2012–2016",786,
"NSW","45–54","Number","2013–2017",791,
"NSW","45–54","Number","2014–2018",818,
"NSW","45–54","Number","2015–2019",839,
"NSW","45–54","Number","2016–2020",816,
"NSW","45–54","Number","2017–2021",839,
"NSW","45–54","Number","2018–2022",850,
"NSW","45–54","Number","2019–2023",851,
"NSW","45–54","Number","2020–2024",853,
"NSW","55–64","Number","2001–2005",325,
"NSW","55–64","Number","2002–2006",322,
"NSW","55–64","Number","2003–2007",343,
"NSW","55–64","Number","2004–2008",357,
"NSW","55–64","Number","2005–2009",379,
"NSW","55–64","Number","2006–2010",405,
"NSW","55–64","Number","2007–2011",415,
"NSW","55–64","Number","2008–2012",435,
"NSW","55–64","Number","2009–2013",455,
"NSW","55–64","Number","2010–2014",499,
"NSW","55–64","Number","2011–2015",517,
"NSW","55–64","Number","2012–2016",552,
"NSW","55–64","Number","2013–2017",597,
"NSW","55–64","Number","2014–2018",652,
"NSW","55–64","Number","2015–2019",663,
"NSW","55–64","Number","2016–2020",699,
"NSW","55–64","Number","2017–2021",711,
"NSW","55–64","Number","2018–2022",716,
"NSW","55–64","Number","2019–2023",723,
"NSW","55–64","Number","2020–2024",746,
"NSW","45–64","Number","2001–2005",914,
"NSW","45–64","Number","2002–2006",864,
"NSW","45–64","Number","2003–2007",883,
"NSW","45–64","Number","2004–2008",927,
"NSW","45–64","Number","2005–2009",978,
"NSW","45–64","Number","2006–2010",1042,
"NSW","45–64","Number","2007–2011",1056,
"NSW","45–64","Number","2008–2012",1117,
"NSW","45–64","Number","2009–2013",1136,
"NSW","45–64","Number","2010–2014",1219,
"NSW","45–64","Number","2011–2015",1280,
"NSW","45–64","Number","2012–2016",1338,
"NSW","45–64","Number","2013–2017",1388,
"NSW","45–64","Number","2014–2018",1470,
"NSW","45–64","Number","2015–2019",1502,
"NSW","45–64","Number","2016–2020",1515,
"NSW","45–64","Number","2017–2021",1550,
"NSW","45–64","Number","2018–2022",1566,
"NSW","45–64","Number","2019–2023",1574,
"NSW","45–64","Number","2020–2024",1599,
"NSW","65+","Number","2001–2005",484,
"NSW","65+","Number","2002–2006",473,
"NSW","65+","Number","2003–2007",480,
"NSW","65+","Number","2004–2008",490,
"NSW","65+","Number","2005–2009",493,
"NSW","65+","Number","2006–2010",519,
"NSW","65+","Number","2007–2011",532,
"NSW","65+","Number","2008–2012",560,
"NSW","65+","Number","2009–2013",586,
"NSW","65+","Number","2010–2014",632,
"NSW","65+","Number","2011–2015",652,
"NSW","65+","Number","2012–2016",673,
"NSW","65+","Number","2013–2017",720,
"NSW","65+","Number","2014–2018",751,
"NSW","65+","Number","2015–2019",766,
"NSW","65+","Number","2016–2020",798,
"NSW","65+","Number","2017–2021",856,
"NSW","65+","Number","2018–2022",869,
"NSW","65+","Number","2019–2023",879,
"NSW","65+","Number","2020–2024",906,
"NSW","65–74","Number","2001–2005",240,
"NSW","65–74","Number","2002–2006",239,
"NSW","65–74","Number","2003–2007",251,
"NSW","65–74","Number","2004–2008",255,
"NSW","65–74","Number","2005–2009",249,
"NSW","65–74","Number","2006–2010",250,
"NSW","65–74","Number","2007–2011",254,
"NSW","65–74","Number","2008–2012",261,
"NSW","65–74","Number","2009–2013",267,
"NSW","65–74","Number","2010–2014",302,
"NSW","65–74","Number","2011–2015",329,
"NSW","65–74","Number","2012–2016",335,
"NSW","65–74","Number","2013–2017",366,
"NSW","65–74","Number","2014–2018",391,
"NSW","65–74","Number","2015–2019",395,
"NSW","65–74","Number","2016–2020",402,
"NSW","65–74","Number","2017–2021",432,
"NSW","65–74","Number","2018–2022",438,
"NSW","65–74","Number","2019–2023",435,
"NSW","65–74","Number","2020–2024",450,
"NSW","75–84","Number","2001–2005",192,
"NSW","75–84","Number","2002–2006",181,
"NSW","75–84","Number","2003–2007",171,
"NSW","75–84","Number","2004–2008",175,
"NSW","75–84","Number","2005–2009",174,
"NSW","75–84","Number","2006–2010",187,
"NSW","75–84","Number","2007–2011",192,
"NSW","75–84","Number","2008–2012",208,
"NSW","75–84","Number","2009–2013",216,
"NSW","75–84","Number","2010–2014",210,
"NSW","75–84","Number","2011–2015",198,
"NSW","75–84","Number","2012–2016",206,
"NSW","75–84","Number","2013–2017",217,
"NSW","75–84","Number","2014–2018",212,
"NSW","75–84","Number","2015–2019",225,
"NSW","75–84","Number","2016–2020",234,
"NSW","75–84","Number","2017–2021",251,
"NSW","75–84","Number","2018–2022",253,
"NSW","75–84","Number","2019–2023",278,
"NSW","75–84","Number","2020–2024",285,
"NSW","85+","Number","2001–2005",52,
"NSW","85+","Number","2002–2006",53,
"NSW","85+","Number","2003–2007",58,
"NSW","85+","Number","2004–2008",60,
"NSW","85+","Number","2005–2009",70,
"NSW","85+","Number","2006–2010",82,
"NSW","85+","Number","2007–2011",86,
"NSW","85+","Number","2008–2012",91,
"NSW","85+","Number","2009–2013",103,
"NSW","85+","Number","2010–2014",120,
"NSW","85+","Number","2011–2015",125,
"NSW","85+","Number","2012–2016",132,
"NSW","85+","Number","2013–2017",137,
"NSW","85+","Number","2014–2018",148,
"NSW","85+","Number","2015–2019",146,
"NSW","85+","Number","2016–2020",162,
"NSW","85+","Number","2017–2021",173,
"NSW","85+","Number","2018–2022",178,
"NSW","85+","Number","2019–2023",166,
"NSW","85+","Number","2020–2024",171,
"NSW","Total","Number","2001–2005",3253,
"NSW","Total","Number","2002–2006",3045,
"NSW","Total","Number","2003–2007",2964,
"NSW","Total","Number","2004–2008",2944,
"NSW","Total","Number","2005–2009",2980,
"NSW","Total","Number","2006–2010",3105,
"NSW","Total","Number","2007–2011",3145,
"NSW","Total","Number","2008–2012",3261,
"NSW","Total","Number","2009–2013",3359,
"NSW","Total","Number","2010–2014",3568,
"NSW","Total","Number","2011–2015",3733,
"NSW","Total","Number","2012–2016",3938,
"NSW","Total","Number","2013–2017",4140,
"NSW","Total","Number","2014–2018",4362,
"NSW","Total","Number","2015–2019",4493,
"NSW","Total","Number","2016–2020",4567,
"NSW","Total","Number","2017–2021",4677,
"NSW","Total","Number","2018–2022",4688,
"NSW","Total","Number","2019–2023",4659,
"NSW","Total","Number","2020–2024",4631,
"Vic","0–14","Number","2001–2005",7,
"Vic","0–14","Number","2002–2006",8,
"Vic","0–14","Number","2003–2007",9,
"Vic","0–14","Number","2004–2008",10,
"Vic","0–14","Number","2005–2009",13,
"Vic","0–14","Number","2006–2010",16,
"Vic","0–14","Number","2007–2011",14,
"Vic","0–14","Number","2008–2012",14,
"Vic","0–14","Number","2009–2013",11,
"Vic","0–14","Number","2010–2014",8,
"Vic","0–14","Number","2011–2015",9,
"Vic","0–14","Number","2012–2016",11,
"Vic","0–14","Number","2013–2017",12,
"Vic","0–14","Number","2014–2018",13,
"Vic","0–14","Number","2015–2019",18,
"Vic","0–14","Number","2016–2020",18,
"Vic","0–14","Number","2017–2021",19,
"Vic","0–14","Number","2018–2022",18,
"Vic","0–14","Number","2019–2023",19,
"Vic","0–14","Number","2020–2024",20,
"Vic","5–14","Number","2001–2005",7,
"Vic","5–14","Number","2002–2006",8,
"Vic","5–14","Number","2003–2007",9,
"Vic","5–14","Number","2004–2008",10,
"Vic","5–14","Number","2005–2009",13,
"Vic","5–14","Number","2006–2010",16,
"Vic","5–14","Number","2007–2011",14,
"Vic","5–14","Number","2008–2012",14,
"Vic","5–14","Number","2009–2013",11,
"Vic","5–14","Number","2010–2014",8,
"Vic","5–14","Number","2011–2015",9,
"Vic","5–14","Number","2012–2016",11,
"Vic","5–14","Number","2013–2017",12,
"Vic","5–14","Number","2014–2018",13,
"Vic","5–14","Number","2015–2019",18,
"Vic","5–14","Number","2016–2020",18,
"Vic","5–14","Number","2017–2021",19,
"Vic","5–14","Number","2018–2022",18,
"Vic","5–14","Number","2019–2023",19,
"Vic","5–14","Number","2020–2024",20,
"Vic","0–24","Number","2001–2005",323,
"Vic","0–24","Number","2002–2006",318,
"Vic","0–24","Number","2003–2007",335,
"Vic","0–24","Number","2004–2008",335,
"Vic","0–24","Number","2005–2009",332,
"Vic","0–24","Number","2006–2010",353,
"Vic","0–24","Number","2007–2011",355,
"Vic","0–24","Number","2008–2012",345,
"Vic","0–24","Number","2009–2013",354,
"Vic","0–24","Number","2010–2014",375,
"Vic","0–24","Number","2011–2015",363,
"Vic","0–24","Number","2012–2016",401,
"Vic","0–24","Number","2013–2017",416,
"Vic","0–24","Number","2014–2018",438,
"Vic","0–24","Number","2015–2019",459,
"Vic","0–24","Number","2016–2020",477,
"Vic","0–24","Number","2017–2021",471,
"Vic","0–24","Number","2018–2022",480,
"Vic","0–24","Number","2019–2023",486,
"Vic","0–24","Number","2020–2024",472,
"Vic","5–24","Number","2001–2005",323,
"Vic","5–24","Number","2002–2006",318,
"Vic","5–24","Number","2003–2007",335,
"Vic","5–24","Number","2004–2008",335,
"Vic","5–24","Number","2005–2009",332,
"Vic","5–24","Number","2006–2010",353,
"Vic","5–24","Number","2007–2011",355,
"Vic","5–24","Number","2008–2012",345,
"Vic","5–24","Number","2009–2013",354,
"Vic","5–24","Number","2010–2014",375,
"Vic","5–24","Number","2011–2015",363,
"Vic","5–24","Number","2012–2016",401,
"Vic","5–24","Number","2013–2017",416,
"Vic","5–24","Number","2014–2018",438,
"Vic","5–24","Number","2015–2019",459,
"Vic","5–24","Number","2016–2020",477,
"Vic","5–24","Number","2017–2021",471,
"Vic","5–24","Number","2018–2022",480,
"Vic","5–24","Number","2019–2023",486,
"Vic","5–24","Number","2020–2024",472,
"Vic","15–24","Number","2001–2005",316,
"Vic","15–24","Number","2002–2006",310,
"Vic","15–24","Number","2003–2007",326,
"Vic","15–24","Number","2004–2008",325,
"Vic","15–24","Number","2005–2009",319,
"Vic","15–24","Number","2006–2010",337,
"Vic","15–24","Number","2007–2011",341,
"Vic","15–24","Number","2008–2012",331,
"Vic","15–24","Number","2009–2013",343,
"Vic","15–24","Number","2010–2014",367,
"Vic","15–24","Number","2011–2015",354,
"Vic","15–24","Number","2012–2016",390,
"Vic","15–24","Number","2013–2017",404,
"Vic","15–24","Number","2014–2018",425,
"Vic","15–24","Number","2015–2019",441,
"Vic","15–24","Number","2016–2020",459,
"Vic","15–24","Number","2017–2021",452,
"Vic","15–24","Number","2018–2022",462,
"Vic","15–24","Number","2019–2023",467,
"Vic","15–24","Number","2020–2024",452,
"Vic","25–34","Number","2001–2005",605,
"Vic","25–34","Number","2002–2006",535,
"Vic","25–34","Number","2003–2007",502,
"Vic","25–34","Number","2004–2008",500,
"Vic","25–34","Number","2005–2009",473,
"Vic","25–34","Number","2006–2010",459,
"Vic","25–34","Number","2007–2011",476,
"Vic","25–34","Number","2008–2012",494,
"Vic","25–34","Number","2009–2013",462,
"Vic","25–34","Number","2010–2014",504,
"Vic","25–34","Number","2011–2015",531,
"Vic","25–34","Number","2012–2016",579,
"Vic","25–34","Number","2013–2017",623,
"Vic","25–34","Number","2014–2018",672,
"Vic","25–34","Number","2015–2019",671,
"Vic","25–34","Number","2016–2020",682,
"Vic","25–34","Number","2017–2021",671,
"Vic","25–34","Number","2018–2022",685,
"Vic","25–34","Number","2019–2023",700,
"Vic","25–34","Number","2020–2024",700,
"Vic","35–44","Number","2001–2005",601,
"Vic","35–44","Number","2002–2006",590,
"Vic","35–44","Number","2003–2007",563,
"Vic","35–44","Number","2004–2008",576,
"Vic","35–44","Number","2005–2009",588,
"Vic","35–44","Number","2006–2010",583,
"Vic","35–44","Number","2007–2011",572,
"Vic","35–44","Number","2008–2012",582,
"Vic","35–44","Number","2009–2013",550,
"Vic","35–44","Number","2010–2014",550,
"Vic","35–44","Number","2011–2015",573,
"Vic","35–44","Number","2012–2016",583,
"Vic","35–44","Number","2013–2017",610,
"Vic","35–44","Number","2014–2018",641,
"Vic","35–44","Number","2015–2019",654,
"Vic","35–44","Number","2016–2020",648,
"Vic","35–44","Number","2017–2021",643,
"Vic","35–44","Number","2018–2022",631,
"Vic","35–44","Number","2019–2023",659,
"Vic","35–44","Number","2020–2024",668,
"Vic","45–54","Number","2001–2005",487,
"Vic","45–54","Number","2002–2006",517,
"Vic","45–54","Number","2003–2007",513,
"Vic","45–54","Number","2004–2008",501,
"Vic","45–54","Number","2005–2009",535,
"Vic","45–54","Number","2006–2010",566,
"Vic","45–54","Number","2007–2011",557,
"Vic","45–54","Number","2008–2012",562,
"Vic","45–54","Number","2009–2013",569,
"Vic","45–54","Number","2010–2014",568,
"Vic","45–54","Number","2011–2015",597,
"Vic","45–54","Number","2012–2016",613,
"Vic","45–54","Number","2013–2017",650,
"Vic","45–54","Number","2014–2018",683,
"Vic","45–54","Number","2015–2019",688,
"Vic","45–54","Number","2016–2020",633,
"Vic","45–54","Number","2017–2021",643,
"Vic","45–54","Number","2018–2022",662,
"Vic","45–54","Number","2019–2023",655,
"Vic","45–54","Number","2020–2024",658,
"Vic","55–64","Number","2001–2005",255,
"Vic","55–64","Number","2002–2006",266,
"Vic","55–64","Number","2003–2007",279,
"Vic","55–64","Number","2004–2008",288,
"Vic","55–64","Number","2005–2009",326,
"Vic","55–64","Number","2006–2010",349,
"Vic","55–64","Number","2007–2011",354,
"Vic","55–64","Number","2008–2012",356,
"Vic","55–64","Number","2009–2013",385,
"Vic","55–64","Number","2010–2014",408,
"Vic","55–64","Number","2011–2015",420,
"Vic","55–64","Number","2012–2016",438,
"Vic","55–64","Number","2013–2017",476,
"Vic","55–64","Number","2014–2018",481,
"Vic","55–64","Number","2015–2019",489,
"Vic","55–64","Number","2016–2020",517,
"Vic","55–64","Number","2017–2021",534,
"Vic","55–64","Number","2018–2022",527,
"Vic","55–64","Number","2019–2023",537,
"Vic","55–64","Number","2020–2024",540,
"Vic","45–64","Number","2001–2005",742,
"Vic","45–64","Number","2002–2006",783,
"Vic","45–64","Number","2003–2007",792,
"Vic","45–64","Number","2004–2008",785,
"Vic","45–64","Number","2005–2009",861,
"Vic","45–64","Number","2006–2010",915,
"Vic","45–64","Number","2007–2011",911,
"Vic","45–64","Number","2008–2012",918,
"Vic","45–64","Number","2009–2013",954,
"Vic","45–64","Number","2010–2014",976,
"Vic","45–64","Number","2011–2015",1017,
"Vic","45–64","Number","2012–2016",1051,
"Vic","45–64","Number","2013–2017",1126,
"Vic","45–64","Number","2014–2018",1164,
"Vic","45–64","Number","2015–2019",1177,
"Vic","45–64","Number","2016–2020",1150,
"Vic","45–64","Number","2017–2021",1177,
"Vic","45–64","Number","2018–2022",1189,
"Vic","45–64","Number","2019–2023",1192,
"Vic","45–64","Number","2020–2024",1198,
"Vic","65+","Number","2001–2005",365,
"Vic","65+","Number","2002–2006",354,
"Vic","65+","Number","2003–2007",334,
"Vic","65+","Number","2004–2008",335,
"Vic","65+","Number","2005–2009",332,
"Vic","65+","Number","2006–2010",328,
"Vic","65+","Number","2007–2011",365,
"Vic","65+","Number","2008–2012",380,
"Vic","65+","Number","2009–2013",398,
"Vic","65+","Number","2010–2014",417,
"Vic","65+","Number","2011–2015",466,
"Vic","65+","Number","2012–2016",477,
"Vic","65+","Number","2013–2017",515,
"Vic","65+","Number","2014–2018",514,
"Vic","65+","Number","2015–2019",531,
"Vic","65+","Number","2016–2020",532,
"Vic","65+","Number","2017–2021",538,
"Vic","65+","Number","2018–2022",575,
"Vic","65+","Number","2019–2023",601,
"Vic","65+","Number","2020–2024",620,
"Vic","65–74","Number","2001–2005",205,
"Vic","65–74","Number","2002–2006",193,
"Vic","65–74","Number","2003–2007",178,
"Vic","65–74","Number","2004–2008",172,
"Vic","65–74","Number","2005–2009",165,
"Vic","65–74","Number","2006–2010",155,
"Vic","65–74","Number","2007–2011",178,
"Vic","65–74","Number","2008–2012",182,
"Vic","65–74","Number","2009–2013",187,
"Vic","65–74","Number","2010–2014",187,
"Vic","65–74","Number","2011–2015",214,
"Vic","65–74","Number","2012–2016",213,
"Vic","65–74","Number","2013–2017",242,
"Vic","65–74","Number","2014–2018",242,
"Vic","65–74","Number","2015–2019",265,
"Vic","65–74","Number","2016–2020",276,
"Vic","65–74","Number","2017–2021",280,
"Vic","65–74","Number","2018–2022",292,
"Vic","65–74","Number","2019–2023",314,
"Vic","65–74","Number","2020–2024",322,
"Vic","75–84","Number","2001–2005",109,
"Vic","75–84","Number","2002–2006",111,
"Vic","75–84","Number","2003–2007",113,
"Vic","75–84","Number","2004–2008",122,
"Vic","75–84","Number","2005–2009",126,
"Vic","75–84","Number","2006–2010",133,
"Vic","75–84","Number","2007–2011",140,
"Vic","75–84","Number","2008–2012",144,
"Vic","75–84","Number","2009–2013",144,
"Vic","75–84","Number","2010–2014",150,
"Vic","75–84","Number","2011–2015",154,
"Vic","75–84","Number","2012–2016",156,
"Vic","75–84","Number","2013–2017",160,
"Vic","75–84","Number","2014–2018",163,
"Vic","75–84","Number","2015–2019",169,
"Vic","75–84","Number","2016–2020",166,
"Vic","75–84","Number","2017–2021",172,
"Vic","75–84","Number","2018–2022",180,
"Vic","75–84","Number","2019–2023",180,
"Vic","75–84","Number","2020–2024",180,
"Vic","85+","Number","2001–2005",51,
"Vic","85+","Number","2002–2006",50,
"Vic","85+","Number","2003–2007",43,
"Vic","85+","Number","2004–2008",41,
"Vic","85+","Number","2005–2009",41,
"Vic","85+","Number","2006–2010",40,
"Vic","85+","Number","2007–2011",47,
"Vic","85+","Number","2008–2012",54,
"Vic","85+","Number","2009–2013",67,
"Vic","85+","Number","2010–2014",80,
"Vic","85+","Number","2011–2015",98,
"Vic","85+","Number","2012–2016",108,
"Vic","85+","Number","2013–2017",113,
"Vic","85+","Number","2014–2018",109,
"Vic","85+","Number","2015–2019",97,
"Vic","85+","Number","2016–2020",90,
"Vic","85+","Number","2017–2021",86,
"Vic","85+","Number","2018–2022",103,
"Vic","85+","Number","2019–2023",107,
"Vic","85+","Number","2020–2024",118,
"Vic","Total","Number","2001–2005",2636,
"Vic","Total","Number","2002–2006",2580,
"Vic","Total","Number","2003–2007",2526,
"Vic","Total","Number","2004–2008",2531,
"Vic","Total","Number","2005–2009",2586,
"Vic","Total","Number","2006–2010",2638,
"Vic","Total","Number","2007–2011",2679,
"Vic","Total","Number","2008–2012",2719,
"Vic","Total","Number","2009–2013",2718,
"Vic","Total","Number","2010–2014",2822,
"Vic","Total","Number","2011–2015",2950,
"Vic","Total","Number","2012–2016",3091,
"Vic","Total","Number","2013–2017",3290,
"Vic","Total","Number","2014–2018",3429,
"Vic","Total","Number","2015–2019",3492,
"Vic","Total","Number","2016–2020",3489,
"Vic","Total","Number","2017–2021",3501,
"Vic","Total","Number","2018–2022",3561,
"Vic","Total","Number","2019–2023",3639,
"Vic","Total","Number","2020–2024",3659,
"Qld","0–14","Number","2001–2005",18,
"Qld","0–14","Number","2002–2006",17,
"Qld","0–14","Number","2003–2007",19,
"Qld","0–14","Number","2004–2008",15,
"Qld","0–14","Number","2005–2009",13,
"Qld","0–14","Number","2006–2010",11,
"Qld","0–14","Number","2007–2011",14,
"Qld","0–14","Number","2008–2012",16,
"Qld","0–14","Number","2009–2013",27,
"Qld","0–14","Number","2010–2014",32,
"Qld","0–14","Number","2011–2015",30,
"Qld","0–14","Number","2012–2016",31,
"Qld","0–14","Number","2013–2017",30,
"Qld","0–14","Number","2014–2018",25,
"Qld","0–14","Number","2015–2019",26,
"Qld","0–14","Number","2016–2020",29,
"Qld","0–14","Number","2017–2021",32,
"Qld","0–14","Number","2018–2022",30,
"Qld","0–14","Number","2019–2023",35,
"Qld","0–14","Number","2020–2024",34,
"Qld","5–14","Number","2001–2005",18,
"Qld","5–14","Number","2002–2006",17,
"Qld","5–14","Number","2003–2007",19,
"Qld","5–14","Number","2004–2008",15,
"Qld","5–14","Number","2005–2009",13,
"Qld","5–14","Number","2006–2010",11,
"Qld","5–14","Number","2007–2011",14,
"Qld","5–14","Number","2008–2012",16,
"Qld","5–14","Number","2009–2013",27,
"Qld","5–14","Number","2010–2014",32,
"Qld","5–14","Number","2011–2015",30,
"Qld","5–14","Number","2012–2016",31,
"Qld","5–14","Number","2013–2017",30,
"Qld","5–14","Number","2014–2018",25,
"Qld","5–14","Number","2015–2019",26,
"Qld","5–14","Number","2016–2020",29,
"Qld","5–14","Number","2017–2021",32,
"Qld","5–14","Number","2018–2022",30,
"Qld","5–14","Number","2019–2023",35,
"Qld","5–14","Number","2020–2024",34,
"Qld","0–24","Number","2001–2005",371,
"Qld","0–24","Number","2002–2006",361,
"Qld","0–24","Number","2003–2007",359,
"Qld","0–24","Number","2004–2008",371,
"Qld","0–24","Number","2005–2009",378,
"Qld","0–24","Number","2006–2010",393,
"Qld","0–24","Number","2007–2011",411,
"Qld","0–24","Number","2008–2012",413,
"Qld","0–24","Number","2009–2013",438,
"Qld","0–24","Number","2010–2014",460,
"Qld","0–24","Number","2011–2015",496,
"Qld","0–24","Number","2012–2016",509,
"Qld","0–24","Number","2013–2017",536,
"Qld","0–24","Number","2014–2018",566,
"Qld","0–24","Number","2015–2019",602,
"Qld","0–24","Number","2016–2020",612,
"Qld","0–24","Number","2017–2021",625,
"Qld","0–24","Number","2018–2022",605,
"Qld","0–24","Number","2019–2023",566,
"Qld","0–24","Number","2020–2024",523,
"Qld","5–24","Number","2001–2005",371,
"Qld","5–24","Number","2002–2006",361,
"Qld","5–24","Number","2003–2007",359,
"Qld","5–24","Number","2004–2008",371,
"Qld","5–24","Number","2005–2009",378,
"Qld","5–24","Number","2006–2010",393,
"Qld","5–24","Number","2007–2011",411,
"Qld","5–24","Number","2008–2012",413,
"Qld","5–24","Number","2009–2013",438,
"Qld","5–24","Number","2010–2014",460,
"Qld","5–24","Number","2011–2015",496,
"Qld","5–24","Number","2012–2016",509,
"Qld","5–24","Number","2013–2017",536,
"Qld","5–24","Number","2014–2018",566,
"Qld","5–24","Number","2015–2019",602,
"Qld","5–24","Number","2016–2020",612,
"Qld","5–24","Number","2017–2021",625,
"Qld","5–24","Number","2018–2022",605,
"Qld","5–24","Number","2019–2023",566,
"Qld","5–24","Number","2020–2024",523,
"Qld","15–24","Number","2001–2005",353,
"Qld","15–24","Number","2002–2006",344,
"Qld","15–24","Number","2003–2007",340,
"Qld","15–24","Number","2004–2008",356,
"Qld","15–24","Number","2005–2009",365,
"Qld","15–24","Number","2006–2010",382,
"Qld","15–24","Number","2007–2011",397,
"Qld","15–24","Number","2008–2012",397,
"Qld","15–24","Number","2009–2013",411,
"Qld","15–24","Number","2010–2014",428,
"Qld","15–24","Number","2011–2015",466,
"Qld","15–24","Number","2012–2016",478,
"Qld","15–24","Number","2013–2017",506,
"Qld","15–24","Number","2014–2018",541,
"Qld","15–24","Number","2015–2019",576,
"Qld","15–24","Number","2016–2020",583,
"Qld","15–24","Number","2017–2021",593,
"Qld","15–24","Number","2018–2022",575,
"Qld","15–24","Number","2019–2023",531,
"Qld","15–24","Number","2020–2024",489,
"Qld","25–34","Number","2001–2005",557,
"Qld","25–34","Number","2002–2006",517,
"Qld","25–34","Number","2003–2007",492,
"Qld","25–34","Number","2004–2008",482,
"Qld","25–34","Number","2005–2009",478,
"Qld","25–34","Number","2006–2010",485,
"Qld","25–34","Number","2007–2011",515,
"Qld","25–34","Number","2008–2012",525,
"Qld","25–34","Number","2009–2013",521,
"Qld","25–34","Number","2010–2014",539,
"Qld","25–34","Number","2011–2015",561,
"Qld","25–34","Number","2012–2016",594,
"Qld","25–34","Number","2013–2017",630,
"Qld","25–34","Number","2014–2018",671,
"Qld","25–34","Number","2015–2019",689,
"Qld","25–34","Number","2016–2020",696,
"Qld","25–34","Number","2017–2021",702,
"Qld","25–34","Number","2018–2022",698,
"Qld","25–34","Number","2019–2023",704,
"Qld","25–34","Number","2020–2024",712,
"Qld","35–44","Number","2001–2005",556,
"Qld","35–44","Number","2002–2006",561,
"Qld","35–44","Number","2003–2007",547,
"Qld","35–44","Number","2004–2008",569,
"Qld","35–44","Number","2005–2009",580,
"Qld","35–44","Number","2006–2010",598,
"Qld","35–44","Number","2007–2011",613,
"Qld","35–44","Number","2008–2012",638,
"Qld","35–44","Number","2009–2013",665,
"Qld","35–44","Number","2010–2014",687,
"Qld","35–44","Number","2011–2015",730,
"Qld","35–44","Number","2012–2016",740,
"Qld","35–44","Number","2013–2017",754,
"Qld","35–44","Number","2014–2018",748,
"Qld","35–44","Number","2015–2019",780,
"Qld","35–44","Number","2016–2020",773,
"Qld","35–44","Number","2017–2021",775,
"Qld","35–44","Number","2018–2022",760,
"Qld","35–44","Number","2019–2023",742,
"Qld","35–44","Number","2020–2024",738,
"Qld","45–54","Number","2001–2005",391,
"Qld","45–54","Number","2002–2006",401,
"Qld","45–54","Number","2003–2007",418,
"Qld","45–54","Number","2004–2008",439,
"Qld","45–54","Number","2005–2009",478,
"Qld","45–54","Number","2006–2010",508,
"Qld","45–54","Number","2007–2011",519,
"Qld","45–54","Number","2008–2012",539,
"Qld","45–54","Number","2009–2013",565,
"Qld","45–54","Number","2010–2014",597,
"Qld","45–54","Number","2011–2015",627,
"Qld","45–54","Number","2012–2016",632,
"Qld","45–54","Number","2013–2017",693,
"Qld","45–54","Number","2014–2018",713,
"Qld","45–54","Number","2015–2019",718,
"Qld","45–54","Number","2016–2020",702,
"Qld","45–54","Number","2017–2021",736,
"Qld","45–54","Number","2018–2022",737,
"Qld","45–54","Number","2019–2023",740,
"Qld","45–54","Number","2020–2024",759,
"Qld","55–64","Number","2001–2005",238,
"Qld","55–64","Number","2002–2006",248,
"Qld","55–64","Number","2003–2007",248,
"Qld","55–64","Number","2004–2008",274,
"Qld","55–64","Number","2005–2009",296,
"Qld","55–64","Number","2006–2010",334,
"Qld","55–64","Number","2007–2011",346,
"Qld","55–64","Number","2008–2012",368,
"Qld","55–64","Number","2009–2013",384,
"Qld","55–64","Number","2010–2014",404,
"Qld","55–64","Number","2011–2015",417,
"Qld","55–64","Number","2012–2016",442,
"Qld","55–64","Number","2013–2017",479,
"Qld","55–64","Number","2014–2018",523,
"Qld","55–64","Number","2015–2019",553,
"Qld","55–64","Number","2016–2020",550,
"Qld","55–64","Number","2017–2021",571,
"Qld","55–64","Number","2018–2022",563,
"Qld","55–64","Number","2019–2023",543,
"Qld","55–64","Number","2020–2024",538,
"Qld","45–64","Number","2001–2005",629,
"Qld","45–64","Number","2002–2006",649,
"Qld","45–64","Number","2003–2007",666,
"Qld","45–64","Number","2004–2008",713,
"Qld","45–64","Number","2005–2009",774,
"Qld","45–64","Number","2006–2010",842,
"Qld","45–64","Number","2007–2011",865,
"Qld","45–64","Number","2008–2012",907,
"Qld","45–64","Number","2009–2013",949,
"Qld","45–64","Number","2010–2014",1001,
"Qld","45–64","Number","2011–2015",1044,
"Qld","45–64","Number","2012–2016",1074,
"Qld","45–64","Number","2013–2017",1172,
"Qld","45–64","Number","2014–2018",1236,
"Qld","45–64","Number","2015–2019",1271,
"Qld","45–64","Number","2016–2020",1252,
"Qld","45–64","Number","2017–2021",1307,
"Qld","45–64","Number","2018–2022",1300,
"Qld","45–64","Number","2019–2023",1283,
"Qld","45–64","Number","2020–2024",1297,
"Qld","65+","Number","2001–2005",302,
"Qld","65+","Number","2002–2006",321,
"Qld","65+","Number","2003–2007",328,
"Qld","65+","Number","2004–2008",344,
"Qld","65+","Number","2005–2009",341,
"Qld","65+","Number","2006–2010",362,
"Qld","65+","Number","2007–2011",359,
"Qld","65+","Number","2008–2012",391,
"Qld","65+","Number","2009–2013",424,
"Qld","65+","Number","2010–2014",443,
"Qld","65+","Number","2011–2015",472,
"Qld","65+","Number","2012–2016",497,
"Qld","65+","Number","2013–2017",507,
"Qld","65+","Number","2014–2018",507,
"Qld","65+","Number","2015–2019",531,
"Qld","65+","Number","2016–2020",558,
"Qld","65+","Number","2017–2021",590,
"Qld","65+","Number","2018–2022",619,
"Qld","65+","Number","2019–2023",671,
"Qld","65+","Number","2020–2024",683,
"Qld","65–74","Number","2001–2005",153,
"Qld","65–74","Number","2002–2006",158,
"Qld","65–74","Number","2003–2007",157,
"Qld","65–74","Number","2004–2008",168,
"Qld","65–74","Number","2005–2009",167,
"Qld","65–74","Number","2006–2010",180,
"Qld","65–74","Number","2007–2011",173,
"Qld","65–74","Number","2008–2012",192,
"Qld","65–74","Number","2009–2013",205,
"Qld","65–74","Number","2010–2014",227,
"Qld","65–74","Number","2011–2015",241,
"Qld","65–74","Number","2012–2016",255,
"Qld","65–74","Number","2013–2017",271,
"Qld","65–74","Number","2014–2018",273,
"Qld","65–74","Number","2015–2019",272,
"Qld","65–74","Number","2016–2020",288,
"Qld","65–74","Number","2017–2021",301,
"Qld","65–74","Number","2018–2022",302,
"Qld","65–74","Number","2019–2023",324,
"Qld","65–74","Number","2020–2024",338,
"Qld","75–84","Number","2001–2005",111,
"Qld","75–84","Number","2002–2006",118,
"Qld","75–84","Number","2003–2007",125,
"Qld","75–84","Number","2004–2008",125,
"Qld","75–84","Number","2005–2009",121,
"Qld","75–84","Number","2006–2010",129,
"Qld","75–84","Number","2007–2011",125,
"Qld","75–84","Number","2008–2012",132,
"Qld","75–84","Number","2009–2013",144,
"Qld","75–84","Number","2010–2014",149,
"Qld","75–84","Number","2011–2015",158,
"Qld","75–84","Number","2012–2016",172,
"Qld","75–84","Number","2013–2017",164,
"Qld","75–84","Number","2014–2018",173,
"Qld","75–84","Number","2015–2019",185,
"Qld","75–84","Number","2016–2020",190,
"Qld","75–84","Number","2017–2021",200,
"Qld","75–84","Number","2018–2022",227,
"Qld","75–84","Number","2019–2023",238,
"Qld","75–84","Number","2020–2024",236,
"Qld","85+","Number","2001–2005",38,
"Qld","85+","Number","2002–2006",45,
"Qld","85+","Number","2003–2007",46,
"Qld","85+","Number","2004–2008",51,
"Qld","85+","Number","2005–2009",53,
"Qld","85+","Number","2006–2010",53,
"Qld","85+","Number","2007–2011",61,
"Qld","85+","Number","2008–2012",67,
"Qld","85+","Number","2009–2013",75,
"Qld","85+","Number","2010–2014",67,
"Qld","85+","Number","2011–2015",73,
"Qld","85+","Number","2012–2016",70,
"Qld","85+","Number","2013–2017",72,
"Qld","85+","Number","2014–2018",61,
"Qld","85+","Number","2015–2019",74,
"Qld","85+","Number","2016–2020",80,
"Qld","85+","Number","2017–2021",89,
"Qld","85+","Number","2018–2022",90,
"Qld","85+","Number","2019–2023",109,
"Qld","85+","Number","2020–2024",109,
"Qld","Total","Number","2001–2005",2415,
"Qld","Total","Number","2002–2006",2409,
"Qld","Total","Number","2003–2007",2392,
"Qld","Total","Number","2004–2008",2479,
"Qld","Total","Number","2005–2009",2551,
"Qld","Total","Number","2006–2010",2680,
"Qld","Total","Number","2007–2011",2764,
"Qld","Total","Number","2008–2012",2875,
"Qld","Total","Number","2009–2013",2998,
"Qld","Total","Number","2010–2014",3131,
"Qld","Total","Number","2011–2015",3304,
"Qld","Total","Number","2012–2016",3414,
"Qld","Total","Number","2013–2017",3599,
"Qld","Total","Number","2014–2018",3728,
"Qld","Total","Number","2015–2019",3873,
"Qld","Total","Number","2016–2020",3891,
"Qld","Total","Number","2017–2021",3999,
"Qld","Total","Number","2018–2022",3982,
"Qld","Total","Number","2019–2023",3966,
"Qld","Total","Number","2020–2024",3953,
"WA","0–14","Number","2001–2005",5,
"WA","0–14","Number","2002–2006",2,
"WA","0–14","Number","2003–2007",3,
"WA","0–14","Number","2004–2008",5,
"WA","0–14","Number","2005–2009",1,
"WA","0–14","Number","2006–2010",4,
"WA","0–14","Number","2007–2011",5,
"WA","0–14","Number","2008–2012",7,
"WA","0–14","Number","2009–2013",7,
"WA","0–14","Number","2010–2014",13,
"WA","0–14","Number","2011–2015",14,
"WA","0–14","Number","2012–2016",13,
"WA","0–14","Number","2013–2017",15,
"WA","0–14","Number","2014–2018",14,
"WA","0–14","Number","2015–2019",12,
"WA","0–14","Number","2016–2020",13,
"WA","0–14","Number","2017–2021",19,
"WA","0–14","Number","2018–2022",17,
"WA","0–14","Number","2019–2023",19,
"WA","0–14","Number","2020–2024",17,
"WA","5–14","Number","2001–2005",5,
"WA","5–14","Number","2002–2006",3,
"WA","5–14","Number","2003–2007",1,
"WA","5–14","Number","2004–2008",5,
"WA","5–14","Number","2005–2009",2,
"WA","5–14","Number","2006–2010",4,
"WA","5–14","Number","2007–2011",5,
"WA","5–14","Number","2008–2012",7,
"WA","5–14","Number","2009–2013",7,
"WA","5–14","Number","2010–2014",13,
"WA","5–14","Number","2011–2015",14,
"WA","5–14","Number","2012–2016",13,
"WA","5–14","Number","2013–2017",15,
"WA","5–14","Number","2014–2018",14,
"WA","5–14","Number","2015–2019",12,
"WA","5–14","Number","2016–2020",13,
"WA","5–14","Number","2017–2021",19,
"WA","5–14","Number","2018–2022",17,
"WA","5–14","Number","2019–2023",19,
"WA","5–14","Number","2020–2024",17,
"WA","0–24","Number","2001–2005",187,
"WA","0–24","Number","2002–2006",183,
"WA","0–24","Number","2003–2007",183,
"WA","0–24","Number","2004–2008",189,
"WA","0–24","Number","2005–2009",211,
"WA","0–24","Number","2006–2010",218,
"WA","0–24","Number","2007–2011",232,
"WA","0–24","Number","2008–2012",244,
"WA","0–24","Number","2009–2013",251,
"WA","0–24","Number","2010–2014",263,
"WA","0–24","Number","2011–2015",282,
"WA","0–24","Number","2012–2016",283,
"WA","0–24","Number","2013–2017",280,
"WA","0–24","Number","2014–2018",277,
"WA","0–24","Number","2015–2019",272,
"WA","0–24","Number","2016–2020",275,
"WA","0–24","Number","2017–2021",272,
"WA","0–24","Number","2018–2022",259,
"WA","0–24","Number","2019–2023",263,
"WA","0–24","Number","2020–2024",251,
"WA","5–24","Number","2001–2005",187,
"WA","5–24","Number","2002–2006",183,
"WA","5–24","Number","2003–2007",183,
"WA","5–24","Number","2004–2008",189,
"WA","5–24","Number","2005–2009",211,
"WA","5–24","Number","2006–2010",218,
"WA","5–24","Number","2007–2011",232,
"WA","5–24","Number","2008–2012",244,
"WA","5–24","Number","2009–2013",251,
"WA","5–24","Number","2010–2014",263,
"WA","5–24","Number","2011–2015",282,
"WA","5–24","Number","2012–2016",283,
"WA","5–24","Number","2013–2017",280,
"WA","5–24","Number","2014–2018",277,
"WA","5–24","Number","2015–2019",272,
"WA","5–24","Number","2016–2020",275,
"WA","5–24","Number","2017–2021",272,
"WA","5–24","Number","2018–2022",259,
"WA","5–24","Number","2019–2023",263,
"WA","5–24","Number","2020–2024",251,
"WA","15–24","Number","2001–2005",182,
"WA","15–24","Number","2002–2006",179,
"WA","15–24","Number","2003–2007",179,
"WA","15–24","Number","2004–2008",184,
"WA","15–24","Number","2005–2009",208,
"WA","15–24","Number","2006–2010",215,
"WA","15–24","Number","2007–2011",227,
"WA","15–24","Number","2008–2012",237,
"WA","15–24","Number","2009–2013",244,
"WA","15–24","Number","2010–2014",250,
"WA","15–24","Number","2011–2015",268,
"WA","15–24","Number","2012–2016",270,
"WA","15–24","Number","2013–2017",265,
"WA","15–24","Number","2014–2018",263,
"WA","15–24","Number","2015–2019",260,
"WA","15–24","Number","2016–2020",262,
"WA","15–24","Number","2017–2021",253,
"WA","15–24","Number","2018–2022",242,
"WA","15–24","Number","2019–2023",244,
"WA","15–24","Number","2020–2024",234,
"WA","25–34","Number","2001–2005",282,
"WA","25–34","Number","2002–2006",257,
"WA","25–34","Number","2003–2007",246,
"WA","25–34","Number","2004–2008",257,
"WA","25–34","Number","2005–2009",269,
"WA","25–34","Number","2006–2010",280,
"WA","25–34","Number","2007–2011",287,
"WA","25–34","Number","2008–2012",298,
"WA","25–34","Number","2009–2013",298,
"WA","25–34","Number","2010–2014",321,
"WA","25–34","Number","2011–2015",345,
"WA","25–34","Number","2012–2016",379,
"WA","25–34","Number","2013–2017",401,
"WA","25–34","Number","2014–2018",419,
"WA","25–34","Number","2015–2019",442,
"WA","25–34","Number","2016–2020",449,
"WA","25–34","Number","2017–2021",431,
"WA","25–34","Number","2018–2022",424,
"WA","25–34","Number","2019–2023",430,
"WA","25–34","Number","2020–2024",419,
"WA","35–44","Number","2001–2005",253,
"WA","35–44","Number","2002–2006",240,
"WA","35–44","Number","2003–2007",241,
"WA","35–44","Number","2004–2008",257,
"WA","35–44","Number","2005–2009",270,
"WA","35–44","Number","2006–2010",306,
"WA","35–44","Number","2007–2011",314,
"WA","35–44","Number","2008–2012",342,
"WA","35–44","Number","2009–2013",352,
"WA","35–44","Number","2010–2014",376,
"WA","35–44","Number","2011–2015",367,
"WA","35–44","Number","2012–2016",369,
"WA","35–44","Number","2013–2017",386,
"WA","35–44","Number","2014–2018",373,
"WA","35–44","Number","2015–2019",381,
"WA","35–44","Number","2016–2020",376,
"WA","35–44","Number","2017–2021",395,
"WA","35–44","Number","2018–2022",380,
"WA","35–44","Number","2019–2023",407,
"WA","35–44","Number","2020–2024",410,
"WA","45–54","Number","2001–2005",189,
"WA","45–54","Number","2002–2006",191,
"WA","45–54","Number","2003–2007",204,
"WA","45–54","Number","2004–2008",224,
"WA","45–54","Number","2005–2009",247,
"WA","45–54","Number","2006–2010",266,
"WA","45–54","Number","2007–2011",289,
"WA","45–54","Number","2008–2012",299,
"WA","45–54","Number","2009–2013",306,
"WA","45–54","Number","2010–2014",309,
"WA","45–54","Number","2011–2015",346,
"WA","45–54","Number","2012–2016",354,
"WA","45–54","Number","2013–2017",368,
"WA","45–54","Number","2014–2018",380,
"WA","45–54","Number","2015–2019",387,
"WA","45–54","Number","2016–2020",365,
"WA","45–54","Number","2017–2021",356,
"WA","45–54","Number","2018–2022",353,
"WA","45–54","Number","2019–2023",351,
"WA","45–54","Number","2020–2024",351,
"WA","55–64","Number","2001–2005",97,
"WA","55–64","Number","2002–2006",109,
"WA","55–64","Number","2003–2007",125,
"WA","55–64","Number","2004–2008",135,
"WA","55–64","Number","2005–2009",150,
"WA","55–64","Number","2006–2010",168,
"WA","55–64","Number","2007–2011",176,
"WA","55–64","Number","2008–2012",190,
"WA","55–64","Number","2009–2013",196,
"WA","55–64","Number","2010–2014",204,
"WA","55–64","Number","2011–2015",206,
"WA","55–64","Number","2012–2016",208,
"WA","55–64","Number","2013–2017",210,
"WA","55–64","Number","2014–2018",229,
"WA","55–64","Number","2015–2019",245,
"WA","55–64","Number","2016–2020",253,
"WA","55–64","Number","2017–2021",268,
"WA","55–64","Number","2018–2022",271,
"WA","55–64","Number","2019–2023",274,
"WA","55–64","Number","2020–2024",280,
"WA","45–64","Number","2001–2005",286,
"WA","45–64","Number","2002–2006",300,
"WA","45–64","Number","2003–2007",329,
"WA","45–64","Number","2004–2008",359,
"WA","45–64","Number","2005–2009",397,
"WA","45–64","Number","2006–2010",434,
"WA","45–64","Number","2007–2011",465,
"WA","45–64","Number","2008–2012",489,
"WA","45–64","Number","2009–2013",502,
"WA","45–64","Number","2010–2014",513,
"WA","45–64","Number","2011–2015",552,
"WA","45–64","Number","2012–2016",562,
"WA","45–64","Number","2013–2017",578,
"WA","45–64","Number","2014–2018",609,
"WA","45–64","Number","2015–2019",632,
"WA","45–64","Number","2016–2020",618,
"WA","45–64","Number","2017–2021",624,
"WA","45–64","Number","2018–2022",624,
"WA","45–64","Number","2019–2023",625,
"WA","45–64","Number","2020–2024",631,
"WA","65+","Number","2001–2005",127,
"WA","65+","Number","2002–2006",130,
"WA","65+","Number","2003–2007",135,
"WA","65+","Number","2004–2008",145,
"WA","65+","Number","2005–2009",145,
"WA","65+","Number","2006–2010",165,
"WA","65+","Number","2007–2011",169,
"WA","65+","Number","2008–2012",195,
"WA","65+","Number","2009–2013",201,
"WA","65+","Number","2010–2014",219,
"WA","65+","Number","2011–2015",235,
"WA","65+","Number","2012–2016",252,
"WA","65+","Number","2013–2017",251,
"WA","65+","Number","2014–2018",266,
"WA","65+","Number","2015–2019",266,
"WA","65+","Number","2016–2020",255,
"WA","65+","Number","2017–2021",272,
"WA","65+","Number","2018–2022",282,
"WA","65+","Number","2019–2023",287,
"WA","65+","Number","2020–2024",303,
"WA","65–74","Number","2001–2005",55,
"WA","65–74","Number","2002–2006",60,
"WA","65–74","Number","2003–2007",60,
"WA","65–74","Number","2004–2008",72,
"WA","65–74","Number","2005–2009",69,
"WA","65–74","Number","2006–2010",79,
"WA","65–74","Number","2007–2011",82,
"WA","65–74","Number","2008–2012",93,
"WA","65–74","Number","2009–2013",95,
"WA","65–74","Number","2010–2014",104,
"WA","65–74","Number","2011–2015",114,
"WA","65–74","Number","2012–2016",122,
"WA","65–74","Number","2013–2017",131,
"WA","65–74","Number","2014–2018",133,
"WA","65–74","Number","2015–2019",134,
"WA","65–74","Number","2016–2020",121,
"WA","65–74","Number","2017–2021",127,
"WA","65–74","Number","2018–2022",133,
"WA","65–74","Number","2019–2023",142,
"WA","65–74","Number","2020–2024",154,
"WA","75–84","Number","2001–2005",50,
"WA","75–84","Number","2002–2006",48,
"WA","75–84","Number","2003–2007",52,
"WA","75–84","Number","2004–2008",49,
"WA","75–84","Number","2005–2009",48,
"WA","75–84","Number","2006–2010",62,
"WA","75–84","Number","2007–2011",63,
"WA","75–84","Number","2008–2012",71,
"WA","75–84","Number","2009–2013",75,
"WA","75–84","Number","2010–2014",83,
"WA","75–84","Number","2011–2015",79,
"WA","75–84","Number","2012–2016",88,
"WA","75–84","Number","2013–2017",78,
"WA","75–84","Number","2014–2018",88,
"WA","75–84","Number","2015–2019",86,
"WA","75–84","Number","2016–2020",89,
"WA","75–84","Number","2017–2021",91,
"WA","75–84","Number","2018–2022",96,
"WA","75–84","Number","2019–2023",92,
"WA","75–84","Number","2020–2024",94,
"WA","85+","Number","2001–2005",22,
"WA","85+","Number","2002–2006",22,
"WA","85+","Number","2003–2007",23,
"WA","85+","Number","2004–2008",24,
"WA","85+","Number","2005–2009",28,
"WA","85+","Number","2006–2010",24,
"WA","85+","Number","2007–2011",24,
"WA","85+","Number","2008–2012",31,
"WA","85+","Number","2009–2013",31,
"WA","85+","Number","2010–2014",32,
"WA","85+","Number","2011–2015",42,
"WA","85+","Number","2012–2016",42,
"WA","85+","Number","2013–2017",42,
"WA","85+","Number","2014–2018",45,
"WA","85+","Number","2015–2019",46,
"WA","85+","Number","2016–2020",45,
"WA","85+","Number","2017–2021",54,
"WA","85+","Number","2018–2022",53,
"WA","85+","Number","2019–2023",53,
"WA","85+","Number","2020–2024",55,
"WA","Total","Number","2001–2005",1136,
"WA","Total","Number","2002–2006",1111,
"WA","Total","Number","2003–2007",1135,
"WA","Total","Number","2004–2008",1208,
"WA","Total","Number","2005–2009",1293,
"WA","Total","Number","2006–2010",1403,
"WA","Total","Number","2007–2011",1467,
"WA","Total","Number","2008–2012",1568,
"WA","Total","Number","2009–2013",1604,
"WA","Total","Number","2010–2014",1692,
"WA","Total","Number","2011–2015",1781,
"WA","Total","Number","2012–2016",1845,
"WA","Total","Number","2013–2017",1896,
"WA","Total","Number","2014–2018",1944,
"WA","Total","Number","2015–2019",1993,
"WA","Total","Number","2016–2020",1973,
"WA","Total","Number","2017–2021",1994,
"WA","Total","Number","2018–2022",1969,
"WA","Total","Number","2019–2023",2012,
"WA","Total","Number","2020–2024",2014,
"SA","0–14","Number","2001–2005",1,
"SA","0–14","Number","2002–2006",3,
"SA","0–14","Number","2003–2007",4,
"SA","0–14","Number","2004–2008",2,
"SA","0–14","Number","2005–2009",0,
"SA","0–14","Number","2006–2010",0,
"SA","0–14","Number","2007–2011",0,
"SA","0–14","Number","2008–2012",2,
"SA","0–14","Number","2009–2013",1,
"SA","0–14","Number","2010–2014",3,
"SA","0–14","Number","2011–2015",4,
"SA","0–14","Number","2012–2016",5,
"SA","0–14","Number","2013–2017",5,
"SA","0–14","Number","2014–2018",6,
"SA","0–14","Number","2015–2019",7,
"SA","0–14","Number","2016–2020",9,
"SA","0–14","Number","2017–2021",9,
"SA","0–14","Number","2018–2022",8,
"SA","0–14","Number","2019–2023",8,
"SA","0–14","Number","2020–2024",7,
"SA","5–14","Number","2001–2005",4,
"SA","5–14","Number","2002–2006",1,
"SA","5–14","Number","2003–2007",1,
"SA","5–14","Number","2004–2008",3,
"SA","5–14","Number","2005–2009",0,
"SA","5–14","Number","2006–2010",0,
"SA","5–14","Number","2007–2011",0,
"SA","5–14","Number","2008–2012",2,
"SA","5–14","Number","2009–2013",2,
"SA","5–14","Number","2010–2014",3,
"SA","5–14","Number","2011–2015",2,
"SA","5–14","Number","2012–2016",5,
"SA","5–14","Number","2013–2017",5,
"SA","5–14","Number","2014–2018",6,
"SA","5–14","Number","2015–2019",7,
"SA","5–14","Number","2016–2020",9,
"SA","5–14","Number","2017–2021",9,
"SA","5–14","Number","2018–2022",8,
"SA","5–14","Number","2019–2023",8,
"SA","5–14","Number","2020–2024",7,
"SA","0–24","Number","2001–2005",142,
"SA","0–24","Number","2002–2006",136,
"SA","0–24","Number","2003–2007",131,
"SA","0–24","Number","2004–2008",125,
"SA","0–24","Number","2005–2009",123,
"SA","0–24","Number","2006–2010",108,
"SA","0–24","Number","2007–2011",119,
"SA","0–24","Number","2008–2012",122,
"SA","0–24","Number","2009–2013",131,
"SA","0–24","Number","2010–2014",135,
"SA","0–24","Number","2011–2015",133,
"SA","0–24","Number","2012–2016",121,
"SA","0–24","Number","2013–2017",128,
"SA","0–24","Number","2014–2018",126,
"SA","0–24","Number","2015–2019",134,
"SA","0–24","Number","2016–2020",146,
"SA","0–24","Number","2017–2021",152,
"SA","0–24","Number","2018–2022",154,
"SA","0–24","Number","2019–2023",151,
"SA","0–24","Number","2020–2024",141,
"SA","5–24","Number","2001–2005",142,
"SA","5–24","Number","2002–2006",136,
"SA","5–24","Number","2003–2007",131,
"SA","5–24","Number","2004–2008",125,
"SA","5–24","Number","2005–2009",123,
"SA","5–24","Number","2006–2010",108,
"SA","5–24","Number","2007–2011",119,
"SA","5–24","Number","2008–2012",122,
"SA","5–24","Number","2009–2013",131,
"SA","5–24","Number","2010–2014",135,
"SA","5–24","Number","2011–2015",133,
"SA","5–24","Number","2012–2016",121,
"SA","5–24","Number","2013–2017",128,
"SA","5–24","Number","2014–2018",126,
"SA","5–24","Number","2015–2019",134,
"SA","5–24","Number","2016–2020",146,
"SA","5–24","Number","2017–2021",152,
"SA","5–24","Number","2018–2022",154,
"SA","5–24","Number","2019–2023",151,
"SA","5–24","Number","2020–2024",141,
"SA","15–24","Number","2001–2005",141,
"SA","15–24","Number","2002–2006",135,
"SA","15–24","Number","2003–2007",129,
"SA","15–24","Number","2004–2008",123,
"SA","15–24","Number","2005–2009",122,
"SA","15–24","Number","2006–2010",107,
"SA","15–24","Number","2007–2011",118,
"SA","15–24","Number","2008–2012",120,
"SA","15–24","Number","2009–2013",127,
"SA","15–24","Number","2010–2014",131,
"SA","15–24","Number","2011–2015",129,
"SA","15–24","Number","2012–2016",116,
"SA","15–24","Number","2013–2017",123,
"SA","15–24","Number","2014–2018",120,
"SA","15–24","Number","2015–2019",127,
"SA","15–24","Number","2016–2020",137,
"SA","15–24","Number","2017–2021",143,
"SA","15–24","Number","2018–2022",146,
"SA","15–24","Number","2019–2023",143,
"SA","15–24","Number","2020–2024",134,
"SA","25–34","Number","2001–2005",199,
"SA","25–34","Number","2002–2006",189,
"SA","25–34","Number","2003–2007",199,
"SA","25–34","Number","2004–2008",186,
"SA","25–34","Number","2005–2009",186,
"SA","25–34","Number","2006–2010",161,
"SA","25–34","Number","2007–2011",171,
"SA","25–34","Number","2008–2012",161,
"SA","25–34","Number","2009–2013",168,
"SA","25–34","Number","2010–2014",169,
"SA","25–34","Number","2011–2015",189,
"SA","25–34","Number","2012–2016",194,
"SA","25–34","Number","2013–2017",208,
"SA","25–34","Number","2014–2018",204,
"SA","25–34","Number","2015–2019",205,
"SA","25–34","Number","2016–2020",204,
"SA","25–34","Number","2017–2021",197,
"SA","25–34","Number","2018–2022",203,
"SA","25–34","Number","2019–2023",200,
"SA","25–34","Number","2020–2024",201,
"SA","35–44","Number","2001–2005",235,
"SA","35–44","Number","2002–2006",214,
"SA","35–44","Number","2003–2007",223,
"SA","35–44","Number","2004–2008",221,
"SA","35–44","Number","2005–2009",233,
"SA","35–44","Number","2006–2010",233,
"SA","35–44","Number","2007–2011",232,
"SA","35–44","Number","2008–2012",224,
"SA","35–44","Number","2009–2013",218,
"SA","35–44","Number","2010–2014",228,
"SA","35–44","Number","2011–2015",219,
"SA","35–44","Number","2012–2016",224,
"SA","35–44","Number","2013–2017",224,
"SA","35–44","Number","2014–2018",220,
"SA","35–44","Number","2015–2019",202,
"SA","35–44","Number","2016–2020",202,
"SA","35–44","Number","2017–2021",202,
"SA","35–44","Number","2018–2022",210,
"SA","35–44","Number","2019–2023",216,
"SA","35–44","Number","2020–2024",210,
"SA","45–54","Number","2001–2005",182,
"SA","45–54","Number","2002–2006",174,
"SA","45–54","Number","2003–2007",174,
"SA","45–54","Number","2004–2008",176,
"SA","45–54","Number","2005–2009",176,
"SA","45–54","Number","2006–2010",170,
"SA","45–54","Number","2007–2011",180,
"SA","45–54","Number","2008–2012",193,
"SA","45–54","Number","2009–2013",195,
"SA","45–54","Number","2010–2014",210,
"SA","45–54","Number","2011–2015",225,
"SA","45–54","Number","2012–2016",233,
"SA","45–54","Number","2013–2017",229,
"SA","45–54","Number","2014–2018",233,
"SA","45–54","Number","2015–2019",231,
"SA","45–54","Number","2016–2020",228,
"SA","45–54","Number","2017–2021",217,
"SA","45–54","Number","2018–2022",215,
"SA","45–54","Number","2019–2023",222,
"SA","45–54","Number","2020–2024",219,
"SA","55–64","Number","2001–2005",84,
"SA","55–64","Number","2002–2006",92,
"SA","55–64","Number","2003–2007",105,
"SA","55–64","Number","2004–2008",116,
"SA","55–64","Number","2005–2009",120,
"SA","55–64","Number","2006–2010",129,
"SA","55–64","Number","2007–2011",141,
"SA","55–64","Number","2008–2012",131,
"SA","55–64","Number","2009–2013",137,
"SA","55–64","Number","2010–2014",143,
"SA","55–64","Number","2011–2015",144,
"SA","55–64","Number","2012–2016",140,
"SA","55–64","Number","2013–2017",148,
"SA","55–64","Number","2014–2018",152,
"SA","55–64","Number","2015–2019",166,
"SA","55–64","Number","2016–2020",158,
"SA","55–64","Number","2017–2021",161,
"SA","55–64","Number","2018–2022",162,
"SA","55–64","Number","2019–2023",169,
"SA","55–64","Number","2020–2024",173,
"SA","45–64","Number","2001–2005",266,
"SA","45–64","Number","2002–2006",266,
"SA","45–64","Number","2003–2007",279,
"SA","45–64","Number","2004–2008",292,
"SA","45–64","Number","2005–2009",294,
"SA","45–64","Number","2006–2010",298,
"SA","45–64","Number","2007–2011",321,
"SA","45–64","Number","2008–2012",324,
"SA","45–64","Number","2009–2013",332,
"SA","45–64","Number","2010–2014",353,
"SA","45–64","Number","2011–2015",369,
"SA","45–64","Number","2012–2016",373,
"SA","45–64","Number","2013–2017",377,
"SA","45–64","Number","2014–2018",385,
"SA","45–64","Number","2015–2019",397,
"SA","45–64","Number","2016–2020",386,
"SA","45–64","Number","2017–2021",378,
"SA","45–64","Number","2018–2022",377,
"SA","45–64","Number","2019–2023",391,
"SA","45–64","Number","2020–2024",392,
"SA","65+","Number","2001–2005",138,
"SA","65+","Number","2002–2006",147,
"SA","65+","Number","2003–2007",155,
"SA","65+","Number","2004–2008",145,
"SA","65+","Number","2005–2009",140,
"SA","65+","Number","2006–2010",142,
"SA","65+","Number","2007–2011",131,
"SA","65+","Number","2008–2012",136,
"SA","65+","Number","2009–2013",146,
"SA","65+","Number","2010–2014",161,
"SA","65+","Number","2011–2015",176,
"SA","65+","Number","2012–2016",186,
"SA","65+","Number","2013–2017",190,
"SA","65+","Number","2014–2018",198,
"SA","65+","Number","2015–2019",201,
"SA","65+","Number","2016–2020",197,
"SA","65+","Number","2017–2021",213,
"SA","65+","Number","2018–2022",215,
"SA","65+","Number","2019–2023",224,
"SA","65+","Number","2020–2024",226,
"SA","65–74","Number","2001–2005",69,
"SA","65–74","Number","2002–2006",72,
"SA","65–74","Number","2003–2007",74,
"SA","65–74","Number","2004–2008",65,
"SA","65–74","Number","2005–2009",62,
"SA","65–74","Number","2006–2010",66,
"SA","65–74","Number","2007–2011",61,
"SA","65–74","Number","2008–2012",64,
"SA","65–74","Number","2009–2013",71,
"SA","65–74","Number","2010–2014",82,
"SA","65–74","Number","2011–2015",91,
"SA","65–74","Number","2012–2016",96,
"SA","65–74","Number","2013–2017",106,
"SA","65–74","Number","2014–2018",107,
"SA","65–74","Number","2015–2019",105,
"SA","65–74","Number","2016–2020",104,
"SA","65–74","Number","2017–2021",117,
"SA","65–74","Number","2018–2022",115,
"SA","65–74","Number","2019–2023",124,
"SA","65–74","Number","2020–2024",131,
"SA","75–84","Number","2001–2005",52,
"SA","75–84","Number","2002–2006",55,
"SA","75–84","Number","2003–2007",60,
"SA","75–84","Number","2004–2008",59,
"SA","75–84","Number","2005–2009",58,
"SA","75–84","Number","2006–2010",56,
"SA","75–84","Number","2007–2011",53,
"SA","75–84","Number","2008–2012",55,
"SA","75–84","Number","2009–2013",53,
"SA","75–84","Number","2010–2014",51,
"SA","75–84","Number","2011–2015",52,
"SA","75–84","Number","2012–2016",53,
"SA","75–84","Number","2013–2017",47,
"SA","75–84","Number","2014–2018",54,
"SA","75–84","Number","2015–2019",54,
"SA","75–84","Number","2016–2020",56,
"SA","75–84","Number","2017–2021",61,
"SA","75–84","Number","2018–2022",64,
"SA","75–84","Number","2019–2023",62,
"SA","75–84","Number","2020–2024",61,
"SA","85+","Number","2001–2005",17,
"SA","85+","Number","2002–2006",20,
"SA","85+","Number","2003–2007",21,
"SA","85+","Number","2004–2008",21,
"SA","85+","Number","2005–2009",20,
"SA","85+","Number","2006–2010",20,
"SA","85+","Number","2007–2011",17,
"SA","85+","Number","2008–2012",17,
"SA","85+","Number","2009–2013",22,
"SA","85+","Number","2010–2014",28,
"SA","85+","Number","2011–2015",33,
"SA","85+","Number","2012–2016",37,
"SA","85+","Number","2013–2017",37,
"SA","85+","Number","2014–2018",37,
"SA","85+","Number","2015–2019",42,
"SA","85+","Number","2016–2020",37,
"SA","85+","Number","2017–2021",35,
"SA","85+","Number","2018–2022",36,
"SA","85+","Number","2019–2023",38,
"SA","85+","Number","2020–2024",34,
"SA","Total","Number","2001–2005",980,
"SA","Total","Number","2002–2006",952,
"SA","Total","Number","2003–2007",987,
"SA","Total","Number","2004–2008",969,
"SA","Total","Number","2005–2009",976,
"SA","Total","Number","2006–2010",942,
"SA","Total","Number","2007–2011",974,
"SA","Total","Number","2008–2012",967,
"SA","Total","Number","2009–2013",995,
"SA","Total","Number","2010–2014",1046,
"SA","Total","Number","2011–2015",1086,
"SA","Total","Number","2012–2016",1098,
"SA","Total","Number","2013–2017",1127,
"SA","Total","Number","2014–2018",1133,
"SA","Total","Number","2015–2019",1139,
"SA","Total","Number","2016–2020",1135,
"SA","Total","Number","2017–2021",1142,
"SA","Total","Number","2018–2022",1159,
"SA","Total","Number","2019–2023",1182,
"SA","Total","Number","2020–2024",1170,
"Tas","0–14","Number","2001–2005",1,
"Tas","0–14","Number","2002–2006",2,
"Tas","0–14","Number","2003–2007",0,
"Tas","0–14","Number","2004–2008",0,
"Tas","0–14","Number","2005–2009",0,
"Tas","0–14","Number","2006–2010",3,
"Tas","0–14","Number","2007–2011",1,
"Tas","0–14","Number","2008–2012",1,
"Tas","0–14","Number","2009–2013",4,
"Tas","0–14","Number","2010–2014",6,
"Tas","0–14","Number","2011–2015",1,
"Tas","0–14","Number","2012–2016",2,
"Tas","0–14","Number","2013–2017",2,
"Tas","0–14","Number","2014–2018",3,
"Tas","0–14","Number","2015–2019",0,
"Tas","0–14","Number","2016–2020",4,
"Tas","0–14","Number","2017–2021",3,
"Tas","0–14","Number","2018–2022",4,
"Tas","0–14","Number","2019–2023",5,
"Tas","0–14","Number","2020–2024",6,
"Tas","5–14","Number","2001–2005",2,
"Tas","5–14","Number","2002–2006",3,
"Tas","5–14","Number","2003–2007",0,
"Tas","5–14","Number","2004–2008",0,
"Tas","5–14","Number","2005–2009",0,
"Tas","5–14","Number","2006–2010",2,
"Tas","5–14","Number","2007–2011",1,
"Tas","5–14","Number","2008–2012",4,
"Tas","5–14","Number","2009–2013",1,
"Tas","5–14","Number","2010–2014",6,
"Tas","5–14","Number","2011–2015",2,
"Tas","5–14","Number","2012–2016",1,
"Tas","5–14","Number","2013–2017",1,
"Tas","5–14","Number","2014–2018",4,
"Tas","5–14","Number","2015–2019",0,
"Tas","5–14","Number","2016–2020",1,
"Tas","5–14","Number","2017–2021",3,
"Tas","5–14","Number","2018–2022",4,
"Tas","5–14","Number","2019–2023",5,
"Tas","5–14","Number","2020–2024",6,
"Tas","0–24","Number","2001–2005",36,
"Tas","0–24","Number","2002–2006",41,
"Tas","0–24","Number","2003–2007",35,
"Tas","0–24","Number","2004–2008",32,
"Tas","0–24","Number","2005–2009",32,
"Tas","0–24","Number","2006–2010",32,
"Tas","0–24","Number","2007–2011",33,
"Tas","0–24","Number","2008–2012",41,
"Tas","0–24","Number","2009–2013",48,
"Tas","0–24","Number","2010–2014",50,
"Tas","0–24","Number","2011–2015",54,
"Tas","0–24","Number","2012–2016",51,
"Tas","0–24","Number","2013–2017",49,
"Tas","0–24","Number","2014–2018",47,
"Tas","0–24","Number","2015–2019",45,
"Tas","0–24","Number","2016–2020",44,
"Tas","0–24","Number","2017–2021",42,
"Tas","0–24","Number","2018–2022",39,
"Tas","0–24","Number","2019–2023",39,
"Tas","0–24","Number","2020–2024",37,
"Tas","5–24","Number","2001–2005",36,
"Tas","5–24","Number","2002–2006",41,
"Tas","5–24","Number","2003–2007",35,
"Tas","5–24","Number","2004–2008",32,
"Tas","5–24","Number","2005–2009",32,
"Tas","5–24","Number","2006–2010",32,
"Tas","5–24","Number","2007–2011",33,
"Tas","5–24","Number","2008–2012",41,
"Tas","5–24","Number","2009–2013",48,
"Tas","5–24","Number","2010–2014",50,
"Tas","5–24","Number","2011–2015",54,
"Tas","5–24","Number","2012–2016",51,
"Tas","5–24","Number","2013–2017",49,
"Tas","5–24","Number","2014–2018",47,
"Tas","5–24","Number","2015–2019",45,
"Tas","5–24","Number","2016–2020",44,
"Tas","5–24","Number","2017–2021",42,
"Tas","5–24","Number","2018–2022",39,
"Tas","5–24","Number","2019–2023",39,
"Tas","5–24","Number","2020–2024",37,
"Tas","15–24","Number","2001–2005",35,
"Tas","15–24","Number","2002–2006",40,
"Tas","15–24","Number","2003–2007",35,
"Tas","15–24","Number","2004–2008",32,
"Tas","15–24","Number","2005–2009",32,
"Tas","15–24","Number","2006–2010",30,
"Tas","15–24","Number","2007–2011",31,
"Tas","15–24","Number","2008–2012",38,
"Tas","15–24","Number","2009–2013",44,
"Tas","15–24","Number","2010–2014",44,
"Tas","15–24","Number","2011–2015",50,
"Tas","15–24","Number","2012–2016",47,
"Tas","15–24","Number","2013–2017",46,
"Tas","15–24","Number","2014–2018",45,
"Tas","15–24","Number","2015–2019",45,
"Tas","15–24","Number","2016–2020",41,
"Tas","15–24","Number","2017–2021",39,
"Tas","15–24","Number","2018–2022",35,
"Tas","15–24","Number","2019–2023",34,
"Tas","15–24","Number","2020–2024",31,
"Tas","25–34","Number","2001–2005",90,
"Tas","25–34","Number","2002–2006",82,
"Tas","25–34","Number","2003–2007",78,
"Tas","25–34","Number","2004–2008",82,
"Tas","25–34","Number","2005–2009",74,
"Tas","25–34","Number","2006–2010",69,
"Tas","25–34","Number","2007–2011",66,
"Tas","25–34","Number","2008–2012",59,
"Tas","25–34","Number","2009–2013",48,
"Tas","25–34","Number","2010–2014",43,
"Tas","25–34","Number","2011–2015",44,
"Tas","25–34","Number","2012–2016",45,
"Tas","25–34","Number","2013–2017",50,
"Tas","25–34","Number","2014–2018",51,
"Tas","25–34","Number","2015–2019",58,
"Tas","25–34","Number","2016–2020",61,
"Tas","25–34","Number","2017–2021",62,
"Tas","25–34","Number","2018–2022",62,
"Tas","25–34","Number","2019–2023",68,
"Tas","25–34","Number","2020–2024",63,
"Tas","35–44","Number","2001–2005",85,
"Tas","35–44","Number","2002–2006",82,
"Tas","35–44","Number","2003–2007",82,
"Tas","35–44","Number","2004–2008",77,
"Tas","35–44","Number","2005–2009",67,
"Tas","35–44","Number","2006–2010",67,
"Tas","35–44","Number","2007–2011",69,
"Tas","35–44","Number","2008–2012",70,
"Tas","35–44","Number","2009–2013",73,
"Tas","35–44","Number","2010–2014",73,
"Tas","35–44","Number","2011–2015",74,
"Tas","35–44","Number","2012–2016",76,
"Tas","35–44","Number","2013–2017",76,
"Tas","35–44","Number","2014–2018",80,
"Tas","35–44","Number","2015–2019",84,
"Tas","35–44","Number","2016–2020",81,
"Tas","35–44","Number","2017–2021",82,
"Tas","35–44","Number","2018–2022",85,
"Tas","35–44","Number","2019–2023",79,
"Tas","35–44","Number","2020–2024",81,
"Tas","45–54","Number","2001–2005",57,
"Tas","45–54","Number","2002–2006",66,
"Tas","45–54","Number","2003–2007",69,
"Tas","45–54","Number","2004–2008",78,
"Tas","45–54","Number","2005–2009",82,
"Tas","45–54","Number","2006–2010",79,
"Tas","45–54","Number","2007–2011",77,
"Tas","45–54","Number","2008–2012",79,
"Tas","45–54","Number","2009–2013",79,
"Tas","45–54","Number","2010–2014",72,
"Tas","45–54","Number","2011–2015",71,
"Tas","45–54","Number","2012–2016",78,
"Tas","45–54","Number","2013–2017",77,
"Tas","45–54","Number","2014–2018",68,
"Tas","45–54","Number","2015–2019",82,
"Tas","45–54","Number","2016–2020",84,
"Tas","45–54","Number","2017–2021",75,
"Tas","45–54","Number","2018–2022",74,
"Tas","45–54","Number","2019–2023",83,
"Tas","45–54","Number","2020–2024",76,
"Tas","55–64","Number","2001–2005",45,
"Tas","55–64","Number","2002–2006",54,
"Tas","55–64","Number","2003–2007",59,
"Tas","55–64","Number","2004–2008",56,
"Tas","55–64","Number","2005–2009",59,
"Tas","55–64","Number","2006–2010",56,
"Tas","55–64","Number","2007–2011",50,
"Tas","55–64","Number","2008–2012",50,
"Tas","55–64","Number","2009–2013",53,
"Tas","55–64","Number","2010–2014",56,
"Tas","55–64","Number","2011–2015",65,
"Tas","55–64","Number","2012–2016",72,
"Tas","55–64","Number","2013–2017",70,
"Tas","55–64","Number","2014–2018",73,
"Tas","55–64","Number","2015–2019",73,
"Tas","55–64","Number","2016–2020",73,
"Tas","55–64","Number","2017–2021",68,
"Tas","55–64","Number","2018–2022",72,
"Tas","55–64","Number","2019–2023",71,
"Tas","55–64","Number","2020–2024",67,
"Tas","45–64","Number","2001–2005",102,
"Tas","45–64","Number","2002–2006",120,
"Tas","45–64","Number","2003–2007",128,
"Tas","45–64","Number","2004–2008",134,
"Tas","45–64","Number","2005–2009",141,
"Tas","45–64","Number","2006–2010",135,
"Tas","45–64","Number","2007–2011",127,
"Tas","45–64","Number","2008–2012",129,
"Tas","45–64","Number","2009–2013",132,
"Tas","45–64","Number","2010–2014",128,
"Tas","45–64","Number","2011–2015",136,
"Tas","45–64","Number","2012–2016",150,
"Tas","45–64","Number","2013–2017",147,
"Tas","45–64","Number","2014–2018",141,
"Tas","45–64","Number","2015–2019",155,
"Tas","45–64","Number","2016–2020",157,
"Tas","45–64","Number","2017–2021",143,
"Tas","45–64","Number","2018–2022",146,
"Tas","45–64","Number","2019–2023",154,
"Tas","45–64","Number","2020–2024",143,
"Tas","65+","Number","2001–2005",51,
"Tas","65+","Number","2002–2006",48,
"Tas","65+","Number","2003–2007",46,
"Tas","65+","Number","2004–2008",48,
"Tas","65+","Number","2005–2009",50,
"Tas","65+","Number","2006–2010",51,
"Tas","65+","Number","2007–2011",61,
"Tas","65+","Number","2008–2012",62,
"Tas","65+","Number","2009–2013",61,
"Tas","65+","Number","2010–2014",58,
"Tas","65+","Number","2011–2015",64,
"Tas","65+","Number","2012–2016",69,
"Tas","65+","Number","2013–2017",77,
"Tas","65+","Number","2014–2018",84,
"Tas","65+","Number","2015–2019",99,
"Tas","65+","Number","2016–2020",102,
"Tas","65+","Number","2017–2021",103,
"Tas","65+","Number","2018–2022",108,
"Tas","65+","Number","2019–2023",110,
"Tas","65+","Number","2020–2024",100,
"Tas","65–74","Number","2001–2005",22,
"Tas","65–74","Number","2002–2006",20,
"Tas","65–74","Number","2003–2007",19,
"Tas","65–74","Number","2004–2008",20,
"Tas","65–74","Number","2005–2009",20,
"Tas","65–74","Number","2006–2010",20,
"Tas","65–74","Number","2007–2011",21,
"Tas","65–74","Number","2008–2012",24,
"Tas","65–74","Number","2009–2013",21,
"Tas","65–74","Number","2010–2014",21,
"Tas","65–74","Number","2011–2015",27,
"Tas","65–74","Number","2012–2016",34,
"Tas","65–74","Number","2013–2017",36,
"Tas","65–74","Number","2014–2018",43,
"Tas","65–74","Number","2015–2019",51,
"Tas","65–74","Number","2016–2020",54,
"Tas","65–74","Number","2017–2021",60,
"Tas","65–74","Number","2018–2022",62,
"Tas","65–74","Number","2019–2023",60,
"Tas","65–74","Number","2020–2024",57,
"Tas","75–84","Number","2001–2005",21,
"Tas","75–84","Number","2002–2006",18,
"Tas","75–84","Number","2003–2007",20,
"Tas","75–84","Number","2004–2008",19,
"Tas","75–84","Number","2005–2009",18,
"Tas","75–84","Number","2006–2010",19,
"Tas","75–84","Number","2007–2011",24,
"Tas","75–84","Number","2008–2012",23,
"Tas","75–84","Number","2009–2013",26,
"Tas","75–84","Number","2010–2014",23,
"Tas","75–84","Number","2011–2015",24,
"Tas","75–84","Number","2012–2016",23,
"Tas","75–84","Number","2013–2017",29,
"Tas","75–84","Number","2014–2018",28,
"Tas","75–84","Number","2015–2019",33,
"Tas","75–84","Number","2016–2020",32,
"Tas","75–84","Number","2017–2021",30,
"Tas","75–84","Number","2018–2022",30,
"Tas","75–84","Number","2019–2023",35,
"Tas","75–84","Number","2020–2024",32,
"Tas","85+","Number","2001–2005",8,
"Tas","85+","Number","2002–2006",10,
"Tas","85+","Number","2003–2007",7,
"Tas","85+","Number","2004–2008",9,
"Tas","85+","Number","2005–2009",12,
"Tas","85+","Number","2006–2010",12,
"Tas","85+","Number","2007–2011",16,
"Tas","85+","Number","2008–2012",15,
"Tas","85+","Number","2009–2013",14,
"Tas","85+","Number","2010–2014",14,
"Tas","85+","Number","2011–2015",13,
"Tas","85+","Number","2012–2016",12,
"Tas","85+","Number","2013–2017",12,
"Tas","85+","Number","2014–2018",13,
"Tas","85+","Number","2015–2019",15,
"Tas","85+","Number","2016–2020",16,
"Tas","85+","Number","2017–2021",13,
"Tas","85+","Number","2018–2022",16,
"Tas","85+","Number","2019–2023",15,
"Tas","85+","Number","2020–2024",11,
"Tas","Total","Number","2001–2005",365,
"Tas","Total","Number","2002–2006",373,
"Tas","Total","Number","2003–2007",369,
"Tas","Total","Number","2004–2008",373,
"Tas","Total","Number","2005–2009",364,
"Tas","Total","Number","2006–2010",354,
"Tas","Total","Number","2007–2011",356,
"Tas","Total","Number","2008–2012",361,
"Tas","Total","Number","2009–2013",362,
"Tas","Total","Number","2010–2014",352,
"Tas","Total","Number","2011–2015",372,
"Tas","Total","Number","2012–2016",391,
"Tas","Total","Number","2013–2017",399,
"Tas","Total","Number","2014–2018",403,
"Tas","Total","Number","2015–2019",441,
"Tas","Total","Number","2016–2020",445,
"Tas","Total","Number","2017–2021",432,
"Tas","Total","Number","2018–2022",440,
"Tas","Total","Number","2019–2023",450,
"Tas","Total","Number","2020–2024",424,
"ACT","0–14","Number","2001–2005",0,
"ACT","0–14","Number","2002–2006",0,
"ACT","0–14","Number","2003–2007",0,
"ACT","0–14","Number","2004–2008",1,
"ACT","0–14","Number","2005–2009",3,
"ACT","0–14","Number","2006–2010",4,
"ACT","0–14","Number","2007–2011",2,
"ACT","0–14","Number","2008–2012",4,
"ACT","0–14","Number","2009–2013",0,
"ACT","0–14","Number","2010–2014",2,
"ACT","0–14","Number","2011–2015",4,
"ACT","0–14","Number","2012–2016",2,
"ACT","0–14","Number","2013–2017",3,
"ACT","0–14","Number","2014–2018",3,
"ACT","0–14","Number","2015–2019",1,
"ACT","0–14","Number","2016–2020",2,
"ACT","0–14","Number","2017–2021",3,
"ACT","0–14","Number","2018–2022",2,
"ACT","0–14","Number","2019–2023",1,
"ACT","0–14","Number","2020–2024",1,
"ACT","5–14","Number","2001–2005",0,
"ACT","5–14","Number","2002–2006",0,
"ACT","5–14","Number","2003–2007",0,
"ACT","5–14","Number","2004–2008",3,
"ACT","5–14","Number","2005–2009",4,
"ACT","5–14","Number","2006–2010",1,
"ACT","5–14","Number","2007–2011",2,
"ACT","5–14","Number","2008–2012",1,
"ACT","5–14","Number","2009–2013",0,
"ACT","5–14","Number","2010–2014",4,
"ACT","5–14","Number","2011–2015",1,
"ACT","5–14","Number","2012–2016",4,
"ACT","5–14","Number","2013–2017",1,
"ACT","5–14","Number","2014–2018",4,
"ACT","5–14","Number","2015–2019",3,
"ACT","5–14","Number","2016–2020",2,
"ACT","5–14","Number","2017–2021",3,
"ACT","5–14","Number","2018–2022",2,
"ACT","5–14","Number","2019–2023",1,
"ACT","5–14","Number","2020–2024",1,
"ACT","0–24","Number","2001–2005",26,
"ACT","0–24","Number","2002–2006",25,
"ACT","0–24","Number","2003–2007",25,
"ACT","0–24","Number","2004–2008",23,
"ACT","0–24","Number","2005–2009",23,
"ACT","0–24","Number","2006–2010",20,
"ACT","0–24","Number","2007–2011",19,
"ACT","0–24","Number","2008–2012",20,
"ACT","0–24","Number","2009–2013",18,
"ACT","0–24","Number","2010–2014",21,
"ACT","0–24","Number","2011–2015",28,
"ACT","0–24","Number","2012–2016",27,
"ACT","0–24","Number","2013–2017",36,
"ACT","0–24","Number","2014–2018",43,
"ACT","0–24","Number","2015–2019",47,
"ACT","0–24","Number","2016–2020",50,
"ACT","0–24","Number","2017–2021",58,
"ACT","0–24","Number","2018–2022",51,
"ACT","0–24","Number","2019–2023",41,
"ACT","0–24","Number","2020–2024",34,
"ACT","5–24","Number","2001–2005",26,
"ACT","5–24","Number","2002–2006",25,
"ACT","5–24","Number","2003–2007",25,
"ACT","5–24","Number","2004–2008",23,
"ACT","5–24","Number","2005–2009",23,
"ACT","5–24","Number","2006–2010",20,
"ACT","5–24","Number","2007–2011",19,
"ACT","5–24","Number","2008–2012",20,
"ACT","5–24","Number","2009–2013",18,
"ACT","5–24","Number","2010–2014",21,
"ACT","5–24","Number","2011–2015",28,
"ACT","5–24","Number","2012–2016",27,
"ACT","5–24","Number","2013–2017",36,
"ACT","5–24","Number","2014–2018",43,
"ACT","5–24","Number","2015–2019",47,
"ACT","5–24","Number","2016–2020",50,
"ACT","5–24","Number","2017–2021",58,
"ACT","5–24","Number","2018–2022",51,
"ACT","5–24","Number","2019–2023",41,
"ACT","5–24","Number","2020–2024",34,
"ACT","15–24","Number","2001–2005",26,
"ACT","15–24","Number","2002–2006",25,
"ACT","15–24","Number","2003–2007",25,
"ACT","15–24","Number","2004–2008",22,
"ACT","15–24","Number","2005–2009",22,
"ACT","15–24","Number","2006–2010",19,
"ACT","15–24","Number","2007–2011",18,
"ACT","15–24","Number","2008–2012",19,
"ACT","15–24","Number","2009–2013",18,
"ACT","15–24","Number","2010–2014",20,
"ACT","15–24","Number","2011–2015",27,
"ACT","15–24","Number","2012–2016",26,
"ACT","15–24","Number","2013–2017",34,
"ACT","15–24","Number","2014–2018",40,
"ACT","15–24","Number","2015–2019",45,
"ACT","15–24","Number","2016–2020",48,
"ACT","15–24","Number","2017–2021",55,
"ACT","15–24","Number","2018–2022",49,
"ACT","15–24","Number","2019–2023",40,
"ACT","15–24","Number","2020–2024",33,
"ACT","25–34","Number","2001–2005",48,
"ACT","25–34","Number","2002–2006",41,
"ACT","25–34","Number","2003–2007",44,
"ACT","25–34","Number","2004–2008",39,
"ACT","25–34","Number","2005–2009",38,
"ACT","25–34","Number","2006–2010",37,
"ACT","25–34","Number","2007–2011",37,
"ACT","25–34","Number","2008–2012",31,
"ACT","25–34","Number","2009–2013",30,
"ACT","25–34","Number","2010–2014",27,
"ACT","25–34","Number","2011–2015",23,
"ACT","25–34","Number","2012–2016",20,
"ACT","25–34","Number","2013–2017",23,
"ACT","25–34","Number","2014–2018",28,
"ACT","25–34","Number","2015–2019",32,
"ACT","25–34","Number","2016–2020",39,
"ACT","25–34","Number","2017–2021",47,
"ACT","25–34","Number","2018–2022",50,
"ACT","25–34","Number","2019–2023",53,
"ACT","25–34","Number","2020–2024",53,
"ACT","35–44","Number","2001–2005",40,
"ACT","35–44","Number","2002–2006",34,
"ACT","35–44","Number","2003–2007",32,
"ACT","35–44","Number","2004–2008",37,
"ACT","35–44","Number","2005–2009",37,
"ACT","35–44","Number","2006–2010",42,
"ACT","35–44","Number","2007–2011",41,
"ACT","35–44","Number","2008–2012",40,
"ACT","35–44","Number","2009–2013",38,
"ACT","35–44","Number","2010–2014",45,
"ACT","35–44","Number","2011–2015",46,
"ACT","35–44","Number","2012–2016",43,
"ACT","35–44","Number","2013–2017",54,
"ACT","35–44","Number","2014–2018",49,
"ACT","35–44","Number","2015–2019",53,
"ACT","35–44","Number","2016–2020",53,
"ACT","35–44","Number","2017–2021",67,
"ACT","35–44","Number","2018–2022",68,
"ACT","35–44","Number","2019–2023",68,
"ACT","35–44","Number","2020–2024",61,
"ACT","45–54","Number","2001–2005",31,
"ACT","45–54","Number","2002–2006",31,
"ACT","45–54","Number","2003–2007",30,
"ACT","45–54","Number","2004–2008",30,
"ACT","45–54","Number","2005–2009",27,
"ACT","45–54","Number","2006–2010",30,
"ACT","45–54","Number","2007–2011",29,
"ACT","45–54","Number","2008–2012",28,
"ACT","45–54","Number","2009–2013",29,
"ACT","45–54","Number","2010–2014",32,
"ACT","45–54","Number","2011–2015",31,
"ACT","45–54","Number","2012–2016",31,
"ACT","45–54","Number","2013–2017",33,
"ACT","45–54","Number","2014–2018",34,
"ACT","45–54","Number","2015–2019",32,
"ACT","45–54","Number","2016–2020",35,
"ACT","45–54","Number","2017–2021",38,
"ACT","45–54","Number","2018–2022",42,
"ACT","45–54","Number","2019–2023",42,
"ACT","45–54","Number","2020–2024",43,
"ACT","55–64","Number","2001–2005",11,
"ACT","55–64","Number","2002–2006",10,
"ACT","55–64","Number","2003–2007",13,
"ACT","55–64","Number","2004–2008",15,
"ACT","55–64","Number","2005–2009",21,
"ACT","55–64","Number","2006–2010",22,
"ACT","55–64","Number","2007–2011",23,
"ACT","55–64","Number","2008–2012",24,
"ACT","55–64","Number","2009–2013",24,
"ACT","55–64","Number","2010–2014",22,
"ACT","55–64","Number","2011–2015",24,
"ACT","55–64","Number","2012–2016",22,
"ACT","55–64","Number","2013–2017",27,
"ACT","55–64","Number","2014–2018",30,
"ACT","55–64","Number","2015–2019",29,
"ACT","55–64","Number","2016–2020",28,
"ACT","55–64","Number","2017–2021",33,
"ACT","55–64","Number","2018–2022",28,
"ACT","55–64","Number","2019–2023",31,
"ACT","55–64","Number","2020–2024",34,
"ACT","45–64","Number","2001–2005",41,
"ACT","45–64","Number","2002–2006",41,
"ACT","45–64","Number","2003–2007",43,
"ACT","45–64","Number","2004–2008",45,
"ACT","45–64","Number","2005–2009",49,
"ACT","45–64","Number","2006–2010",53,
"ACT","45–64","Number","2007–2011",52,
"ACT","45–64","Number","2008–2012",52,
"ACT","45–64","Number","2009–2013",53,
"ACT","45–64","Number","2010–2014",54,
"ACT","45–64","Number","2011–2015",55,
"ACT","45–64","Number","2012–2016",53,
"ACT","45–64","Number","2013–2017",60,
"ACT","45–64","Number","2014–2018",64,
"ACT","45–64","Number","2015–2019",61,
"ACT","45–64","Number","2016–2020",63,
"ACT","45–64","Number","2017–2021",71,
"ACT","45–64","Number","2018–2022",70,
"ACT","45–64","Number","2019–2023",73,
"ACT","45–64","Number","2020–2024",77,
"ACT","65+","Number","2001–2005",13,
"ACT","65+","Number","2002–2006",13,
"ACT","65+","Number","2003–2007",16,
"ACT","65+","Number","2004–2008",17,
"ACT","65+","Number","2005–2009",20,
"ACT","65+","Number","2006–2010",21,
"ACT","65+","Number","2007–2011",25,
"ACT","65+","Number","2008–2012",23,
"ACT","65+","Number","2009–2013",28,
"ACT","65+","Number","2010–2014",26,
"ACT","65+","Number","2011–2015",26,
"ACT","65+","Number","2012–2016",30,
"ACT","65+","Number","2013–2017",35,
"ACT","65+","Number","2014–2018",37,
"ACT","65+","Number","2015–2019",43,
"ACT","65+","Number","2016–2020",44,
"ACT","65+","Number","2017–2021",42,
"ACT","65+","Number","2018–2022",42,
"ACT","65+","Number","2019–2023",35,
"ACT","65+","Number","2020–2024",30,
"ACT","65–74","Number","2001–2005",9,
"ACT","65–74","Number","2002–2006",7,
"ACT","65–74","Number","2003–2007",6,
"ACT","65–74","Number","2004–2008",7,
"ACT","65–74","Number","2005–2009",8,
"ACT","65–74","Number","2006–2010",9,
"ACT","65–74","Number","2007–2011",9,
"ACT","65–74","Number","2008–2012",10,
"ACT","65–74","Number","2009–2013",14,
"ACT","65–74","Number","2010–2014",13,
"ACT","65–74","Number","2011–2015",14,
"ACT","65–74","Number","2012–2016",15,
"ACT","65–74","Number","2013–2017",16,
"ACT","65–74","Number","2014–2018",15,
"ACT","65–74","Number","2015–2019",19,
"ACT","65–74","Number","2016–2020",18,
"ACT","65–74","Number","2017–2021",20,
"ACT","65–74","Number","2018–2022",22,
"ACT","65–74","Number","2019–2023",18,
"ACT","65–74","Number","2020–2024",15,
"ACT","75–84","Number","2001–2005",2,
"ACT","75–84","Number","2002–2006",3,
"ACT","75–84","Number","2003–2007",5,
"ACT","75–84","Number","2004–2008",5,
"ACT","75–84","Number","2005–2009",7,
"ACT","75–84","Number","2006–2010",8,
"ACT","75–84","Number","2007–2011",13,
"ACT","75–84","Number","2008–2012",11,
"ACT","75–84","Number","2009–2013",11,
"ACT","75–84","Number","2010–2014",9,
"ACT","75–84","Number","2011–2015",8,
"ACT","75–84","Number","2012–2016",8,
"ACT","75–84","Number","2013–2017",11,
"ACT","75–84","Number","2014–2018",13,
"ACT","75–84","Number","2015–2019",15,
"ACT","75–84","Number","2016–2020",16,
"ACT","75–84","Number","2017–2021",12,
"ACT","75–84","Number","2018–2022",10,
"ACT","75–84","Number","2019–2023",9,
"ACT","75–84","Number","2020–2024",7,
"ACT","85+","Number","2001–2005",2,
"ACT","85+","Number","2002–2006",3,
"ACT","85+","Number","2003–2007",5,
"ACT","85+","Number","2004–2008",5,
"ACT","85+","Number","2005–2009",5,
"ACT","85+","Number","2006–2010",4,
"ACT","85+","Number","2007–2011",3,
"ACT","85+","Number","2008–2012",2,
"ACT","85+","Number","2009–2013",3,
"ACT","85+","Number","2010–2014",4,
"ACT","85+","Number","2011–2015",4,
"ACT","85+","Number","2012–2016",7,
"ACT","85+","Number","2013–2017",8,
"ACT","85+","Number","2014–2018",9,
"ACT","85+","Number","2015–2019",9,
"ACT","85+","Number","2016–2020",10,
"ACT","85+","Number","2017–2021",10,
"ACT","85+","Number","2018–2022",10,
"ACT","85+","Number","2019–2023",8,
"ACT","85+","Number","2020–2024",8,
"ACT","Total","Number","2001–2005",168,
"ACT","Total","Number","2002–2006",154,
"ACT","Total","Number","2003–2007",160,
"ACT","Total","Number","2004–2008",161,
"ACT","Total","Number","2005–2009",167,
"ACT","Total","Number","2006–2010",173,
"ACT","Total","Number","2007–2011",174,
"ACT","Total","Number","2008–2012",166,
"ACT","Total","Number","2009–2013",167,
"ACT","Total","Number","2010–2014",173,
"ACT","Total","Number","2011–2015",178,
"ACT","Total","Number","2012–2016",173,
"ACT","Total","Number","2013–2017",208,
"ACT","Total","Number","2014–2018",221,
"ACT","Total","Number","2015–2019",236,
"ACT","Total","Number","2016–2020",249,
"ACT","Total","Number","2017–2021",285,
"ACT","Total","Number","2018–2022",281,
"ACT","Total","Number","2019–2023",270,
"ACT","Total","Number","2020–2024",255,
"NT","0–14","Number","2001–2005",3,
"NT","0–14","Number","2002–2006",4,
"NT","0–14","Number","2003–2007",1,
"NT","0–14","Number","2004–2008",2,
"NT","0–14","Number","2005–2009",3,
"NT","0–14","Number","2006–2010",5,
"NT","0–14","Number","2007–2011",5,
"NT","0–14","Number","2008–2012",4,
"NT","0–14","Number","2009–2013",5,
"NT","0–14","Number","2010–2014",7,
"NT","0–14","Number","2011–2015",6,
"NT","0–14","Number","2012–2016",7,
"NT","0–14","Number","2013–2017",7,
"NT","0–14","Number","2014–2018",6,
"NT","0–14","Number","2015–2019",1,
"NT","0–14","Number","2016–2020",6,
"NT","0–14","Number","2017–2021",4,
"NT","0–14","Number","2018–2022",4,
"NT","0–14","Number","2019–2023",3,
"NT","0–14","Number","2020–2024",3,
"NT","5–14","Number","2001–2005",2,
"NT","5–14","Number","2002–2006",4,
"NT","5–14","Number","2003–2007",4,
"NT","5–14","Number","2004–2008",3,
"NT","5–14","Number","2005–2009",4,
"NT","5–14","Number","2006–2010",5,
"NT","5–14","Number","2007–2011",5,
"NT","5–14","Number","2008–2012",3,
"NT","5–14","Number","2009–2013",5,
"NT","5–14","Number","2010–2014",7,
"NT","5–14","Number","2011–2015",6,
"NT","5–14","Number","2012–2016",7,
"NT","5–14","Number","2013–2017",7,
"NT","5–14","Number","2014–2018",6,
"NT","5–14","Number","2015–2019",2,
"NT","5–14","Number","2016–2020",6,
"NT","5–14","Number","2017–2021",4,
"NT","5–14","Number","2018–2022",4,
"NT","5–14","Number","2019–2023",3,
"NT","5–14","Number","2020–2024",3,
"NT","0–24","Number","2001–2005",67,
"NT","0–24","Number","2002–2006",65,
"NT","0–24","Number","2003–2007",75,
"NT","0–24","Number","2004–2008",71,
"NT","0–24","Number","2005–2009",68,
"NT","0–24","Number","2006–2010",65,
"NT","0–24","Number","2007–2011",73,
"NT","0–24","Number","2008–2012",69,
"NT","0–24","Number","2009–2013",73,
"NT","0–24","Number","2010–2014",80,
"NT","0–24","Number","2011–2015",81,
"NT","0–24","Number","2012–2016",73,
"NT","0–24","Number","2013–2017",74,
"NT","0–24","Number","2014–2018",73,
"NT","0–24","Number","2015–2019",73,
"NT","0–24","Number","2016–2020",74,
"NT","0–24","Number","2017–2021",80,
"NT","0–24","Number","2018–2022",78,
"NT","0–24","Number","2019–2023",74,
"NT","0–24","Number","2020–2024",71,
"NT","5–24","Number","2001–2005",67,
"NT","5–24","Number","2002–2006",65,
"NT","5–24","Number","2003–2007",75,
"NT","5–24","Number","2004–2008",71,
"NT","5–24","Number","2005–2009",68,
"NT","5–24","Number","2006–2010",65,
"NT","5–24","Number","2007–2011",73,
"NT","5–24","Number","2008–2012",69,
"NT","5–24","Number","2009–2013",73,
"NT","5–24","Number","2010–2014",80,
"NT","5–24","Number","2011–2015",81,
"NT","5–24","Number","2012–2016",73,
"NT","5–24","Number","2013–2017",74,
"NT","5–24","Number","2014–2018",73,
"NT","5–24","Number","2015–2019",73,
"NT","5–24","Number","2016–2020",74,
"NT","5–24","Number","2017–2021",80,
"NT","5–24","Number","2018–2022",78,
"NT","5–24","Number","2019–2023",74,
"NT","5–24","Number","2020–2024",71,
"NT","15–24","Number","2001–2005",64,
"NT","15–24","Number","2002–2006",62,
"NT","15–24","Number","2003–2007",71,
"NT","15–24","Number","2004–2008",67,
"NT","15–24","Number","2005–2009",64,
"NT","15–24","Number","2006–2010",60,
"NT","15–24","Number","2007–2011",68,
"NT","15–24","Number","2008–2012",65,
"NT","15–24","Number","2009–2013",68,
"NT","15–24","Number","2010–2014",73,
"NT","15–24","Number","2011–2015",75,
"NT","15–24","Number","2012–2016",66,
"NT","15–24","Number","2013–2017",67,
"NT","15–24","Number","2014–2018",67,
"NT","15–24","Number","2015–2019",69,
"NT","15–24","Number","2016–2020",68,
"NT","15–24","Number","2017–2021",76,
"NT","15–24","Number","2018–2022",74,
"NT","15–24","Number","2019–2023",71,
"NT","15–24","Number","2020–2024",68,
"NT","25–34","Number","2001–2005",70,
"NT","25–34","Number","2002–2006",62,
"NT","25–34","Number","2003–2007",54,
"NT","25–34","Number","2004–2008",51,
"NT","25–34","Number","2005–2009",46,
"NT","25–34","Number","2006–2010",47,
"NT","25–34","Number","2007–2011",50,
"NT","25–34","Number","2008–2012",54,
"NT","25–34","Number","2009–2013",52,
"NT","25–34","Number","2010–2014",61,
"NT","25–34","Number","2011–2015",58,
"NT","25–34","Number","2012–2016",57,
"NT","25–34","Number","2013–2017",58,
"NT","25–34","Number","2014–2018",60,
"NT","25–34","Number","2015–2019",53,
"NT","25–34","Number","2016–2020",56,
"NT","25–34","Number","2017–2021",57,
"NT","25–34","Number","2018–2022",50,
"NT","25–34","Number","2019–2023",57,
"NT","25–34","Number","2020–2024",66,
"NT","35–44","Number","2001–2005",47,
"NT","35–44","Number","2002–2006",46,
"NT","35–44","Number","2003–2007",46,
"NT","35–44","Number","2004–2008",47,
"NT","35–44","Number","2005–2009",41,
"NT","35–44","Number","2006–2010",47,
"NT","35–44","Number","2007–2011",47,
"NT","35–44","Number","2008–2012",41,
"NT","35–44","Number","2009–2013",35,
"NT","35–44","Number","2010–2014",36,
"NT","35–44","Number","2011–2015",32,
"NT","35–44","Number","2012–2016",37,
"NT","35–44","Number","2013–2017",36,
"NT","35–44","Number","2014–2018",38,
"NT","35–44","Number","2015–2019",38,
"NT","35–44","Number","2016–2020",39,
"NT","35–44","Number","2017–2021",34,
"NT","35–44","Number","2018–2022",38,
"NT","35–44","Number","2019–2023",42,
"NT","35–44","Number","2020–2024",38,
"NT","45–54","Number","2001–2005",26,
"NT","45–54","Number","2002–2006",29,
"NT","45–54","Number","2003–2007",26,
"NT","45–54","Number","2004–2008",28,
"NT","45–54","Number","2005–2009",27,
"NT","45–54","Number","2006–2010",22,
"NT","45–54","Number","2007–2011",22,
"NT","45–54","Number","2008–2012",26,
"NT","45–54","Number","2009–2013",27,
"NT","45–54","Number","2010–2014",32,
"NT","45–54","Number","2011–2015",39,
"NT","45–54","Number","2012–2016",43,
"NT","45–54","Number","2013–2017",40,
"NT","45–54","Number","2014–2018",44,
"NT","45–54","Number","2015–2019",44,
"NT","45–54","Number","2016–2020",43,
"NT","45–54","Number","2017–2021",39,
"NT","45–54","Number","2018–2022",40,
"NT","45–54","Number","2019–2023",35,
"NT","45–54","Number","2020–2024",34,
"NT","55–64","Number","2001–2005",15,
"NT","55–64","Number","2002–2006",14,
"NT","55–64","Number","2003–2007",13,
"NT","55–64","Number","2004–2008",11,
"NT","55–64","Number","2005–2009",8,
"NT","55–64","Number","2006–2010",10,
"NT","55–64","Number","2007–2011",10,
"NT","55–64","Number","2008–2012",9,
"NT","55–64","Number","2009–2013",8,
"NT","55–64","Number","2010–2014",9,
"NT","55–64","Number","2011–2015",10,
"NT","55–64","Number","2012–2016",11,
"NT","55–64","Number","2013–2017",13,
"NT","55–64","Number","2014–2018",18,
"NT","55–64","Number","2015–2019",18,
"NT","55–64","Number","2016–2020",17,
"NT","55–64","Number","2017–2021",19,
"NT","55–64","Number","2018–2022",21,
"NT","55–64","Number","2019–2023",18,
"NT","55–64","Number","2020–2024",21,
"NT","45–64","Number","2001–2005",41,
"NT","45–64","Number","2002–2006",43,
"NT","45–64","Number","2003–2007",39,
"NT","45–64","Number","2004–2008",39,
"NT","45–64","Number","2005–2009",35,
"NT","45–64","Number","2006–2010",32,
"NT","45–64","Number","2007–2011",32,
"NT","45–64","Number","2008–2012",35,
"NT","45–64","Number","2009–2013",35,
"NT","45–64","Number","2010–2014",41,
"NT","45–64","Number","2011–2015",49,
"NT","45–64","Number","2012–2016",54,
"NT","45–64","Number","2013–2017",53,
"NT","45–64","Number","2014–2018",62,
"NT","45–64","Number","2015–2019",62,
"NT","45–64","Number","2016–2020",60,
"NT","45–64","Number","2017–2021",58,
"NT","45–64","Number","2018–2022",61,
"NT","45–64","Number","2019–2023",53,
"NT","45–64","Number","2020–2024",55,
"NT","65+","Number","2001–2005",13,
"NT","65+","Number","2002–2006",12,
"NT","65+","Number","2003–2007",14,
"NT","65+","Number","2004–2008",14,
"NT","65+","Number","2005–2009",18,
"NT","65+","Number","2006–2010",17,
"NT","65+","Number","2007–2011",17,
"NT","65+","Number","2008–2012",13,
"NT","65+","Number","2009–2013",12,
"NT","65+","Number","2010–2014",8,
"NT","65+","Number","2011–2015",9,
"NT","65+","Number","2012–2016",10,
"NT","65+","Number","2013–2017",13,
"NT","65+","Number","2014–2018",15,
"NT","65+","Number","2015–2019",16,
"NT","65+","Number","2016–2020",16,
"NT","65+","Number","2017–2021",17,
"NT","65+","Number","2018–2022",17,
"NT","65+","Number","2019–2023",16,
"NT","65+","Number","2020–2024",14,
"NT","65–74","Number","2001–2005",11,
"NT","65–74","Number","2002–2006",10,
"NT","65–74","Number","2003–2007",8,
"NT","65–74","Number","2004–2008",9,
"NT","65–74","Number","2005–2009",13,
"NT","65–74","Number","2006–2010",11,
"NT","65–74","Number","2007–2011",10,
"NT","65–74","Number","2008–2012",10,
"NT","65–74","Number","2009–2013",8,
"NT","65–74","Number","2010–2014",5,
"NT","65–74","Number","2011–2015",5,
"NT","65–74","Number","2012–2016",6,
"NT","65–74","Number","2013–2017",9,
"NT","65–74","Number","2014–2018",11,
"NT","65–74","Number","2015–2019",10,
"NT","65–74","Number","2016–2020",11,
"NT","65–74","Number","2017–2021",12,
"NT","65–74","Number","2018–2022",10,
"NT","65–74","Number","2019–2023",8,
"NT","65–74","Number","2020–2024",8,
"NT","75–84","Number","2001–2005",2,
"NT","75–84","Number","2002–2006",2,
"NT","75–84","Number","2003–2007",6,
"NT","75–84","Number","2004–2008",5,
"NT","75–84","Number","2005–2009",5,
"NT","75–84","Number","2006–2010",6,
"NT","75–84","Number","2007–2011",7,
"NT","75–84","Number","2008–2012",3,
"NT","75–84","Number","2009–2013",4,
"NT","75–84","Number","2010–2014",3,
"NT","75–84","Number","2011–2015",4,
"NT","75–84","Number","2012–2016",4,
"NT","75–84","Number","2013–2017",4,
"NT","75–84","Number","2014–2018",4,
"NT","75–84","Number","2015–2019",5,
"NT","75–84","Number","2016–2020",4,
"NT","75–84","Number","2017–2021",4,
"NT","75–84","Number","2018–2022",5,
"NT","75–84","Number","2019–2023",6,
"NT","75–84","Number","2020–2024",5,
"NT","85+","Number","2001–2005",0,
"NT","85+","Number","2002–2006",0,
"NT","85+","Number","2003–2007",0,
"NT","85+","Number","2004–2008",0,
"NT","85+","Number","2005–2009",0,
"NT","85+","Number","2006–2010",0,
"NT","85+","Number","2007–2011",0,
"NT","85+","Number","2008–2012",0,
"NT","85+","Number","2009–2013",0,
"NT","85+","Number","2010–2014",0,
"NT","85+","Number","2011–2015",0,
"NT","85+","Number","2012–2016",0,
"NT","85+","Number","2013–2017",0,
"NT","85+","Number","2014–2018",0,
"NT","85+","Number","2015–2019",1,
"NT","85+","Number","2016–2020",1,
"NT","85+","Number","2017–2021",1,
"NT","85+","Number","2018–2022",2,
"NT","85+","Number","2019–2023",2,
"NT","85+","Number","2020–2024",1,
"NT","Total","Number","2001–2005",238,
"NT","Total","Number","2002–2006",228,
"NT","Total","Number","2003–2007",228,
"NT","Total","Number","2004–2008",222,
"NT","Total","Number","2005–2009",208,
"NT","Total","Number","2006–2010",208,
"NT","Total","Number","2007–2011",219,
"NT","Total","Number","2008–2012",212,
"NT","Total","Number","2009–2013",207,
"NT","Total","Number","2010–2014",226,
"NT","Total","Number","2011–2015",229,
"NT","Total","Number","2012–2016",231,
"NT","Total","Number","2013–2017",234,
"NT","Total","Number","2014–2018",248,
"NT","Total","Number","2015–2019",242,
"NT","Total","Number","2016–2020",245,
"NT","Total","Number","2017–2021",246,
"NT","Total","Number","2018–2022",244,
"NT","Total","Number","2019–2023",242,
"NT","Total","Number","2020–2024",244,
"Australia","0–14","Number","2001–2005",49,
"Australia","0–14","Number","2002–2006",47,
"Australia","0–14","Number","2003–2007",51,
"Australia","0–14","Number","2004–2008",49,
"Australia","0–14","Number","2005–2009",44,
"Australia","0–14","Number","2006–2010",47,
"Australia","0–14","Number","2007–2011",55,
"Australia","0–14","Number","2008–2012",59,
"Australia","0–14","Number","2009–2013",70,
"Australia","0–14","Number","2010–2014",89,
"Australia","0–14","Number","2011–2015",89,
"Australia","0–14","Number","2012–2016",91,
"Australia","0–14","Number","2013–2017",99,
"Australia","0–14","Number","2014–2018",100,
"Australia","0–14","Number","2015–2019",98,
"Australia","0–14","Number","2016–2020",111,
"Australia","0–14","Number","2017–2021",125,
"Australia","0–14","Number","2018–2022",114,
"Australia","0–14","Number","2019–2023",119,
"Australia","0–14","Number","2020–2024",116,
"Australia","5–14","Number","2001–2005",49,
"Australia","5–14","Number","2002–2006",47,
"Australia","5–14","Number","2003–2007",51,
"Australia","5–14","Number","2004–2008",49,
"Australia","5–14","Number","2005–2009",44,
"Australia","5–14","Number","2006–2010",47,
"Australia","5–14","Number","2007–2011",55,
"Australia","5–14","Number","2008–2012",59,
"Australia","5–14","Number","2009–2013",70,
"Australia","5–14","Number","2010–2014",89,
"Australia","5–14","Number","2011–2015",89,
"Australia","5–14","Number","2012–2016",91,
"Australia","5–14","Number","2013–2017",99,
"Australia","5–14","Number","2014–2018",100,
"Australia","5–14","Number","2015–2019",98,
"Australia","5–14","Number","2016–2020",111,
"Australia","5–14","Number","2017–2021",125,
"Australia","5–14","Number","2018–2022",114,
"Australia","5–14","Number","2019–2023",119,
"Australia","5–14","Number","2020–2024",116,
"Australia","0–24","Number","2001–2005",1560,
"Australia","0–24","Number","2002–2006",1517,
"Australia","0–24","Number","2003–2007",1504,
"Australia","0–24","Number","2004–2008",1490,
"Australia","0–24","Number","2005–2009",1496,
"Australia","0–24","Number","2006–2010",1516,
"Australia","0–24","Number","2007–2011",1561,
"Australia","0–24","Number","2008–2012",1591,
"Australia","0–24","Number","2009–2013",1678,
"Australia","0–24","Number","2010–2014",1795,
"Australia","0–24","Number","2011–2015",1886,
"Australia","0–24","Number","2012–2016",1963,
"Australia","0–24","Number","2013–2017",2063,
"Australia","0–24","Number","2014–2018",2150,
"Australia","0–24","Number","2015–2019",2240,
"Australia","0–24","Number","2016–2020",2313,
"Australia","0–24","Number","2017–2021",2331,
"Australia","0–24","Number","2018–2022",2276,
"Australia","0–24","Number","2019–2023",2206,
"Australia","0–24","Number","2020–2024",2054,
"Australia","5–24","Number","2001–2005",1560,
"Australia","5–24","Number","2002–2006",1517,
"Australia","5–24","Number","2003–2007",1504,
"Australia","5–24","Number","2004–2008",1490,
"Australia","5–24","Number","2005–2009",1496,
"Australia","5–24","Number","2006–2010",1516,
"Australia","5–24","Number","2007–2011",1561,
"Australia","5–24","Number","2008–2012",1591,
"Australia","5–24","Number","2009–2013",1678,
"Australia","5–24","Number","2010–2014",1795,
"Australia","5–24","Number","2011–2015",1886,
"Australia","5–24","Number","2012–2016",1963,
"Australia","5–24","Number","2013–2017",2063,
"Australia","5–24","Number","2014–2018",2150,
"Australia","5–24","Number","2015–2019",2240,
"Australia","5–24","Number","2016–2020",2313,
"Australia","5–24","Number","2017–2021",2331,
"Australia","5–24","Number","2018–2022",2276,
"Australia","5–24","Number","2019–2023",2206,
"Australia","5–24","Number","2020–2024",2054,
"Australia","15–24","Number","2001–2005",1512,
"Australia","15–24","Number","2002–2006",1471,
"Australia","15–24","Number","2003–2007",1452,
"Australia","15–24","Number","2004–2008",1440,
"Australia","15–24","Number","2005–2009",1451,
"Australia","15–24","Number","2006–2010",1468,
"Australia","15–24","Number","2007–2011",1505,
"Australia","15–24","Number","2008–2012",1532,
"Australia","15–24","Number","2009–2013",1608,
"Australia","15–24","Number","2010–2014",1706,
"Australia","15–24","Number","2011–2015",1797,
"Australia","15–24","Number","2012–2016",1872,
"Australia","15–24","Number","2013–2017",1964,
"Australia","15–24","Number","2014–2018",2050,
"Australia","15–24","Number","2015–2019",2142,
"Australia","15–24","Number","2016–2020",2202,
"Australia","15–24","Number","2017–2021",2206,
"Australia","15–24","Number","2018–2022",2162,
"Australia","15–24","Number","2019–2023",2087,
"Australia","15–24","Number","2020–2024",1938,
"Australia","25–34","Number","2001–2005",2571,
"Australia","25–34","Number","2002–2006",2328,
"Australia","25–34","Number","2003–2007",2213,
"Australia","25–34","Number","2004–2008",2139,
"Australia","25–34","Number","2005–2009",2107,
"Australia","25–34","Number","2006–2010",2080,
"Australia","25–34","Number","2007–2011",2161,
"Australia","25–34","Number","2008–2012",2179,
"Australia","25–34","Number","2009–2013",2158,
"Australia","25–34","Number","2010–2014",2248,
"Australia","25–34","Number","2011–2015",2379,
"Australia","25–34","Number","2012–2016",2533,
"Australia","25–34","Number","2013–2017",2704,
"Australia","25–34","Number","2014–2018",2844,
"Australia","25–34","Number","2015–2019",2935,
"Australia","25–34","Number","2016–2020",2987,
"Australia","25–34","Number","2017–2021",2990,
"Australia","25–34","Number","2018–2022",2989,
"Australia","25–34","Number","2019–2023",3031,
"Australia","25–34","Number","2020–2024",3013,
"Australia","35–44","Number","2001–2005",2542,
"Australia","35–44","Number","2002–2006",2439,
"Australia","35–44","Number","2003–2007",2373,
"Australia","35–44","Number","2004–2008",2423,
"Australia","35–44","Number","2005–2009",2452,
"Australia","35–44","Number","2006–2010",2550,
"Australia","35–44","Number","2007–2011",2567,
"Australia","35–44","Number","2008–2012",2627,
"Australia","35–44","Number","2009–2013",2622,
"Australia","35–44","Number","2010–2014",2716,
"Australia","35–44","Number","2011–2015",2765,
"Australia","35–44","Number","2012–2016",2836,
"Australia","35–44","Number","2013–2017",2918,
"Australia","35–44","Number","2014–2018",2975,
"Australia","35–44","Number","2015–2019",3027,
"Australia","35–44","Number","2016–2020",2993,
"Australia","35–44","Number","2017–2021",3017,
"Australia","35–44","Number","2018–2022",3000,
"Australia","35–44","Number","2019–2023",3015,
"Australia","35–44","Number","2020–2024",3009,
"Australia","45–54","Number","2001–2005",1952,
"Australia","45–54","Number","2002–2006",1951,
"Australia","45–54","Number","2003–2007",1974,
"Australia","45–54","Number","2004–2008",2046,
"Australia","45–54","Number","2005–2009",2172,
"Australia","45–54","Number","2006–2010",2279,
"Australia","45–54","Number","2007–2011",2315,
"Australia","45–54","Number","2008–2012",2409,
"Australia","45–54","Number","2009–2013",2452,
"Australia","45–54","Number","2010–2014",2540,
"Australia","45–54","Number","2011–2015",2699,
"Australia","45–54","Number","2012–2016",2770,
"Australia","45–54","Number","2013–2017",2881,
"Australia","45–54","Number","2014–2018",2973,
"Australia","45–54","Number","2015–2019",3021,
"Australia","45–54","Number","2016–2020",2906,
"Australia","45–54","Number","2017–2021",2943,
"Australia","45–54","Number","2018–2022",2973,
"Australia","45–54","Number","2019–2023",2979,
"Australia","45–54","Number","2020–2024",2993,
"Australia","55–64","Number","2001–2005",1070,
"Australia","55–64","Number","2002–2006",1115,
"Australia","55–64","Number","2003–2007",1185,
"Australia","55–64","Number","2004–2008",1252,
"Australia","55–64","Number","2005–2009",1359,
"Australia","55–64","Number","2006–2010",1473,
"Australia","55–64","Number","2007–2011",1515,
"Australia","55–64","Number","2008–2012",1563,
"Australia","55–64","Number","2009–2013",1642,
"Australia","55–64","Number","2010–2014",1745,
"Australia","55–64","Number","2011–2015",1803,
"Australia","55–64","Number","2012–2016",1885,
"Australia","55–64","Number","2013–2017",2020,
"Australia","55–64","Number","2014–2018",2158,
"Australia","55–64","Number","2015–2019",2236,
"Australia","55–64","Number","2016–2020",2295,
"Australia","55–64","Number","2017–2021",2365,
"Australia","55–64","Number","2018–2022",2360,
"Australia","55–64","Number","2019–2023",2366,
"Australia","55–64","Number","2020–2024",2399,
"Australia","45–64","Number","2001–2005",3021,
"Australia","45–64","Number","2002–2006",3066,
"Australia","45–64","Number","2003–2007",3159,
"Australia","45–64","Number","2004–2008",3294,
"Australia","45–64","Number","2005–2009",3530,
"Australia","45–64","Number","2006–2010",3752,
"Australia","45–64","Number","2007–2011",3830,
"Australia","45–64","Number","2008–2012",3972,
"Australia","45–64","Number","2009–2013",4094,
"Australia","45–64","Number","2010–2014",4285,
"Australia","45–64","Number","2011–2015",4502,
"Australia","45–64","Number","2012–2016",4655,
"Australia","45–64","Number","2013–2017",4901,
"Australia","45–64","Number","2014–2018",5131,
"Australia","45–64","Number","2015–2019",5257,
"Australia","45–64","Number","2016–2020",5201,
"Australia","45–64","Number","2017–2021",5308,
"Australia","45–64","Number","2018–2022",5333,
"Australia","45–64","Number","2019–2023",5345,
"Australia","45–64","Number","2020–2024",5392,
"Australia","65+","Number","2001–2005",1493,
"Australia","65+","Number","2002–2006",1498,
"Australia","65+","Number","2003–2007",1508,
"Australia","65+","Number","2004–2008",1539,
"Australia","65+","Number","2005–2009",1540,
"Australia","65+","Number","2006–2010",1606,
"Australia","65+","Number","2007–2011",1660,
"Australia","65+","Number","2008–2012",1761,
"Australia","65+","Number","2009–2013",1856,
"Australia","65+","Number","2010–2014",1964,
"Australia","65+","Number","2011–2015",2100,
"Australia","65+","Number","2012–2016",2195,
"Australia","65+","Number","2013–2017",2309,
"Australia","65+","Number","2014–2018",2373,
"Australia","65+","Number","2015–2019",2454,
"Australia","65+","Number","2016–2020",2503,
"Australia","65+","Number","2017–2021",2631,
"Australia","65+","Number","2018–2022",2727,
"Australia","65+","Number","2019–2023",2823,
"Australia","65+","Number","2020–2024",2882,
"Australia","65–74","Number","2001–2005",764,
"Australia","65–74","Number","2002–2006",759,
"Australia","65–74","Number","2003–2007",753,
"Australia","65–74","Number","2004–2008",768,
"Australia","65–74","Number","2005–2009",753,
"Australia","65–74","Number","2006–2010",770,
"Australia","65–74","Number","2007–2011",788,
"Australia","65–74","Number","2008–2012",836,
"Australia","65–74","Number","2009–2013",868,
"Australia","65–74","Number","2010–2014",941,
"Australia","65–74","Number","2011–2015",1035,
"Australia","65–74","Number","2012–2016",1076,
"Australia","65–74","Number","2013–2017",1177,
"Australia","65–74","Number","2014–2018",1215,
"Australia","65–74","Number","2015–2019",1251,
"Australia","65–74","Number","2016–2020",1274,
"Australia","65–74","Number","2017–2021",1349,
"Australia","65–74","Number","2018–2022",1374,
"Australia","65–74","Number","2019–2023",1425,
"Australia","65–74","Number","2020–2024",1475,
"Australia","75–84","Number","2001–2005",539,
"Australia","75–84","Number","2002–2006",536,
"Australia","75–84","Number","2003–2007",552,
"Australia","75–84","Number","2004–2008",559,
"Australia","75–84","Number","2005–2009",557,
"Australia","75–84","Number","2006–2010",600,
"Australia","75–84","Number","2007–2011",617,
"Australia","75–84","Number","2008–2012",647,
"Australia","75–84","Number","2009–2013",673,
"Australia","75–84","Number","2010–2014",678,
"Australia","75–84","Number","2011–2015",677,
"Australia","75–84","Number","2012–2016",711,
"Australia","75–84","Number","2013–2017",711,
"Australia","75–84","Number","2014–2018",736,
"Australia","75–84","Number","2015–2019",773,
"Australia","75–84","Number","2016–2020",788,
"Australia","75–84","Number","2017–2021",821,
"Australia","75–84","Number","2018–2022",865,
"Australia","75–84","Number","2019–2023",900,
"Australia","75–84","Number","2020–2024",900,
"Australia","85+","Number","2001–2005",190,
"Australia","85+","Number","2002–2006",203,
"Australia","85+","Number","2003–2007",203,
"Australia","85+","Number","2004–2008",212,
"Australia","85+","Number","2005–2009",230,
"Australia","85+","Number","2006–2010",236,
"Australia","85+","Number","2007–2011",255,
"Australia","85+","Number","2008–2012",278,
"Australia","85+","Number","2009–2013",315,
"Australia","85+","Number","2010–2014",345,
"Australia","85+","Number","2011–2015",388,
"Australia","85+","Number","2012–2016",408,
"Australia","85+","Number","2013–2017",421,
"Australia","85+","Number","2014–2018",422,
"Australia","85+","Number","2015–2019",430,
"Australia","85+","Number","2016–2020",441,
"Australia","85+","Number","2017–2021",461,
"Australia","85+","Number","2018–2022",488,
"Australia","85+","Number","2019–2023",498,
"Australia","85+","Number","2020–2024",507,
"Australia","Total","Number","2001–2005",11191,
"Australia","Total","Number","2002–2006",10852,
"Australia","Total","Number","2003–2007",10761,
"Australia","Total","Number","2004–2008",10888,
"Australia","Total","Number","2005–2009",11127,
"Australia","Total","Number","2006–2010",11505,
"Australia","Total","Number","2007–2011",11780,
"Australia","Total","Number","2008–2012",12131,
"Australia","Total","Number","2009–2013",12411,
"Australia","Total","Number","2010–2014",13011,
"Australia","Total","Number","2011–2015",13635,
"Australia","Total","Number","2012–2016",14184,
"Australia","Total","Number","2013–2017",14897,
"Australia","Total","Number","2014–2018",15473,
"Australia","Total","Number","2015–2019",15913,
"Australia","Total","Number","2016–2020",15997,
"Australia","Total","Number","2017–2021",16278,
"Australia","Total","Number","2018–2022",16326,
"Australia","Total","Number","2019–2023",16421,
"Australia","Total","Number","2020–2024",16351,
