state,age_group,measure,period,value,suppressed,Predicted_Rate,Absolute_Error
NSW,0–14,"Age-specific rate (per 100,000)",2001–2005,0.2,,0.30413765,0.10413764715194701
NSW,0–14,"Age-specific rate (per 100,000)",2002–2006,0.2,,0.1623631,0.03763690292835237
NSW,0–14,"Age-specific rate (per 100,000)",2003–2007,0.2,,0.16619149,0.03380851149559022
NSW,0–14,"Age-specific rate (per 100,000)",2004–2008,0.2,,0.29985493,0.09985493421554564
NSW,0–14,"Age-specific rate (per 100,000)",2005–2009,0.2,,0.27296114,0.07296113967895507
NSW,0–14,"Age-specific rate (per 100,000)",2006–2010,0.1,,0.46023825,0.3602382481098175
NSW,0–14,"Age-specific rate (per 100,000)",2007–2011,0.2,,0.40195236,0.2019523561000824
NSW,0–14,"Age-specific rate (per 100,000)",2008–2012,0.2,,0.095369965,0.10463003516197206
NSW,0–14,"Age-specific rate (per 100,000)",2009–2013,0.2,,0.15626739,0.04373261034488679
NSW,0–14,"Age-specific rate (per 100,000)",2010–2014,0.3,,0.18650502,0.11349498033523558
NSW,0–14,"Age-specific rate (per 100,000)",2011–2015,0.3,,0.25722432,0.042775678634643544
NSW,0–14,"Age-specific rate (per 100,000)",2012–2016,0.3,,0.170178,0.12982200384140014
NSW,0–14,"Age-specific rate (per 100,000)",2013–2017,0.3,,0.18622933,0.11377066671848296
NSW,0–14,"Age-specific rate (per 100,000)",2014–2018,0.4,,0.2541816,0.1458184063434601
NSW,0–14,"Age-specific rate (per 100,000)",2015–2019,0.4,,0.19817123,0.20182877182960512
NSW,0–14,"Age-specific rate (per 100,000)",2016–2020,0.4,,0.21740183,0.1825981676578522
NSW,0–14,"Age-specific rate (per 100,000)",2017–2021,0.5,,0.2635524,0.23644760251045227
NSW,0–14,"Age-specific rate (per 100,000)",2018–2022,0.4,,0.3163314,0.08366861343383791
NSW,0–14,"Age-specific rate (per 100,000)",2019–2023,0.4,,0.40411937,0.0041193723678588645
NSW,0–14,"Age-specific rate (per 100,000)",2020–2024,0.4,,0.7074724,0.30747238397598264
NSW,5–14,"Age-specific rate (per 100,000)",2001–2005,0.3,,0.48388886,0.18388886451721193
NSW,5–14,"Age-specific rate (per 100,000)",2002–2006,0.3,,0.5140028,0.21400279998779298
NSW,5–14,"Age-specific rate (per 100,000)",2003–2007,0.3,,0.54626584,0.24626584053039552
NSW,5–14,"Age-specific rate (per 100,000)",2004–2008,0.3,,0.55341375,0.2534137487411499
NSW,5–14,"Age-specific rate (per 100,000)",2005–2009,0.2,,0.52834034,0.3283403396606445
NSW,5–14,"Age-specific rate (per 100,000)",2006–2010,0.2,,0.58596736,0.38596736192703246
NSW,5–14,"Age-specific rate (per 100,000)",2007–2011,0.3,,0.56917495,0.2691749453544617
NSW,5–14,"Age-specific rate (per 100,000)",2008–2012,0.3,,0.56793684,0.26793683767318727
NSW,5–14,"Age-specific rate (per 100,000)",2009–2013,0.3,,0.50963604,0.2096360445022583
NSW,5–14,"Age-specific rate (per 100,000)",2010–2014,0.4,,0.56183726,0.1618372559547424
NSW,5–14,"Age-specific rate (per 100,000)",2011–2015,0.5,,0.57423407,0.07423406839370728
NSW,5–14,"Age-specific rate (per 100,000)",2012–2016,0.4,,0.5572117,0.157211697101593
NSW,5–14,"Age-specific rate (per 100,000)",2013–2017,0.5,,0.54167366,0.04167366027832031
NSW,5–14,"Age-specific rate (per 100,000)",2014–2018,0.6,,0.61601025,0.016010248661041282
NSW,5–14,"Age-specific rate (per 100,000)",2015–2019,0.6,,0.5622032,0.03779677152633665
NSW,5–14,"Age-specific rate (per 100,000)",2016–2020,0.6,,0.58733684,0.012663161754608132
NSW,5–14,"Age-specific rate (per 100,000)",2017–2021,0.7,,0.5514701,0.14852989912033077
NSW,5–14,"Age-specific rate (per 100,000)",2018–2022,0.6,,0.5264493,0.07355067729949949
NSW,5–14,"Age-specific rate (per 100,000)",2019–2023,0.6,,0.57884747,0.021152532100677468
NSW,5–14,"Age-specific rate (per 100,000)",2020–2024,0.6,,0.53501934,0.06498066186904905
NSW,0–24,"Age-specific rate (per 100,000)",2001–2005,3.7,,3.9065032,0.20650320053100568
NSW,0–24,"Age-specific rate (per 100,000)",2002–2006,3.5,,4.1502833,0.6502833366394043
NSW,0–24,"Age-specific rate (per 100,000)",2003–2007,3.2,,3.6004357,0.40043573379516584
NSW,0–24,"Age-specific rate (per 100,000)",2004–2008,3.1,,3.4539545,0.35395445823669425
NSW,0–24,"Age-specific rate (per 100,000)",2005–2009,2.9,,3.6116893,0.711689329147339
NSW,0–24,"Age-specific rate (per 100,000)",2006–2010,2.9,,2.893113,0.0068871021270751065
NSW,0–24,"Age-specific rate (per 100,000)",2007–2011,2.8,,3.1977067,0.39770669937133807
NSW,0–24,"Age-specific rate (per 100,000)",2008–2012,2.9,,3.7333126,0.8333126068115235
NSW,0–24,"Age-specific rate (per 100,000)",2009–2013,3.1,,4.989452,1.8894518852233886
NSW,0–24,"Age-specific rate (per 100,000)",2010–2014,3.5,,2.8907633,0.6092367172241211
NSW,0–24,"Age-specific rate (per 100,000)",2011–2015,3.8,,4.410586,0.6105858802795412
NSW,0–24,"Age-specific rate (per 100,000)",2012–2016,4.2,,3.7867136,0.41328639984130877
NSW,0–24,"Age-specific rate (per 100,000)",2013–2017,4.5,,4.185907,0.31409311294555664
NSW,0–24,"Age-specific rate (per 100,000)",2014–2018,4.7,,5.2451468,0.5451467514038084
NSW,0–24,"Age-specific rate (per 100,000)",2015–2019,4.9,,5.2223053,0.32230529785156214
NSW,0–24,"Age-specific rate (per 100,000)",2016–2020,5.1,,4.915779,0.1842208862304684
NSW,0–24,"Age-specific rate (per 100,000)",2017–2021,5.0,,5.682834,0.6828341484069824
NSW,0–24,"Age-specific rate (per 100,000)",2018–2022,4.9,,4.8976955,0.0023044586181644178
NSW,0–24,"Age-specific rate (per 100,000)",2019–2023,4.8,,4.3419695,0.4580305099487303
NSW,0–24,"Age-specific rate (per 100,000)",2020–2024,4.2,,3.7721233,0.427876663208008
NSW,5–24,"Age-specific rate (per 100,000)",2001–2005,4.6,,4.5233574,0.07664260864257777
NSW,5–24,"Age-specific rate (per 100,000)",2002–2006,4.3,,4.059857,0.24014310836791974
NSW,5–24,"Age-specific rate (per 100,000)",2003–2007,4.0,,3.4036949,0.5963051319122314
NSW,5–24,"Age-specific rate (per 100,000)",2004–2008,3.8,,3.154948,0.6450520038604735
NSW,5–24,"Age-specific rate (per 100,000)",2005–2009,3.6,,3.5883121,0.011687850952148526
NSW,5–24,"Age-specific rate (per 100,000)",2006–2010,3.6,,2.6962256,0.9037743568420411
NSW,5–24,"Age-specific rate (per 100,000)",2007–2011,3.5,,4.235471,0.7354707717895508
NSW,5–24,"Age-specific rate (per 100,000)",2008–2012,3.6,,4.144268,0.5442680358886718
NSW,5–24,"Age-specific rate (per 100,000)",2009–2013,3.9,,4.541832,0.6418319702148438
NSW,5–24,"Age-specific rate (per 100,000)",2010–2014,4.4,,3.9023638,0.4976362228393558
NSW,5–24,"Age-specific rate (per 100,000)",2011–2015,4.8,,6.2914176,1.4914175987243654
NSW,5–24,"Age-specific rate (per 100,000)",2012–2016,5.2,,5.6351976,0.43519763946533185
NSW,5–24,"Age-specific rate (per 100,000)",2013–2017,5.6,,5.843149,0.24314918518066442
NSW,5–24,"Age-specific rate (per 100,000)",2014–2018,5.9,,5.73426,0.1657399177551273
NSW,5–24,"Age-specific rate (per 100,000)",2015–2019,6.1,,6.1237316,0.023731613159180043
NSW,5–24,"Age-specific rate (per 100,000)",2016–2020,6.3,,6.214029,0.08597116470336896
NSW,5–24,"Age-specific rate (per 100,000)",2017–2021,6.2,,6.10531,0.09469003677368182
NSW,5–24,"Age-specific rate (per 100,000)",2018–2022,6.0,,6.3060217,0.30602169036865234
NSW,5–24,"Age-specific rate (per 100,000)",2019–2023,5.9,,5.243802,0.6561979293823246
NSW,5–24,"Age-specific rate (per 100,000)",2020–2024,5.2,,4.9284167,0.2715832710266115
NSW,15–24,"Age-specific rate (per 100,000)",2001–2005,8.9,,8.692849,0.2071508407592777
NSW,15–24,"Age-specific rate (per 100,000)",2002–2006,8.4,,8.658494,0.25849399566650355
NSW,15–24,"Age-specific rate (per 100,000)",2003–2007,7.7,,8.386188,0.6861875534057615
NSW,15–24,"Age-specific rate (per 100,000)",2004–2008,7.2,,7.4986973,0.2986972808837889
NSW,15–24,"Age-specific rate (per 100,000)",2005–2009,6.9,,7.927446,1.0274458885192868
NSW,15–24,"Age-specific rate (per 100,000)",2006–2010,6.7,,6.57867,0.121329975128174
NSW,15–24,"Age-specific rate (per 100,000)",2007–2011,6.3,,7.524709,1.224709224700928
NSW,15–24,"Age-specific rate (per 100,000)",2008–2012,6.7,,6.319028,0.3809720993041994
NSW,15–24,"Age-specific rate (per 100,000)",2009–2013,7.4,,8.231924,0.8319240570068356
NSW,15–24,"Age-specific rate (per 100,000)",2010–2014,8.1,,8.446022,0.3460220336914066
NSW,15–24,"Age-specific rate (per 100,000)",2011–2015,8.8,,9.700079,0.9000789642333977
NSW,15–24,"Age-specific rate (per 100,000)",2012–2016,9.8,,10.271825,0.4718248367309563
NSW,15–24,"Age-specific rate (per 100,000)",2013–2017,10.5,,10.730838,0.23083782196044922
NSW,15–24,"Age-specific rate (per 100,000)",2014–2018,11.0,,10.7870245,0.21297550201416016
NSW,15–24,"Age-specific rate (per 100,000)",2015–2019,11.5,,11.227518,0.27248191833496094
NSW,15–24,"Age-specific rate (per 100,000)",2016–2020,11.9,,10.561144,1.33885612487793
NSW,15–24,"Age-specific rate (per 100,000)",2017–2021,11.7,,10.514758,1.1852418899536126
NSW,15–24,"Age-specific rate (per 100,000)",2018–2022,11.6,,11.046816,0.5531841278076168
NSW,15–24,"Age-specific rate (per 100,000)",2019–2023,11.5,,9.855752,1.6442480087280273
NSW,15–24,"Age-specific rate (per 100,000)",2020–2024,10.0,,9.537517,0.46248340606689453
NSW,25–34,"Age-specific rate (per 100,000)",2001–2005,14.9,,12.551535,2.3484653472900394
NSW,25–34,"Age-specific rate (per 100,000)",2002–2006,13.4,,15.368951,1.9689508438110348
NSW,25–34,"Age-specific rate (per 100,000)",2003–2007,12.5,,13.220477,0.7204771041870117
NSW,25–34,"Age-specific rate (per 100,000)",2004–2008,11.4,,12.96621,1.5662103652954098
NSW,25–34,"Age-specific rate (per 100,000)",2005–2009,11.4,,12.527661,1.127661323547363
NSW,25–34,"Age-specific rate (per 100,000)",2006–2010,11.2,,11.455956,0.25595645904541087
NSW,25–34,"Age-specific rate (per 100,000)",2007–2011,11.3,,11.423355,0.12335510253906179
NSW,25–34,"Age-specific rate (per 100,000)",2008–2012,11.0,,11.26823,0.2682304382324219
NSW,25–34,"Age-specific rate (per 100,000)",2009–2013,11.3,,10.965585,0.33441524505615305
NSW,25–34,"Age-specific rate (per 100,000)",2010–2014,11.2,,10.176015,1.0239850997924798
NSW,25–34,"Age-specific rate (per 100,000)",2011–2015,11.8,,10.97606,0.8239400863647468
NSW,25–34,"Age-specific rate (per 100,000)",2012–2016,12.2,,11.915988,0.28401203155517507
NSW,25–34,"Age-specific rate (per 100,000)",2013–2017,12.7,,12.809099,0.10909919738769602
NSW,25–34,"Age-specific rate (per 100,000)",2014–2018,12.9,,12.24623,0.6537698745727543
NSW,25–34,"Age-specific rate (per 100,000)",2015–2019,13.4,,13.0390005,0.36099948883056676
NSW,25–34,"Age-specific rate (per 100,000)",2016–2020,13.5,,13.605767,0.10576725006103516
NSW,25–34,"Age-specific rate (per 100,000)",2017–2021,13.7,,13.483043,0.21695728302001882
NSW,25–34,"Age-specific rate (per 100,000)",2018–2022,13.7,,13.019431,0.680568885803222
NSW,25–34,"Age-specific rate (per 100,000)",2019–2023,14.1,,13.917459,0.182541465759277
NSW,25–34,"Age-specific rate (per 100,000)",2020–2024,13.7,,13.2061,0.4938995361328118
NSW,35–44,"Age-specific rate (per 100,000)",2001–2005,14.6,,14.08409,0.5159097671508786
NSW,35–44,"Age-specific rate (per 100,000)",2002–2006,13.6,,13.965264,0.3652643203735355
NSW,35–44,"Age-specific rate (per 100,000)",2003–2007,13.0,,13.32344,0.3234395980834961
NSW,35–44,"Age-specific rate (per 100,000)",2004–2008,13.0,,13.174964,0.17496395111083984
NSW,35–44,"Age-specific rate (per 100,000)",2005–2009,12.8,,13.164206,0.3642055511474602
NSW,35–44,"Age-specific rate (per 100,000)",2006–2010,13.6,,15.213349,1.6133493423461918
NSW,35–44,"Age-specific rate (per 100,000)",2007–2011,13.6,,13.58266,0.017340278625487926
NSW,35–44,"Age-specific rate (per 100,000)",2008–2012,13.8,,13.940673,0.14067287445068288
NSW,35–44,"Age-specific rate (per 100,000)",2009–2013,13.7,,14.285543,0.5855434417724616
NSW,35–44,"Age-specific rate (per 100,000)",2010–2014,14.2,,14.246882,0.04688243865966868
NSW,35–44,"Age-specific rate (per 100,000)",2011–2015,14.2,,15.142827,0.9428270339965827
NSW,35–44,"Age-specific rate (per 100,000)",2012–2016,14.9,,14.381957,0.5180429458618168
NSW,35–44,"Age-specific rate (per 100,000)",2013–2017,15.1,,15.551672,0.4516719818115238
NSW,35–44,"Age-specific rate (per 100,000)",2014–2018,16.0,,16.701492,0.7014923095703125
NSW,35–44,"Age-specific rate (per 100,000)",2015–2019,16.0,,15.716912,0.28308773040771484
NSW,35–44,"Age-specific rate (per 100,000)",2016–2020,15.5,,16.003574,0.5035743713378906
NSW,35–44,"Age-specific rate (per 100,000)",2017–2021,15.3,,15.472983,0.17298336029052663
NSW,35–44,"Age-specific rate (per 100,000)",2018–2022,15.2,,16.00301,0.8030097961425788
NSW,35–44,"Age-specific rate (per 100,000)",2019–2023,14.5,,16.66782,2.1678199768066406
NSW,35–44,"Age-specific rate (per 100,000)",2020–2024,14.3,,14.845087,0.5450870513916009
NSW,45–54,"Age-specific rate (per 100,000)",2001–2005,13.2,,14.627257,1.4272573471069343
NSW,45–54,"Age-specific rate (per 100,000)",2002–2006,12.0,,13.211661,1.2116613388061523
NSW,45–54,"Age-specific rate (per 100,000)",2003–2007,11.9,,12.464794,0.5647941589355465
NSW,45–54,"Age-specific rate (per 100,000)",2004–2008,12.3,,13.45848,1.1584798812866204
NSW,45–54,"Age-specific rate (per 100,000)",2005–2009,12.7,,13.091754,0.39175395965576243
NSW,45–54,"Age-specific rate (per 100,000)",2006–2010,13.3,,13.130841,0.16915874481201243
NSW,45–54,"Age-specific rate (per 100,000)",2007–2011,13.2,,13.883395,0.6833951950073249
NSW,45–54,"Age-specific rate (per 100,000)",2008–2012,14.0,,13.724365,0.275634765625
NSW,45–54,"Age-specific rate (per 100,000)",2009–2013,13.9,,14.864181,0.9641805648803707
NSW,45–54,"Age-specific rate (per 100,000)",2010–2014,14.7,,14.457548,0.2424518585205071
NSW,45–54,"Age-specific rate (per 100,000)",2011–2015,15.6,,15.568401,0.03159866333007777
NSW,45–54,"Age-specific rate (per 100,000)",2012–2016,16.0,,15.581943,0.4180574417114258
NSW,45–54,"Age-specific rate (per 100,000)",2013–2017,16.0,,16.993908,0.9939079284667969
NSW,45–54,"Age-specific rate (per 100,000)",2014–2018,16.5,,16.765484,0.2654838562011719
NSW,45–54,"Age-specific rate (per 100,000)",2015–2019,16.8,,17.496952,0.6969520568847649
NSW,45–54,"Age-specific rate (per 100,000)",2016–2020,16.3,,16.57959,0.2795898437499993
NSW,45–54,"Age-specific rate (per 100,000)",2017–2021,16.7,,17.08968,0.38967971801757884
NSW,45–54,"Age-specific rate (per 100,000)",2018–2022,16.8,,16.950487,0.1504871368408196
NSW,45–54,"Age-specific rate (per 100,000)",2019–2023,16.8,,17.021648,0.22164840698242116
NSW,45–54,"Age-specific rate (per 100,000)",2020–2024,16.8,,15.523214,1.2767856597900398
NSW,55–64,"Age-specific rate (per 100,000)",2001–2005,9.7,,11.3928995,1.6928995132446296
NSW,55–64,"Age-specific rate (per 100,000)",2002–2006,9.3,,10.39921,1.0992099761962884
NSW,55–64,"Age-specific rate (per 100,000)",2003–2007,9.6,,10.183654,0.583653831481934
NSW,55–64,"Age-specific rate (per 100,000)",2004–2008,9.7,,9.989174,0.28917388916015696
NSW,55–64,"Age-specific rate (per 100,000)",2005–2009,10.0,,10.914577,0.914576530456543
NSW,55–64,"Age-specific rate (per 100,000)",2006–2010,10.4,,11.808599,1.408599472045898
NSW,55–64,"Age-specific rate (per 100,000)",2007–2011,10.4,,11.4064,1.0063997268676754
NSW,55–64,"Age-specific rate (per 100,000)",2008–2012,10.7,,11.2254,0.5253999710083015
NSW,55–64,"Age-specific rate (per 100,000)",2009–2013,10.9,,12.398731,1.4987312316894528
NSW,55–64,"Age-specific rate (per 100,000)",2010–2014,11.9,,11.994131,0.09413108825683558
NSW,55–64,"Age-specific rate (per 100,000)",2011–2015,12.1,,13.274362,1.174361610412598
NSW,55–64,"Age-specific rate (per 100,000)",2012–2016,12.7,,12.773215,0.07321529388427805
NSW,55–64,"Age-specific rate (per 100,000)",2013–2017,13.5,,14.58039,1.0803899765014648
NSW,55–64,"Age-specific rate (per 100,000)",2014–2018,14.5,,14.264351,0.23564910888671875
NSW,55–64,"Age-specific rate (per 100,000)",2015–2019,14.5,,14.700007,0.20000743865966797
NSW,55–64,"Age-specific rate (per 100,000)",2016–2020,15.0,,15.179061,0.1790609359741211
NSW,55–64,"Age-specific rate (per 100,000)",2017–2021,15.1,,14.332109,0.7678905487060543
NSW,55–64,"Age-specific rate (per 100,000)",2018–2022,15.0,,14.500943,0.4990568161010742
NSW,55–64,"Age-specific rate (per 100,000)",2019–2023,15.1,,13.833535,1.266464805603027
NSW,55–64,"Age-specific rate (per 100,000)",2020–2024,15.7,,13.374929,2.3250705718994134
NSW,45–64,"Age-specific rate (per 100,000)",2001–2005,11.7,,12.519977,0.8199766159057624
NSW,45–64,"Age-specific rate (per 100,000)",2002–2006,10.8,,11.749917,0.949917030334472
NSW,45–64,"Age-specific rate (per 100,000)",2003–2007,10.9,,11.214455,0.3144546508789059
NSW,45–64,"Age-specific rate (per 100,000)",2004–2008,11.2,,11.647735,0.4477346420288093
NSW,45–64,"Age-specific rate (per 100,000)",2005–2009,11.5,,12.086233,0.5862331390380859
NSW,45–64,"Age-specific rate (per 100,000)",2006–2010,12.0,,12.460601,0.4606008529663086
NSW,45–64,"Age-specific rate (per 100,000)",2007–2011,12.0,,11.826872,0.1731281280517578
NSW,45–64,"Age-specific rate (per 100,000)",2008–2012,12.5,,12.806029,0.3060293197631836
NSW,45–64,"Age-specific rate (per 100,000)",2009–2013,12.5,,13.099498,0.5994977951049805
NSW,45–64,"Age-specific rate (per 100,000)",2010–2014,13.4,,13.532664,0.1326642990112301
NSW,45–64,"Age-specific rate (per 100,000)",2011–2015,14.0,,14.164948,0.1649484634399414
NSW,45–64,"Age-specific rate (per 100,000)",2012–2016,14.5,,13.7318735,0.7681264877319336
NSW,45–64,"Age-specific rate (per 100,000)",2013–2017,14.9,,15.660115,0.7601152420043942
NSW,45–64,"Age-specific rate (per 100,000)",2014–2018,15.6,,15.099481,0.5005193710327145
NSW,45–64,"Age-specific rate (per 100,000)",2015–2019,15.7,,16.344007,0.6440074920654304
NSW,45–64,"Age-specific rate (per 100,000)",2016–2020,15.7,,16.223797,0.5237968444824226
NSW,45–64,"Age-specific rate (per 100,000)",2017–2021,15.9,,15.559612,0.3403877258300785
NSW,45–64,"Age-specific rate (per 100,000)",2018–2022,15.9,,14.749707,1.150292778015137
NSW,45–64,"Age-specific rate (per 100,000)",2019–2023,16.0,,15.084645,0.9153547286987305
NSW,45–64,"Age-specific rate (per 100,000)",2020–2024,16.3,,13.992514,2.3074863433837898
NSW,65+,"Age-specific rate (per 100,000)",2001–2005,11.0,,12.808543,1.8085432052612305
NSW,65+,"Age-specific rate (per 100,000)",2002–2006,10.7,,11.432659,0.7326591491699226
NSW,65+,"Age-specific rate (per 100,000)",2003–2007,10.7,,9.303348,1.39665241241455
NSW,65+,"Age-specific rate (per 100,000)",2004–2008,10.7,,10.909705,0.20970516204834055
NSW,65+,"Age-specific rate (per 100,000)",2005–2009,10.6,,11.037737,0.43773689270019567
NSW,65+,"Age-specific rate (per 100,000)",2006–2010,10.9,,11.882377,0.982376670837402
NSW,65+,"Age-specific rate (per 100,000)",2007–2011,10.8,,11.988642,1.1886417388916009
NSW,65+,"Age-specific rate (per 100,000)",2008–2012,11.0,,12.014462,1.0144624710083008
NSW,65+,"Age-specific rate (per 100,000)",2009–2013,11.2,,12.575608,1.3756082534790046
NSW,65+,"Age-specific rate (per 100,000)",2010–2014,11.6,,11.753392,0.1533922195434574
NSW,65+,"Age-specific rate (per 100,000)",2011–2015,11.6,,12.620595,1.0205949783325199
NSW,65+,"Age-specific rate (per 100,000)",2012–2016,11.7,,12.331443,0.631442832946778
NSW,65+,"Age-specific rate (per 100,000)",2013–2017,12.2,,13.542749,1.3427494049072273
NSW,65+,"Age-specific rate (per 100,000)",2014–2018,12.3,,12.315326,0.015325736999511008
NSW,65+,"Age-specific rate (per 100,000)",2015–2019,12.3,,13.853902,1.5539018630981438
NSW,65+,"Age-specific rate (per 100,000)",2016–2020,12.5,,13.60262,1.1026201248168945
NSW,65+,"Age-specific rate (per 100,000)",2017–2021,13.0,,13.847903,0.8479032516479492
NSW,65+,"Age-specific rate (per 100,000)",2018–2022,12.8,,13.500757,0.7007572174072259
NSW,65+,"Age-specific rate (per 100,000)",2019–2023,12.6,,14.394301,1.7943014144897464
NSW,65+,"Age-specific rate (per 100,000)",2020–2024,12.7,,12.697859,0.002141189575194602
NSW,65–74,"Age-specific rate (per 100,000)",2001–2005,10.4,,10.815302,0.4153018951416012
NSW,65–74,"Age-specific rate (per 100,000)",2002–2006,10.3,,9.744192,0.5558078765869148
NSW,65–74,"Age-specific rate (per 100,000)",2003–2007,10.7,,9.036345,1.663655471801757
NSW,65–74,"Age-specific rate (per 100,000)",2004–2008,10.8,,10.008439,0.7915609359741218
NSW,65–74,"Age-specific rate (per 100,000)",2005–2009,10.3,,10.405499,0.10549945831298757
NSW,65–74,"Age-specific rate (per 100,000)",2006–2010,10.0,,9.232171,0.7678289413452148
NSW,65–74,"Age-specific rate (per 100,000)",2007–2011,9.8,,9.645721,0.1542785644531257
NSW,65–74,"Age-specific rate (per 100,000)",2008–2012,9.7,,9.675056,0.02494354248046804
NSW,65–74,"Age-specific rate (per 100,000)",2009–2013,9.5,,10.686416,1.186415672302246
NSW,65–74,"Age-specific rate (per 100,000)",2010–2014,10.2,,9.353852,0.8461477279663079
NSW,65–74,"Age-specific rate (per 100,000)",2011–2015,10.7,,12.108752,1.4087522506713874
NSW,65–74,"Age-specific rate (per 100,000)",2012–2016,10.5,,10.559447,0.059447288513183594
NSW,65–74,"Age-specific rate (per 100,000)",2013–2017,11.1,,11.108164,0.008163833618164418
NSW,65–74,"Age-specific rate (per 100,000)",2014–2018,11.5,,11.56696,0.06696033477783203
NSW,65–74,"Age-specific rate (per 100,000)",2015–2019,11.3,,11.805274,0.5052740097045891
NSW,65–74,"Age-specific rate (per 100,000)",2016–2020,11.2,,11.366278,0.16627769470214915
NSW,65–74,"Age-specific rate (per 100,000)",2017–2021,11.7,,11.780213,0.08021335601806712
NSW,65–74,"Age-specific rate (per 100,000)",2018–2022,11.5,,12.525076,1.025075912475586
NSW,65–74,"Age-specific rate (per 100,000)",2019–2023,11.3,,12.028739,0.7287389755249016
NSW,65–74,"Age-specific rate (per 100,000)",2020–2024,11.6,,11.408296,0.19170436859130824
NSW,75–84,"Age-specific rate (per 100,000)",2001–2005,12.2,,11.695655,0.5043451309204094
NSW,75–84,"Age-specific rate (per 100,000)",2002–2006,11.3,,10.174232,1.1257684707641609
NSW,75–84,"Age-specific rate (per 100,000)",2003–2007,10.5,,11.60577,1.1057701110839844
NSW,75–84,"Age-specific rate (per 100,000)",2004–2008,10.6,,9.915655,0.6843448638916012
NSW,75–84,"Age-specific rate (per 100,000)",2005–2009,10.5,,9.844512,0.6554880142211914
NSW,75–84,"Age-specific rate (per 100,000)",2006–2010,11.2,,10.580359,0.6196405410766594
NSW,75–84,"Age-specific rate (per 100,000)",2007–2011,11.4,,12.03164,0.6316400527954098
NSW,75–84,"Age-specific rate (per 100,000)",2008–2012,12.2,,12.379848,0.17984752655029368
NSW,75–84,"Age-specific rate (per 100,000)",2009–2013,12.5,,13.04555,0.5455503463745117
NSW,75–84,"Age-specific rate (per 100,000)",2010–2014,12.0,,12.1139555,0.11395549774169922
NSW,75–84,"Age-specific rate (per 100,000)",2011–2015,11.2,,11.937127,0.7371271133422859
NSW,75–84,"Age-specific rate (per 100,000)",2012–2016,11.5,,11.832011,0.33201122283935547
NSW,75–84,"Age-specific rate (per 100,000)",2013–2017,11.9,,12.075945,0.17594490051269496
NSW,75–84,"Age-specific rate (per 100,000)",2014–2018,11.4,,12.735021,1.3350206375122067
NSW,75–84,"Age-specific rate (per 100,000)",2015–2019,11.8,,13.454114,1.6541139602661126
NSW,75–84,"Age-specific rate (per 100,000)",2016–2020,12.0,,13.775409,1.7754087448120117
NSW,75–84,"Age-specific rate (per 100,000)",2017–2021,12.4,,11.719553,0.6804470062255863
NSW,75–84,"Age-specific rate (per 100,000)",2018–2022,11.9,,11.425939,0.4740613937377933
NSW,75–84,"Age-specific rate (per 100,000)",2019–2023,12.6,,11.924659,0.6753412246704098
NSW,75–84,"Age-specific rate (per 100,000)",2020–2024,12.3,,9.063523,3.236476707458497
NSW,85+,"Age-specific rate (per 100,000)",2001–2005,10.6,,14.924148,4.3241476058959964
NSW,85+,"Age-specific rate (per 100,000)",2002–2006,10.6,,12.829513,2.2295125961303714
NSW,85+,"Age-specific rate (per 100,000)",2003–2007,11.0,,15.250133,4.2501325607299805
NSW,85+,"Age-specific rate (per 100,000)",2004–2008,10.9,,12.228879,1.3288789749145504
NSW,85+,"Age-specific rate (per 100,000)",2005–2009,12.0,,13.5889845,1.588984489440918
NSW,85+,"Age-specific rate (per 100,000)",2006–2010,13.4,,13.054498,0.3455022811889652
NSW,85+,"Age-specific rate (per 100,000)",2007–2011,13.4,,13.728862,0.3288618087768551
NSW,85+,"Age-specific rate (per 100,000)",2008–2012,13.5,,14.829707,1.329707145690918
NSW,85+,"Age-specific rate (per 100,000)",2009–2013,14.6,,15.911817,1.3118165969848636
NSW,85+,"Age-specific rate (per 100,000)",2010–2014,16.4,,15.403629,0.996370697021483
NSW,85+,"Age-specific rate (per 100,000)",2011–2015,16.4,,17.164387,0.7643867492675795
NSW,85+,"Age-specific rate (per 100,000)",2012–2016,16.7,,17.91288,1.212879943847657
NSW,85+,"Age-specific rate (per 100,000)",2013–2017,16.9,,16.768826,0.1311744689941392
NSW,85+,"Age-specific rate (per 100,000)",2014–2018,17.8,,19.199608,1.399607849121093
NSW,85+,"Age-specific rate (per 100,000)",2015–2019,17.3,,18.588955,1.2889549255371087
NSW,85+,"Age-specific rate (per 100,000)",2016–2020,19.1,,17.51981,1.5801902770996108
NSW,85+,"Age-specific rate (per 100,000)",2017–2021,20.1,,18.231583,1.868417358398439
NSW,85+,"Age-specific rate (per 100,000)",2018–2022,20.3,,18.936518,1.3634822845458991
NSW,85+,"Age-specific rate (per 100,000)",2019–2023,18.4,,16.546934,1.8530658721923814
NSW,85+,"Age-specific rate (per 100,000)",2020–2024,18.6,,15.0077505,3.592249488830568
NSW,Total,"Age-specific rate (per 100,000)",2001–2005,9.8,,10.239011,0.43901081085205007
NSW,Total,"Age-specific rate (per 100,000)",2002–2006,9.2,,10.158898,0.9588983535766609
NSW,Total,"Age-specific rate (per 100,000)",2003–2007,8.9,,8.46267,0.4373296737670902
NSW,Total,"Age-specific rate (per 100,000)",2004–2008,8.7,,8.712436,0.01243572235107493
NSW,Total,"Age-specific rate (per 100,000)",2005–2009,8.7,,8.827088,0.12708835601806712
NSW,Total,"Age-specific rate (per 100,000)",2006–2010,8.9,,9.064464,0.1644636154174801
NSW,Total,"Age-specific rate (per 100,000)",2007–2011,8.9,,8.94778,0.047779655456542613
NSW,Total,"Age-specific rate (per 100,000)",2008–2012,9.1,,9.931363,0.8313631057739261
NSW,Total,"Age-specific rate (per 100,000)",2009–2013,9.3,,9.676604,0.3766042709350579
NSW,Total,"Age-specific rate (per 100,000)",2010–2014,9.8,,10.007549,0.20754928588867116
NSW,Total,"Age-specific rate (per 100,000)",2011–2015,10.1,,10.581508,0.4815076828002933
NSW,Total,"Age-specific rate (per 100,000)",2012–2016,10.5,,9.328071,1.1719293594360352
NSW,Total,"Age-specific rate (per 100,000)",2013–2017,10.9,,11.429196,0.5291963577270504
NSW,Total,"Age-specific rate (per 100,000)",2014–2018,11.3,,11.816031,0.5160314559936516
NSW,Total,"Age-specific rate (per 100,000)",2015–2019,11.4,,11.113425,0.286574745178223
NSW,Total,"Age-specific rate (per 100,000)",2016–2020,11.5,,11.678907,0.1789073944091797
NSW,Total,"Age-specific rate (per 100,000)",2017–2021,11.6,,11.925314,0.3253139495849613
NSW,Total,"Age-specific rate (per 100,000)",2018–2022,11.6,,11.756726,0.15672626495361364
NSW,Total,"Age-specific rate (per 100,000)",2019–2023,11.5,,12.248797,0.7487974166870117
NSW,Total,"Age-specific rate (per 100,000)",2020–2024,11.3,,11.825873,0.5258733749389641
Vic,0–14,"Age-specific rate (per 100,000)",2001–2005,0.1,,0.40825814,0.3082581400871277
Vic,0–14,"Age-specific rate (per 100,000)",2002–2006,0.2,,0.3349514,0.13495140075683593
Vic,0–14,"Age-specific rate (per 100,000)",2003–2007,0.2,,0.303819,0.10381900072097777
Vic,0–14,"Age-specific rate (per 100,000)",2004–2008,0.2,,0.3973137,0.19731371402740477
Vic,0–14,"Age-specific rate (per 100,000)",2005–2009,0.3,,0.40027344,0.1002734422683716
Vic,0–14,"Age-specific rate (per 100,000)",2006–2010,0.3,,0.44079134,0.1407913386821747
Vic,0–14,"Age-specific rate (per 100,000)",2007–2011,0.3,,0.4804774,0.18047739267349244
Vic,0–14,"Age-specific rate (per 100,000)",2008–2012,0.3,,0.2517704,0.04822959303855895
Vic,0–14,"Age-specific rate (per 100,000)",2009–2013,0.2,,0.30631575,0.10631574988365172
Vic,0–14,"Age-specific rate (per 100,000)",2010–2014,0.2,,0.3918922,0.1918921947479248
Vic,0–14,"Age-specific rate (per 100,000)",2011–2015,0.2,,0.38238195,0.18238194584846495
Vic,0–14,"Age-specific rate (per 100,000)",2012–2016,0.2,,0.20470302,0.004703018069267262
Vic,0–14,"Age-specific rate (per 100,000)",2013–2017,0.2,,0.2247704,0.024770396947860707
Vic,0–14,"Age-specific rate (per 100,000)",2014–2018,0.2,,0.4036924,0.20369239449501036
Vic,0–14,"Age-specific rate (per 100,000)",2015–2019,0.3,,0.29727328,0.0027267217636108287
Vic,0–14,"Age-specific rate (per 100,000)",2016–2020,0.3,,0.28989208,0.010107922554016102
Vic,0–14,"Age-specific rate (per 100,000)",2017–2021,0.3,,0.2531883,0.04681168794631957
Vic,0–14,"Age-specific rate (per 100,000)",2018–2022,0.3,,0.21494667,0.08505332767963408
Vic,0–14,"Age-specific rate (per 100,000)",2019–2023,0.3,,0.41668406,0.11668406128883363
Vic,0–14,"Age-specific rate (per 100,000)",2020–2024,0.3,,0.5839959,0.28399587869644166
Vic,5–14,"Age-specific rate (per 100,000)",2001–2005,0.2,,0.46403816,0.2640381634235382
Vic,5–14,"Age-specific rate (per 100,000)",2002–2006,0.2,,0.4805103,0.28051029443740844
Vic,5–14,"Age-specific rate (per 100,000)",2003–2007,0.3,,0.5830261,0.28302611112594606
Vic,5–14,"Age-specific rate (per 100,000)",2004–2008,0.3,,0.50698185,0.20698184967041017
Vic,5–14,"Age-specific rate (per 100,000)",2005–2009,0.4,,0.50910914,0.10910913944244383
Vic,5–14,"Age-specific rate (per 100,000)",2006–2010,0.5,,0.597394,0.09739398956298828
Vic,5–14,"Age-specific rate (per 100,000)",2007–2011,0.4,,0.628582,0.22858200073242185
Vic,5–14,"Age-specific rate (per 100,000)",2008–2012,0.4,,0.5545311,0.15453109741210935
Vic,5–14,"Age-specific rate (per 100,000)",2009–2013,0.3,,0.536116,0.23611600399017335
Vic,5–14,"Age-specific rate (per 100,000)",2010–2014,0.2,,0.58477396,0.3847739577293396
Vic,5–14,"Age-specific rate (per 100,000)",2011–2015,0.3,,0.60709566,0.3070956587791443
Vic,5–14,"Age-specific rate (per 100,000)",2012–2016,0.3,,0.5787491,0.2787491202354431
Vic,5–14,"Age-specific rate (per 100,000)",2013–2017,0.3,,0.59221476,0.2922147631645203
Vic,5–14,"Age-specific rate (per 100,000)",2014–2018,0.4,,0.6546081,0.2546080708503723
Vic,5–14,"Age-specific rate (per 100,000)",2015–2019,0.5,,0.6275483,0.12754827737808228
Vic,5–14,"Age-specific rate (per 100,000)",2016–2020,0.5,,0.60639375,0.10639375448226929
Vic,5–14,"Age-specific rate (per 100,000)",2017–2021,0.5,,0.610689,0.11068898439407349
Vic,5–14,"Age-specific rate (per 100,000)",2018–2022,0.4,,0.5978242,0.19782421588897703
Vic,5–14,"Age-specific rate (per 100,000)",2019–2023,0.5,,0.5930562,0.09305620193481445
Vic,5–14,"Age-specific rate (per 100,000)",2020–2024,0.5,,0.548799,0.048798978328704834
Vic,0–24,"Age-specific rate (per 100,000)",2001–2005,4.0,,4.7843676,0.784367561340332
Vic,0–24,"Age-specific rate (per 100,000)",2002–2006,3.9,,4.3790655,0.47906551361083993
Vic,0–24,"Age-specific rate (per 100,000)",2003–2007,4.1,,4.293784,0.1937841415405277
Vic,0–24,"Age-specific rate (per 100,000)",2004–2008,4.0,,3.755734,0.24426603317260742
Vic,0–24,"Age-specific rate (per 100,000)",2005–2009,3.9,,3.7556953,0.1443046569824218
Vic,0–24,"Age-specific rate (per 100,000)",2006–2010,4.1,,3.7195551,0.38044486045837367
Vic,0–24,"Age-specific rate (per 100,000)",2007–2011,4.0,,3.9771583,0.022841691970825195
Vic,0–24,"Age-specific rate (per 100,000)",2008–2012,3.9,,4.230051,0.33005104064941415
Vic,0–24,"Age-specific rate (per 100,000)",2009–2013,4.0,,4.5295634,0.5295634269714355
Vic,0–24,"Age-specific rate (per 100,000)",2010–2014,4.1,,3.845345,0.2546549797058102
Vic,0–24,"Age-specific rate (per 100,000)",2011–2015,3.9,,4.89049,0.9904900550842286
Vic,0–24,"Age-specific rate (per 100,000)",2012–2016,4.3,,4.2151184,0.08488159179687482
Vic,0–24,"Age-specific rate (per 100,000)",2013–2017,4.3,,4.8484745,0.5484745025634767
Vic,0–24,"Age-specific rate (per 100,000)",2014–2018,4.5,,4.834712,0.33471202850341797
Vic,0–24,"Age-specific rate (per 100,000)",2015–2019,4.6,,4.8918486,0.2918485641479496
Vic,0–24,"Age-specific rate (per 100,000)",2016–2020,4.7,,4.46568,0.2343198776245119
Vic,0–24,"Age-specific rate (per 100,000)",2017–2021,4.6,,5.227673,0.6276730537414554
Vic,0–24,"Age-specific rate (per 100,000)",2018–2022,4.7,,4.6095967,0.09040327072143572
Vic,0–24,"Age-specific rate (per 100,000)",2019–2023,4.9,,4.724579,0.17542114257812536
Vic,0–24,"Age-specific rate (per 100,000)",2020–2024,4.7,,4.9711194,0.27111940383911115
Vic,5–24,"Age-specific rate (per 100,000)",2001–2005,4.9,,5.3838425,0.4838424682617184
Vic,5–24,"Age-specific rate (per 100,000)",2002–2006,4.8,,4.5998487,0.20015125274658185
Vic,5–24,"Age-specific rate (per 100,000)",2003–2007,5.0,,4.522101,0.47789907455444336
Vic,5–24,"Age-specific rate (per 100,000)",2004–2008,4.9,,4.779555,0.12044515609741246
Vic,5–24,"Age-specific rate (per 100,000)",2005–2009,4.8,,4.7371683,0.06283168792724592
Vic,5–24,"Age-specific rate (per 100,000)",2006–2010,5.1,,4.03398,1.0660201072692868
Vic,5–24,"Age-specific rate (per 100,000)",2007–2011,5.0,,4.900657,0.09934282302856445
Vic,5–24,"Age-specific rate (per 100,000)",2008–2012,4.8,,4.480632,0.31936817169189435
Vic,5–24,"Age-specific rate (per 100,000)",2009–2013,5.0,,4.416768,0.5832319259643555
Vic,5–24,"Age-specific rate (per 100,000)",2010–2014,5.2,,5.1987686,0.0012313842773439276
Vic,5–24,"Age-specific rate (per 100,000)",2011–2015,4.9,,6.2066555,1.3066555023193356
Vic,5–24,"Age-specific rate (per 100,000)",2012–2016,5.4,,5.349805,0.050195121765137074
Vic,5–24,"Age-specific rate (per 100,000)",2013–2017,5.5,,6.2718945,0.7718944549560547
Vic,5–24,"Age-specific rate (per 100,000)",2014–2018,5.6,,5.142631,0.4573689460754391
Vic,5–24,"Age-specific rate (per 100,000)",2015–2019,5.8,,5.5046873,0.2953126907348631
Vic,5–24,"Age-specific rate (per 100,000)",2016–2020,5.9,,5.757059,0.1429409027099613
Vic,5–24,"Age-specific rate (per 100,000)",2017–2021,5.7,,5.4641485,0.23585147857666033
Vic,5–24,"Age-specific rate (per 100,000)",2018–2022,5.9,,5.98833,0.08832988739013636
Vic,5–24,"Age-specific rate (per 100,000)",2019–2023,6.1,,5.3213887,0.7786112785339352
Vic,5–24,"Age-specific rate (per 100,000)",2020–2024,5.8,,5.8569145,0.05691452026367205
Vic,15–24,"Age-specific rate (per 100,000)",2001–2005,9.5,,10.486716,0.9867162704467773
Vic,15–24,"Age-specific rate (per 100,000)",2002–2006,9.1,,10.16763,1.0676301956176761
Vic,15–24,"Age-specific rate (per 100,000)",2003–2007,9.4,,9.117394,0.2826055526733402
Vic,15–24,"Age-specific rate (per 100,000)",2004–2008,9.2,,8.971751,0.22824878692626882
Vic,15–24,"Age-specific rate (per 100,000)",2005–2009,8.8,,8.981582,0.18158168792724538
Vic,15–24,"Age-specific rate (per 100,000)",2006–2010,9.1,,8.476956,0.6230436325073239
Vic,15–24,"Age-specific rate (per 100,000)",2007–2011,8.9,,8.594947,0.3050531387329105
Vic,15–24,"Age-specific rate (per 100,000)",2008–2012,8.6,,7.5144615,1.0855384826660153
Vic,15–24,"Age-specific rate (per 100,000)",2009–2013,8.9,,9.209708,0.309708213806152
Vic,15–24,"Age-specific rate (per 100,000)",2010–2014,9.5,,10.679759,1.1797590255737305
Vic,15–24,"Age-specific rate (per 100,000)",2011–2015,9.1,,10.296124,1.1961244583129886
Vic,15–24,"Age-specific rate (per 100,000)",2012–2016,9.8,,11.649415,1.8494150161743157
Vic,15–24,"Age-specific rate (per 100,000)",2013–2017,10.0,,12.490171,2.490171432495117
Vic,15–24,"Age-specific rate (per 100,000)",2014–2018,10.3,,10.824346,0.5243455886840813
Vic,15–24,"Age-specific rate (per 100,000)",2015–2019,10.6,,11.68451,1.0845102310180668
Vic,15–24,"Age-specific rate (per 100,000)",2016–2020,10.8,,11.127273,0.3272726058959954
Vic,15–24,"Age-specific rate (per 100,000)",2017–2021,10.6,,11.2218485,0.6218484878540043
Vic,15–24,"Age-specific rate (per 100,000)",2018–2022,11.1,,12.274256,1.174255752563477
Vic,15–24,"Age-specific rate (per 100,000)",2019–2023,11.8,,10.366413,1.4335868835449226
Vic,15–24,"Age-specific rate (per 100,000)",2020–2024,11.2,,11.201819,0.0018194198608405543
Vic,25–34,"Age-specific rate (per 100,000)",2001–2005,16.7,,12.713231,3.9867689132690423
Vic,25–34,"Age-specific rate (per 100,000)",2002–2006,14.8,,15.926868,1.1268684387207024
Vic,25–34,"Age-specific rate (per 100,000)",2003–2007,13.9,,14.122004,0.2220035552978512
Vic,25–34,"Age-specific rate (per 100,000)",2004–2008,13.8,,14.902177,1.1021768569946282
Vic,25–34,"Age-specific rate (per 100,000)",2005–2009,13.0,,14.149503,1.1495027542114258
Vic,25–34,"Age-specific rate (per 100,000)",2006–2010,12.3,,13.045978,0.745977592468261
Vic,25–34,"Age-specific rate (per 100,000)",2007–2011,12.3,,12.8832,0.5831996917724602
Vic,25–34,"Age-specific rate (per 100,000)",2008–2012,12.4,,12.2306385,0.16936149597168004
Vic,25–34,"Age-specific rate (per 100,000)",2009–2013,11.4,,11.081725,0.31827487945556676
Vic,25–34,"Age-specific rate (per 100,000)",2010–2014,11.9,,11.595155,0.30484523773193395
Vic,25–34,"Age-specific rate (per 100,000)",2011–2015,12.2,,11.662423,0.5375768661499016
Vic,25–34,"Age-specific rate (per 100,000)",2012–2016,12.9,,11.485417,1.4145826339721683
Vic,25–34,"Age-specific rate (per 100,000)",2013–2017,13.4,,13.260317,0.13968315124511754
Vic,25–34,"Age-specific rate (per 100,000)",2014–2018,14.0,,12.295973,1.7040271759033203
Vic,25–34,"Age-specific rate (per 100,000)",2015–2019,13.6,,12.722281,0.8777185440063473
Vic,25–34,"Age-specific rate (per 100,000)",2016–2020,13.5,,13.782188,0.28218841552734375
Vic,25–34,"Age-specific rate (per 100,000)",2017–2021,13.0,,12.479355,0.5206451416015625
Vic,25–34,"Age-specific rate (per 100,000)",2018–2022,13.2,,12.71135,0.4886495590209954
Vic,25–34,"Age-specific rate (per 100,000)",2019–2023,14.0,,13.65767,0.3423299789428711
Vic,25–34,"Age-specific rate (per 100,000)",2020–2024,13.9,,14.262892,0.36289176940917933
Vic,35–44,"Age-specific rate (per 100,000)",2001–2005,16.3,,14.874717,1.4252832412719734
Vic,35–44,"Age-specific rate (per 100,000)",2002–2006,15.9,,14.727255,1.1727451324462894
Vic,35–44,"Age-specific rate (per 100,000)",2003–2007,15.0,,14.501074,0.49892616271972656
Vic,35–44,"Age-specific rate (per 100,000)",2004–2008,15.2,,14.79038,0.40962047576904226
Vic,35–44,"Age-specific rate (per 100,000)",2005–2009,15.3,,14.148246,1.1517541885375984
Vic,35–44,"Age-specific rate (per 100,000)",2006–2010,15.0,,15.191784,0.19178390502929688
Vic,35–44,"Age-specific rate (per 100,000)",2007–2011,14.6,,14.5858135,0.014186477661132457
Vic,35–44,"Age-specific rate (per 100,000)",2008–2012,14.7,,14.701131,0.0011308670043952418
Vic,35–44,"Age-specific rate (per 100,000)",2009–2013,13.9,,14.031255,0.13125476837158168
Vic,35–44,"Age-specific rate (per 100,000)",2010–2014,13.7,,14.929294,1.229293632507325
Vic,35–44,"Age-specific rate (per 100,000)",2011–2015,14.1,,15.898049,1.798049354553223
Vic,35–44,"Age-specific rate (per 100,000)",2012–2016,14.3,,14.652575,0.3525745391845696
Vic,35–44,"Age-specific rate (per 100,000)",2013–2017,14.8,,16.196682,1.3966819763183587
Vic,35–44,"Age-specific rate (per 100,000)",2014–2018,15.4,,16.88792,1.4879203796386715
Vic,35–44,"Age-specific rate (per 100,000)",2015–2019,15.4,,16.1086,0.7086006164550778
Vic,35–44,"Age-specific rate (per 100,000)",2016–2020,14.9,,16.30457,1.4045692443847653
Vic,35–44,"Age-specific rate (per 100,000)",2017–2021,14.4,,15.634569,1.23456916809082
Vic,35–44,"Age-specific rate (per 100,000)",2018–2022,13.8,,15.765075,1.9650747299194329
Vic,35–44,"Age-specific rate (per 100,000)",2019–2023,14.3,,16.9646,2.6645996093749993
Vic,35–44,"Age-specific rate (per 100,000)",2020–2024,14.1,,15.893612,1.7936119079589847
Vic,45–54,"Age-specific rate (per 100,000)",2001–2005,14.8,,15.663098,0.8630983352661126
Vic,45–54,"Age-specific rate (per 100,000)",2002–2006,15.5,,14.932397,0.5676031112670898
Vic,45–54,"Age-specific rate (per 100,000)",2003–2007,15.1,,14.874019,0.22598133087158168
Vic,45–54,"Age-specific rate (per 100,000)",2004–2008,14.5,,15.164632,0.6646318435668945
Vic,45–54,"Age-specific rate (per 100,000)",2005–2009,15.2,,15.022279,0.17772121429443288
Vic,45–54,"Age-specific rate (per 100,000)",2006–2010,15.8,,14.835021,0.9649789810180671
Vic,45–54,"Age-specific rate (per 100,000)",2007–2011,15.3,,15.379399,0.07939929962158132
Vic,45–54,"Age-specific rate (per 100,000)",2008–2012,15.2,,15.137858,0.06214160919189382
Vic,45–54,"Age-specific rate (per 100,000)",2009–2013,15.3,,15.328244,0.02824420928955007
Vic,45–54,"Age-specific rate (per 100,000)",2010–2014,15.1,,15.74379,0.6437896728515629
Vic,45–54,"Age-specific rate (per 100,000)",2011–2015,15.7,,16.091993,0.3919933319091804
Vic,45–54,"Age-specific rate (per 100,000)",2012–2016,15.9,,16.531729,0.6317287445068356
Vic,45–54,"Age-specific rate (per 100,000)",2013–2017,16.6,,17.62364,1.0236400604248033
Vic,45–54,"Age-specific rate (per 100,000)",2014–2018,17.1,,17.296158,0.19615783691406108
Vic,45–54,"Age-specific rate (per 100,000)",2015–2019,17.0,,17.505306,0.5053062438964844
Vic,45–54,"Age-specific rate (per 100,000)",2016–2020,15.5,,17.408253,1.9082527160644531
Vic,45–54,"Age-specific rate (per 100,000)",2017–2021,15.6,,16.286541,0.6865409851074222
Vic,45–54,"Age-specific rate (per 100,000)",2018–2022,16.0,,16.69772,0.6977195739746094
Vic,45–54,"Age-specific rate (per 100,000)",2019–2023,15.8,,16.50236,0.7023593902587884
Vic,45–54,"Age-specific rate (per 100,000)",2020–2024,15.9,,15.404544,0.49545612335205114
Vic,55–64,"Age-specific rate (per 100,000)",2001–2005,10.4,,11.972078,1.5720783233642575
Vic,55–64,"Age-specific rate (per 100,000)",2002–2006,10.5,,10.449397,0.05060291290283203
Vic,55–64,"Age-specific rate (per 100,000)",2003–2007,10.6,,11.362569,0.7625688552856449
Vic,55–64,"Age-specific rate (per 100,000)",2004–2008,10.6,,11.318576,0.7185758590698246
Vic,55–64,"Age-specific rate (per 100,000)",2005–2009,11.6,,11.567841,0.032159423828124645
Vic,55–64,"Age-specific rate (per 100,000)",2006–2010,12.1,,12.514034,0.41403427124023473
Vic,55–64,"Age-specific rate (per 100,000)",2007–2011,11.9,,12.396525,0.4965253829956051
Vic,55–64,"Age-specific rate (per 100,000)",2008–2012,11.7,,12.095028,0.3950279235839851
Vic,55–64,"Age-specific rate (per 100,000)",2009–2013,12.4,,11.908082,0.49191799163818395
Vic,55–64,"Age-specific rate (per 100,000)",2010–2014,12.9,,12.078728,0.8212722778320316
Vic,55–64,"Age-specific rate (per 100,000)",2011–2015,13.0,,12.572969,0.4270305633544922
Vic,55–64,"Age-specific rate (per 100,000)",2012–2016,13.3,,12.877929,0.4220712661743171
Vic,55–64,"Age-specific rate (per 100,000)",2013–2017,14.1,,14.070867,0.029133415222167613
Vic,55–64,"Age-specific rate (per 100,000)",2014–2018,13.9,,13.541739,0.358260536193848
Vic,55–64,"Age-specific rate (per 100,000)",2015–2019,13.9,,13.732216,0.1677841186523441
Vic,55–64,"Age-specific rate (per 100,000)",2016–2020,14.4,,14.087176,0.31282367706298864
Vic,55–64,"Age-specific rate (per 100,000)",2017–2021,14.6,,14.111038,0.48896179199218714
Vic,55–64,"Age-specific rate (per 100,000)",2018–2022,14.1,,14.301376,0.20137634277343786
Vic,55–64,"Age-specific rate (per 100,000)",2019–2023,14.4,,13.678627,0.7213729858398441
Vic,55–64,"Age-specific rate (per 100,000)",2020–2024,14.5,,13.6148815,0.8851184844970703
Vic,45–64,"Age-specific rate (per 100,000)",2001–2005,12.9,,14.251979,1.3519788742065426
Vic,45–64,"Age-specific rate (per 100,000)",2002–2006,13.3,,13.240369,0.05963115692138743
Vic,45–64,"Age-specific rate (per 100,000)",2003–2007,13.2,,13.380195,0.18019466400146555
Vic,45–64,"Age-specific rate (per 100,000)",2004–2008,12.7,,14.296091,1.5960910797119148
Vic,45–64,"Age-specific rate (per 100,000)",2005–2009,13.6,,13.770064,0.17006435394287145
Vic,45–64,"Age-specific rate (per 100,000)",2006–2010,14.1,,14.381944,0.28194370269775426
Vic,45–64,"Age-specific rate (per 100,000)",2007–2011,13.8,,13.525508,0.27449207305908274
Vic,45–64,"Age-specific rate (per 100,000)",2008–2012,13.6,,13.434964,0.16503582000732386
Vic,45–64,"Age-specific rate (per 100,000)",2009–2013,14.0,,13.67,0.3299999237060547
Vic,45–64,"Age-specific rate (per 100,000)",2010–2014,14.1,,14.77162,0.67161979675293
Vic,45–64,"Age-specific rate (per 100,000)",2011–2015,14.5,,15.153496,0.6534957885742188
Vic,45–64,"Age-specific rate (per 100,000)",2012–2016,14.7,,15.073858,0.37385826110839915
Vic,45–64,"Age-specific rate (per 100,000)",2013–2017,15.4,,16.848381,1.4483810424804684
Vic,45–64,"Age-specific rate (per 100,000)",2014–2018,15.6,,15.744709,0.14470901489257848
Vic,45–64,"Age-specific rate (per 100,000)",2015–2019,15.5,,15.957652,0.45765209197998047
Vic,45–64,"Age-specific rate (per 100,000)",2016–2020,15.0,,16.998596,1.99859619140625
Vic,45–64,"Age-specific rate (per 100,000)",2017–2021,15.1,,15.585572,0.48557224273681676
Vic,45–64,"Age-specific rate (per 100,000)",2018–2022,15.1,,15.285068,0.18506755828857457
Vic,45–64,"Age-specific rate (per 100,000)",2019–2023,15.2,,16.027227,0.8272274017333991
Vic,45–64,"Age-specific rate (per 100,000)",2020–2024,15.2,,15.710435,0.5104349136352546
Vic,65+,"Age-specific rate (per 100,000)",2001–2005,11.4,,10.698106,0.7018941879272464
Vic,65+,"Age-specific rate (per 100,000)",2002–2006,10.9,,11.264253,0.36425266265869105
Vic,65+,"Age-specific rate (per 100,000)",2003–2007,10.1,,7.878436,2.221563911437988
Vic,65+,"Age-specific rate (per 100,000)",2004–2008,9.9,,9.790936,0.10906352996826207
Vic,65+,"Age-specific rate (per 100,000)",2005–2009,9.6,,9.98397,0.3839696884155277
Vic,65+,"Age-specific rate (per 100,000)",2006–2010,9.2,,10.445362,1.2453620910644538
Vic,65+,"Age-specific rate (per 100,000)",2007–2011,10.0,,9.809688,0.19031238555908203
Vic,65+,"Age-specific rate (per 100,000)",2008–2012,10.1,,10.767444,0.6674436569213871
Vic,65+,"Age-specific rate (per 100,000)",2009–2013,10.2,,10.222083,0.022083091735840554
Vic,65+,"Age-specific rate (per 100,000)",2010–2014,10.3,,10.017482,0.28251819610595774
Vic,65+,"Age-specific rate (per 100,000)",2011–2015,11.1,,10.791025,0.3089748382568356
Vic,65+,"Age-specific rate (per 100,000)",2012–2016,11.0,,11.011369,0.011368751525878906
Vic,65+,"Age-specific rate (per 100,000)",2013–2017,11.5,,11.539229,0.039229393005371094
Vic,65+,"Age-specific rate (per 100,000)",2014–2018,11.1,,10.35513,0.7448698043823239
Vic,65+,"Age-specific rate (per 100,000)",2015–2019,11.1,,11.397088,0.2970880508422855
Vic,65+,"Age-specific rate (per 100,000)",2016–2020,10.8,,11.6645355,0.8645355224609368
Vic,65+,"Age-specific rate (per 100,000)",2017–2021,10.6,,11.126126,0.5261262893676761
Vic,65+,"Age-specific rate (per 100,000)",2018–2022,11.0,,11.461187,0.46118736267089844
Vic,65+,"Age-specific rate (per 100,000)",2019–2023,11.2,,12.095742,0.8957422256469734
Vic,65+,"Age-specific rate (per 100,000)",2020–2024,11.3,,11.99247,0.6924697875976555
Vic,65–74,"Age-specific rate (per 100,000)",2001–2005,12.1,,10.098701,2.001299476623535
Vic,65–74,"Age-specific rate (per 100,000)",2002–2006,11.3,,10.66543,0.6345699310302741
Vic,65–74,"Age-specific rate (per 100,000)",2003–2007,10.3,,7.9874372,2.3125627517700202
Vic,65–74,"Age-specific rate (per 100,000)",2004–2008,9.8,,9.993539,0.19353885650634695
Vic,65–74,"Age-specific rate (per 100,000)",2005–2009,9.1,,10.064303,0.9643033981323246
Vic,65–74,"Age-specific rate (per 100,000)",2006–2010,8.4,,8.891841,0.4918409347534176
Vic,65–74,"Age-specific rate (per 100,000)",2007–2011,9.3,,8.590035,0.709964561462403
Vic,65–74,"Age-specific rate (per 100,000)",2008–2012,9.1,,10.105878,1.0058778762817386
Vic,65–74,"Age-specific rate (per 100,000)",2009–2013,9.0,,8.657214,0.3427858352661133
Vic,65–74,"Age-specific rate (per 100,000)",2010–2014,8.5,,9.295142,0.7951421737670898
Vic,65–74,"Age-specific rate (per 100,000)",2011–2015,9.3,,11.136313,1.8363134384155266
Vic,65–74,"Age-specific rate (per 100,000)",2012–2016,8.9,,9.820611,0.9206110000610348
Vic,65–74,"Age-specific rate (per 100,000)",2013–2017,9.8,,10.534919,0.7349187850952141
Vic,65–74,"Age-specific rate (per 100,000)",2014–2018,9.4,,9.409278,0.009277915954589488
Vic,65–74,"Age-specific rate (per 100,000)",2015–2019,10.0,,9.816462,0.18353843688964844
Vic,65–74,"Age-specific rate (per 100,000)",2016–2020,10.0,,10.038959,0.03895854949951172
Vic,65–74,"Age-specific rate (per 100,000)",2017–2021,9.9,,10.02369,0.1236902236938473
Vic,65–74,"Age-specific rate (per 100,000)",2018–2022,10.0,,11.0228405,1.0228404998779297
Vic,65–74,"Age-specific rate (per 100,000)",2019–2023,10.5,,10.585895,0.08589458465576172
Vic,65–74,"Age-specific rate (per 100,000)",2020–2024,10.8,,11.386679,0.5866786956787102
Vic,75–84,"Age-specific rate (per 100,000)",2001–2005,9.5,,10.8601465,1.3601465225219727
Vic,75–84,"Age-specific rate (per 100,000)",2002–2006,9.4,,10.670878,1.2708784103393551
Vic,75–84,"Age-specific rate (per 100,000)",2003–2007,9.4,,11.110296,1.710296249389648
Vic,75–84,"Age-specific rate (per 100,000)",2004–2008,10.0,,9.702229,0.2977714538574219
Vic,75–84,"Age-specific rate (per 100,000)",2005–2009,10.2,,9.397811,0.8021890640258782
Vic,75–84,"Age-specific rate (per 100,000)",2006–2010,10.6,,10.366977,0.23302326202392543
Vic,75–84,"Age-specific rate (per 100,000)",2007–2011,11.1,,11.298714,0.1987136840820316
Vic,75–84,"Age-specific rate (per 100,000)",2008–2012,11.3,,12.372403,1.072403144836425
Vic,75–84,"Age-specific rate (per 100,000)",2009–2013,11.1,,11.163351,0.06335105895996129
Vic,75–84,"Age-specific rate (per 100,000)",2010–2014,11.4,,11.73047,0.33046970367431605
Vic,75–84,"Age-specific rate (per 100,000)",2011–2015,11.5,,11.270583,0.2294168472290039
Vic,75–84,"Age-specific rate (per 100,000)",2012–2016,11.5,,10.707991,0.7920093536376953
Vic,75–84,"Age-specific rate (per 100,000)",2013–2017,11.5,,11.783923,0.2839231491088867
Vic,75–84,"Age-specific rate (per 100,000)",2014–2018,11.4,,11.610026,0.2100263595581051
Vic,75–84,"Age-specific rate (per 100,000)",2015–2019,11.5,,11.899542,0.39954185485839844
Vic,75–84,"Age-specific rate (per 100,000)",2016–2020,11.0,,12.435748,1.4357481002807617
Vic,75–84,"Age-specific rate (per 100,000)",2017–2021,11.0,,10.734391,0.2656087875366211
Vic,75–84,"Age-specific rate (per 100,000)",2018–2022,11.1,,10.737063,0.3629365921020504
Vic,75–84,"Age-specific rate (per 100,000)",2019–2023,10.7,,11.517837,0.8178365707397468
Vic,75–84,"Age-specific rate (per 100,000)",2020–2024,10.1,,9.973861,0.12613925933837855
Vic,85+,"Age-specific rate (per 100,000)",2001–2005,14.1,,13.12887,0.9711299896240231
Vic,85+,"Age-specific rate (per 100,000)",2002–2006,13.6,,12.899427,0.70057258605957
Vic,85+,"Age-specific rate (per 100,000)",2003–2007,11.1,,14.217309,3.1173089981079105
Vic,85+,"Age-specific rate (per 100,000)",2004–2008,10.0,,10.599565,0.5995645523071289
Vic,85+,"Age-specific rate (per 100,000)",2005–2009,9.4,,11.2818365,1.8818365097045895
Vic,85+,"Age-specific rate (per 100,000)",2006–2010,8.8,,10.79121,1.9912101745605462
Vic,85+,"Age-specific rate (per 100,000)",2007–2011,9.9,,11.907365,2.0073648452758786
Vic,85+,"Age-specific rate (per 100,000)",2008–2012,10.8,,12.168967,1.3689672470092766
Vic,85+,"Age-specific rate (per 100,000)",2009–2013,12.8,,13.722321,0.9223205566406243
Vic,85+,"Age-specific rate (per 100,000)",2010–2014,14.6,,14.449092,0.15090808868408168
Vic,85+,"Age-specific rate (per 100,000)",2011–2015,17.2,,14.974763,2.225237083435058
Vic,85+,"Age-specific rate (per 100,000)",2012–2016,18.2,,16.349985,1.8500148773193352
Vic,85+,"Age-specific rate (per 100,000)",2013–2017,18.4,,16.025866,2.3741344451904283
Vic,85+,"Age-specific rate (per 100,000)",2014–2018,17.1,,16.372017,0.7279830932617202
Vic,85+,"Age-specific rate (per 100,000)",2015–2019,15.0,,15.444762,0.4447622299194336
Vic,85+,"Age-specific rate (per 100,000)",2016–2020,13.7,,15.155688,1.4556882858276374
Vic,85+,"Age-specific rate (per 100,000)",2017–2021,12.8,,15.309722,2.509721946716308
Vic,85+,"Age-specific rate (per 100,000)",2018–2022,15.1,,16.676197,1.5761970520019535
Vic,85+,"Age-specific rate (per 100,000)",2019–2023,15.3,,15.465651,0.16565055847167898
Vic,85+,"Age-specific rate (per 100,000)",2020–2024,16.5,,15.350003,1.1499967575073242
Vic,Total,"Age-specific rate (per 100,000)",2001–2005,10.8,,10.623275,0.17672519683837962
Vic,Total,"Age-specific rate (per 100,000)",2002–2006,10.5,,11.501367,1.0013666152954102
Vic,Total,"Age-specific rate (per 100,000)",2003–2007,10.1,,9.335528,0.7644716262817379
Vic,Total,"Age-specific rate (per 100,000)",2004–2008,10.0,,10.142536,0.14253616333007812
Vic,Total,"Age-specific rate (per 100,000)",2005–2009,10.0,,10.07023,0.07022953033447266
Vic,Total,"Age-specific rate (per 100,000)",2006–2010,10.0,,10.232065,0.23206520080566406
Vic,Total,"Age-specific rate (per 100,000)",2007–2011,10.0,,9.7224455,0.2775545120239258
Vic,Total,"Age-specific rate (per 100,000)",2008–2012,10.0,,10.198125,0.19812488555908203
Vic,Total,"Age-specific rate (per 100,000)",2009–2013,9.8,,9.457156,0.3428438186645515
Vic,Total,"Age-specific rate (per 100,000)",2010–2014,10.0,,10.267065,0.26706504821777344
Vic,Total,"Age-specific rate (per 100,000)",2011–2015,10.2,,10.098533,0.10146732330322195
Vic,Total,"Age-specific rate (per 100,000)",2012–2016,10.5,,9.9996195,0.5003805160522461
Vic,Total,"Age-specific rate (per 100,000)",2013–2017,10.9,,10.926818,0.02681789398193324
Vic,Total,"Age-specific rate (per 100,000)",2014–2018,11.1,,10.806795,0.29320487976074183
Vic,Total,"Age-specific rate (per 100,000)",2015–2019,11.1,,11.3025465,0.20254650115966832
Vic,Total,"Age-specific rate (per 100,000)",2016–2020,10.9,,11.476577,0.5765768051147457
Vic,Total,"Age-specific rate (per 100,000)",2017–2021,10.7,,12.14895,1.4489496231079109
Vic,Total,"Age-specific rate (per 100,000)",2018–2022,10.8,,11.758886,0.9588863372802727
Vic,Total,"Age-specific rate (per 100,000)",2019–2023,11.1,,11.559836,0.4598363876342777
Vic,Total,"Age-specific rate (per 100,000)",2020–2024,11.0,,12.790254,1.7902536392211914
Qld,0–14,"Age-specific rate (per 100,000)",2001–2005,0.5,,0.34861568,0.15138432383537292
Qld,0–14,"Age-specific rate (per 100,000)",2002–2006,0.4,,0.49894682,0.09894681572914121
Qld,0–14,"Age-specific rate (per 100,000)",2003–2007,0.5,,0.35211205,0.1478879451751709
Qld,0–14,"Age-specific rate (per 100,000)",2004–2008,0.4,,0.31933084,0.08066915869712832
Qld,0–14,"Age-specific rate (per 100,000)",2005–2009,0.3,,0.46494102,0.16494102478027345
Qld,0–14,"Age-specific rate (per 100,000)",2006–2010,0.3,,0.6170307,0.31703068017959596
Qld,0–14,"Age-specific rate (per 100,000)",2007–2011,0.3,,0.2696984,0.030301588773727406
Qld,0–14,"Age-specific rate (per 100,000)",2008–2012,0.4,,0.18581751,0.21418249011039736
Qld,0–14,"Age-specific rate (per 100,000)",2009–2013,0.6,,0.5779279,0.022072112560272195
Qld,0–14,"Age-specific rate (per 100,000)",2010–2014,0.7,,0.4011684,0.2988315939903259
Qld,0–14,"Age-specific rate (per 100,000)",2011–2015,0.6,,0.88183624,0.2818362355232239
Qld,0–14,"Age-specific rate (per 100,000)",2012–2016,0.7,,0.83597165,0.13597165346145634
Qld,0–14,"Age-specific rate (per 100,000)",2013–2017,0.6,,0.6159674,0.015967392921447776
Qld,0–14,"Age-specific rate (per 100,000)",2014–2018,0.5,,0.823841,0.3238409757614136
Qld,0–14,"Age-specific rate (per 100,000)",2015–2019,0.5,,0.41070288,0.08929711580276489
Qld,0–14,"Age-specific rate (per 100,000)",2016–2020,0.6,,0.3841226,0.2158773899078369
Qld,0–14,"Age-specific rate (per 100,000)",2017–2021,0.6,,0.6563883,0.05638828277587893
Qld,0–14,"Age-specific rate (per 100,000)",2018–2022,0.6,,0.68991166,0.0899116635322571
Qld,0–14,"Age-specific rate (per 100,000)",2019–2023,0.7,,1.2572212,0.5572212219238282
Qld,0–14,"Age-specific rate (per 100,000)",2020–2024,0.7,,1.328866,0.6288660049438477
Qld,5–14,"Age-specific rate (per 100,000)",2001–2005,0.7,,0.6338838,0.06611622571945186
Qld,5–14,"Age-specific rate (per 100,000)",2002–2006,0.6,,0.59765834,0.002341663837432839
Qld,5–14,"Age-specific rate (per 100,000)",2003–2007,0.7,,0.734842,0.03484200239181523
Qld,5–14,"Age-specific rate (per 100,000)",2004–2008,0.5,,0.6659522,0.16595220565795898
Qld,5–14,"Age-specific rate (per 100,000)",2005–2009,0.5,,0.64578205,0.14578205347061157
Qld,5–14,"Age-specific rate (per 100,000)",2006–2010,0.4,,0.7578158,0.3578157782554626
Qld,5–14,"Age-specific rate (per 100,000)",2007–2011,0.5,,0.72920984,0.22920984029769897
Qld,5–14,"Age-specific rate (per 100,000)",2008–2012,0.6,,0.6658167,0.06581672430038454
Qld,5–14,"Age-specific rate (per 100,000)",2009–2013,0.9,,0.6573017,0.24269827604293825
Qld,5–14,"Age-specific rate (per 100,000)",2010–2014,1.1,,0.6797543,0.4202456831932069
Qld,5–14,"Age-specific rate (per 100,000)",2011–2015,1.0,,0.69378287,0.30621713399887085
Qld,5–14,"Age-specific rate (per 100,000)",2012–2016,1.0,,0.70224744,0.2977525591850281
Qld,5–14,"Age-specific rate (per 100,000)",2013–2017,1.0,,0.67570794,0.32429206371307373
Qld,5–14,"Age-specific rate (per 100,000)",2014–2018,0.8,,0.7616382,0.0383617758750916
Qld,5–14,"Age-specific rate (per 100,000)",2015–2019,0.8,,0.6939068,0.10609321594238286
Qld,5–14,"Age-specific rate (per 100,000)",2016–2020,0.9,,0.6837538,0.2162462115287781
Qld,5–14,"Age-specific rate (per 100,000)",2017–2021,0.9,,0.6616902,0.23830982446670534
Qld,5–14,"Age-specific rate (per 100,000)",2018–2022,0.9,,0.66105634,0.23894366025924685
Qld,5–14,"Age-specific rate (per 100,000)",2019–2023,1.0,,0.6938303,0.30616968870162964
Qld,5–14,"Age-specific rate (per 100,000)",2020–2024,1.0,,0.67744565,0.322554349899292
Qld,0–24,"Age-specific rate (per 100,000)",2001–2005,5.7,,5.7902584,0.09025840759277326
Qld,0–24,"Age-specific rate (per 100,000)",2002–2006,5.4,,5.783371,0.38337097167968714
Qld,0–24,"Age-specific rate (per 100,000)",2003–2007,5.3,,5.008725,0.29127483367919904
Qld,0–24,"Age-specific rate (per 100,000)",2004–2008,5.4,,4.7410765,0.6589235305786136
Qld,0–24,"Age-specific rate (per 100,000)",2005–2009,5.3,,4.6815696,0.6184304237365721
Qld,0–24,"Age-specific rate (per 100,000)",2006–2010,5.4,,4.8387523,0.5612477302551273
Qld,0–24,"Age-specific rate (per 100,000)",2007–2011,5.5,,4.8460407,0.6539592742919922
Qld,0–24,"Age-specific rate (per 100,000)",2008–2012,5.5,,5.228973,0.2710270881652832
Qld,0–24,"Age-specific rate (per 100,000)",2009–2013,5.8,,6.372157,0.5721570968627931
Qld,0–24,"Age-specific rate (per 100,000)",2010–2014,6.0,,5.4740105,0.5259895324707031
Qld,0–24,"Age-specific rate (per 100,000)",2011–2015,6.3,,6.3534784,0.053478431701660334
Qld,0–24,"Age-specific rate (per 100,000)",2012–2016,6.4,,5.6621842,0.7378157615661625
Qld,0–24,"Age-specific rate (per 100,000)",2013–2017,6.7,,6.216049,0.4839508056640627
Qld,0–24,"Age-specific rate (per 100,000)",2014–2018,7.1,,6.814639,0.2853609085083004
Qld,0–24,"Age-specific rate (per 100,000)",2015–2019,7.4,,6.4483123,0.9516877174377445
Qld,0–24,"Age-specific rate (per 100,000)",2016–2020,7.5,,6.54309,0.9569101333618164
Qld,0–24,"Age-specific rate (per 100,000)",2017–2021,7.6,,7.5565886,0.043411350250243785
Qld,0–24,"Age-specific rate (per 100,000)",2018–2022,7.3,,6.0901127,1.2098873138427733
Qld,0–24,"Age-specific rate (per 100,000)",2019–2023,6.9,,6.4152193,0.4847806930541996
Qld,0–24,"Age-specific rate (per 100,000)",2020–2024,6.3,,6.582797,0.2827970504760744
Qld,5–24,"Age-specific rate (per 100,000)",2001–2005,7.0,,7.784584,0.7845840454101562
Qld,5–24,"Age-specific rate (per 100,000)",2002–2006,6.7,,6.8477364,0.14773635864257795
Qld,5–24,"Age-specific rate (per 100,000)",2003–2007,6.5,,6.2929068,0.2070932388305664
Qld,5–24,"Age-specific rate (per 100,000)",2004–2008,6.6,,5.8983536,0.7016464233398434
Qld,5–24,"Age-specific rate (per 100,000)",2005–2009,6.6,,6.140527,0.4594732284545895
Qld,5–24,"Age-specific rate (per 100,000)",2006–2010,6.8,,6.2491784,0.5508215904235838
Qld,5–24,"Age-specific rate (per 100,000)",2007–2011,6.9,,6.6814694,0.21853055953979528
Qld,5–24,"Age-specific rate (per 100,000)",2008–2012,6.9,,6.840471,0.059529209136963246
Qld,5–24,"Age-specific rate (per 100,000)",2009–2013,7.2,,6.928178,0.27182216644287127
Qld,5–24,"Age-specific rate (per 100,000)",2010–2014,7.5,,6.946837,0.5531630516052246
Qld,5–24,"Age-specific rate (per 100,000)",2011–2015,7.9,,8.14811,0.2481103897094723
Qld,5–24,"Age-specific rate (per 100,000)",2012–2016,8.1,,8.098477,0.0015226364135738635
Qld,5–24,"Age-specific rate (per 100,000)",2013–2017,8.4,,8.313828,0.08617153167724645
Qld,5–24,"Age-specific rate (per 100,000)",2014–2018,8.8,,8.6009,0.19910030364990305
Qld,5–24,"Age-specific rate (per 100,000)",2015–2019,9.2,,8.117295,1.0827047348022454
Qld,5–24,"Age-specific rate (per 100,000)",2016–2020,9.3,,8.761729,0.5382707595825202
Qld,5–24,"Age-specific rate (per 100,000)",2017–2021,9.4,,9.379575,0.020425224304199574
Qld,5–24,"Age-specific rate (per 100,000)",2018–2022,9.0,,9.417178,0.4171781539916992
Qld,5–24,"Age-specific rate (per 100,000)",2019–2023,8.5,,8.085904,0.4140958786010742
Qld,5–24,"Age-specific rate (per 100,000)",2020–2024,7.7,,7.728094,0.02809410095214826
Qld,15–24,"Age-specific rate (per 100,000)",2001–2005,13.5,,13.666984,0.16698360443115234
Qld,15–24,"Age-specific rate (per 100,000)",2002–2006,12.8,,12.714719,0.08528118133544993
Qld,15–24,"Age-specific rate (per 100,000)",2003–2007,12.3,,12.828702,0.5287019729614251
Qld,15–24,"Age-specific rate (per 100,000)",2004–2008,12.6,,11.772956,0.8270441055297848
Qld,15–24,"Age-specific rate (per 100,000)",2005–2009,12.6,,12.166116,0.433884239196777
Qld,15–24,"Age-specific rate (per 100,000)",2006–2010,12.8,,12.361975,0.4380252838134773
Qld,15–24,"Age-specific rate (per 100,000)",2007–2011,12.9,,12.166997,0.7330030441284183
Qld,15–24,"Age-specific rate (per 100,000)",2008–2012,12.8,,11.224704,1.5752962112426765
Qld,15–24,"Age-specific rate (per 100,000)",2009–2013,13.2,,13.063985,0.13601512908935476
Qld,15–24,"Age-specific rate (per 100,000)",2010–2014,13.5,,13.8873625,0.3873624801635742
Qld,15–24,"Age-specific rate (per 100,000)",2011–2015,14.5,,14.587434,0.0874338150024414
Qld,15–24,"Age-specific rate (per 100,000)",2012–2016,14.8,,15.324267,0.524267387390136
Qld,15–24,"Age-specific rate (per 100,000)",2013–2017,15.7,,16.123363,0.4233634948730476
Qld,15–24,"Age-specific rate (per 100,000)",2014–2018,16.7,,15.66134,1.0386602401733391
Qld,15–24,"Age-specific rate (per 100,000)",2015–2019,17.6,,16.244095,1.355905151367189
Qld,15–24,"Age-specific rate (per 100,000)",2016–2020,17.8,,15.848744,1.9512556076049812
Qld,15–24,"Age-specific rate (per 100,000)",2017–2021,18.0,,15.9585285,2.041471481323242
Qld,15–24,"Age-specific rate (per 100,000)",2018–2022,17.5,,16.72863,0.7713699340820312
Qld,15–24,"Age-specific rate (per 100,000)",2019–2023,16.3,,14.419419,1.8805807113647468
Qld,15–24,"Age-specific rate (per 100,000)",2020–2024,14.7,,13.884699,0.8153011322021477
Qld,25–34,"Age-specific rate (per 100,000)",2001–2005,20.8,,19.673672,1.1263282775878913
Qld,25–34,"Age-specific rate (per 100,000)",2002–2006,19.1,,20.561508,1.461508178710936
Qld,25–34,"Age-specific rate (per 100,000)",2003–2007,17.9,,19.14645,1.2464500427246108
Qld,25–34,"Age-specific rate (per 100,000)",2004–2008,17.4,,18.252583,0.8525825500488295
Qld,25–34,"Age-specific rate (per 100,000)",2005–2009,16.9,,17.97018,1.0701805114746108
Qld,25–34,"Age-specific rate (per 100,000)",2006–2010,16.6,,17.694986,1.0949863433837876
Qld,25–34,"Age-specific rate (per 100,000)",2007–2011,17.1,,17.712612,0.612612152099608
Qld,25–34,"Age-specific rate (per 100,000)",2008–2012,17.0,,17.971886,0.9718856811523438
Qld,25–34,"Age-specific rate (per 100,000)",2009–2013,16.6,,17.440678,0.8406776428222642
Qld,25–34,"Age-specific rate (per 100,000)",2010–2014,16.7,,17.96251,1.2625091552734382
Qld,25–34,"Age-specific rate (per 100,000)",2011–2015,17.0,,16.973656,0.02634429931640625
Qld,25–34,"Age-specific rate (per 100,000)",2012–2016,17.7,,18.456705,0.7567050933837898
Qld,25–34,"Age-specific rate (per 100,000)",2013–2017,18.5,,19.314808,0.8148078918457031
Qld,25–34,"Age-specific rate (per 100,000)",2014–2018,19.5,,18.824581,0.6754188537597656
Qld,25–34,"Age-specific rate (per 100,000)",2015–2019,19.7,,18.980366,0.7196342468261712
Qld,25–34,"Age-specific rate (per 100,000)",2016–2020,19.6,,19.32679,0.27321014404297017
Qld,25–34,"Age-specific rate (per 100,000)",2017–2021,19.5,,19.220306,0.279693603515625
Qld,25–34,"Age-specific rate (per 100,000)",2018–2022,19.3,,18.839052,0.4609477996826179
Qld,25–34,"Age-specific rate (per 100,000)",2019–2023,19.6,,19.929974,0.32997360229492045
Qld,25–34,"Age-specific rate (per 100,000)",2020–2024,19.5,,19.319117,0.18088340759277344
Qld,35–44,"Age-specific rate (per 100,000)",2001–2005,19.9,,20.86287,0.9628692626953139
Qld,35–44,"Age-specific rate (per 100,000)",2002–2006,19.7,,20.129568,0.42956809997558665
Qld,35–44,"Age-specific rate (per 100,000)",2003–2007,18.9,,18.570587,0.3294128417968736
Qld,35–44,"Age-specific rate (per 100,000)",2004–2008,19.3,,18.809252,0.4907482147216804
Qld,35–44,"Age-specific rate (per 100,000)",2005–2009,19.2,,19.068283,0.1317169189453118
Qld,35–44,"Age-specific rate (per 100,000)",2006–2010,19.4,,20.821198,1.4211975097656264
Qld,35–44,"Age-specific rate (per 100,000)",2007–2011,19.6,,19.700123,0.1001228332519517
Qld,35–44,"Age-specific rate (per 100,000)",2008–2012,20.2,,20.619034,0.4190338134765632
Qld,35–44,"Age-specific rate (per 100,000)",2009–2013,20.9,,20.432743,0.46725692749023295
Qld,35–44,"Age-specific rate (per 100,000)",2010–2014,21.3,,22.246805,0.9468051910400384
Qld,35–44,"Age-specific rate (per 100,000)",2011–2015,22.5,,22.244205,0.2557945251464844
Qld,35–44,"Age-specific rate (per 100,000)",2012–2016,22.8,,21.924156,0.875843811035157
Qld,35–44,"Age-specific rate (per 100,000)",2013–2017,23.3,,22.602507,0.6974933624267585
Qld,35–44,"Age-specific rate (per 100,000)",2014–2018,23.2,,22.98583,0.21416969299316335
Qld,35–44,"Age-specific rate (per 100,000)",2015–2019,24.1,,22.159756,1.940244293212892
Qld,35–44,"Age-specific rate (per 100,000)",2016–2020,23.5,,22.733023,0.7669773101806641
Qld,35–44,"Age-specific rate (per 100,000)",2017–2021,23.2,,22.505516,0.6944839477539055
Qld,35–44,"Age-specific rate (per 100,000)",2018–2022,22.3,,22.462933,0.16293258666992116
Qld,35–44,"Age-specific rate (per 100,000)",2019–2023,21.3,,22.078632,0.7786323547363274
Qld,35–44,"Age-specific rate (per 100,000)",2020–2024,20.6,,21.325842,0.725841903686522
Qld,45–54,"Age-specific rate (per 100,000)",2001–2005,15.3,,18.20107,2.9010707855224602
Qld,45–54,"Age-specific rate (per 100,000)",2002–2006,15.3,,16.871561,1.5715610504150384
Qld,45–54,"Age-specific rate (per 100,000)",2003–2007,15.6,,16.17907,0.5790695190429691
Qld,45–54,"Age-specific rate (per 100,000)",2004–2008,16.0,,16.108164,0.10816383361816406
Qld,45–54,"Age-specific rate (per 100,000)",2005–2009,16.9,,16.551434,0.3485664367675767
Qld,45–54,"Age-specific rate (per 100,000)",2006–2010,17.5,,16.872425,0.6275749206542969
Qld,45–54,"Age-specific rate (per 100,000)",2007–2011,17.5,,17.035793,0.4642066955566406
Qld,45–54,"Age-specific rate (per 100,000)",2008–2012,18.0,,17.189337,0.8106632232666016
Qld,45–54,"Age-specific rate (per 100,000)",2009–2013,18.7,,18.687927,0.01207275390624929
Qld,45–54,"Age-specific rate (per 100,000)",2010–2014,19.5,,18.887442,0.6125583648681641
Qld,45–54,"Age-specific rate (per 100,000)",2011–2015,20.2,,19.91152,0.28847999572753835
Qld,45–54,"Age-specific rate (per 100,000)",2012–2016,20.2,,20.13263,0.06737060546874929
Qld,45–54,"Age-specific rate (per 100,000)",2013–2017,21.9,,21.145254,0.7547458648681626
Qld,45–54,"Age-specific rate (per 100,000)",2014–2018,22.3,,21.33842,0.9615791320800788
Qld,45–54,"Age-specific rate (per 100,000)",2015–2019,22.1,,21.872211,0.2277885437011733
Qld,45–54,"Age-specific rate (per 100,000)",2016–2020,21.4,,20.520203,0.8797973632812486
Qld,45–54,"Age-specific rate (per 100,000)",2017–2021,22.2,,20.696238,1.5037624359130852
Qld,45–54,"Age-specific rate (per 100,000)",2018–2022,22.0,,21.364876,0.6351242065429688
Qld,45–54,"Age-specific rate (per 100,000)",2019–2023,21.8,,21.330318,0.46968154907226634
Qld,45–54,"Age-specific rate (per 100,000)",2020–2024,22.1,,19.867474,2.2325263977050795
Qld,55–64,"Age-specific rate (per 100,000)",2001–2005,12.3,,14.245471,1.945471000671386
Qld,55–64,"Age-specific rate (per 100,000)",2002–2006,12.2,,12.837008,0.6370084762573249
Qld,55–64,"Age-specific rate (per 100,000)",2003–2007,11.6,,12.053172,0.4531721115112308
Qld,55–64,"Age-specific rate (per 100,000)",2004–2008,12.3,,12.141327,0.1586730957031257
Qld,55–64,"Age-specific rate (per 100,000)",2005–2009,12.9,,12.913058,0.013058280944823863
Qld,55–64,"Age-specific rate (per 100,000)",2006–2010,14.0,,14.708825,0.7088251113891602
Qld,55–64,"Age-specific rate (per 100,000)",2007–2011,14.2,,13.890607,0.309393119812011
Qld,55–64,"Age-specific rate (per 100,000)",2008–2012,14.8,,14.046065,0.7539346694946296
Qld,55–64,"Age-specific rate (per 100,000)",2009–2013,15.1,,14.866435,0.23356494903564418
Qld,55–64,"Age-specific rate (per 100,000)",2010–2014,15.7,,15.773261,0.07326107025146555
Qld,55–64,"Age-specific rate (per 100,000)",2011–2015,15.9,,16.451628,0.5516277313232418
Qld,55–64,"Age-specific rate (per 100,000)",2012–2016,16.6,,16.282734,0.3172660827636733
Qld,55–64,"Age-specific rate (per 100,000)",2013–2017,17.6,,17.980755,0.38075485229492045
Qld,55–64,"Age-specific rate (per 100,000)",2014–2018,18.8,,17.935673,0.8643272399902351
Qld,55–64,"Age-specific rate (per 100,000)",2015–2019,19.4,,18.01016,1.3898395538330064
Qld,55–64,"Age-specific rate (per 100,000)",2016–2020,18.9,,17.509842,1.390158081054686
Qld,55–64,"Age-specific rate (per 100,000)",2017–2021,19.2,,18.166641,1.0333587646484368
Qld,55–64,"Age-specific rate (per 100,000)",2018–2022,18.5,,18.261446,0.2385540008544922
Qld,55–64,"Age-specific rate (per 100,000)",2019–2023,17.6,,17.383526,0.21647415161132955
Qld,55–64,"Age-specific rate (per 100,000)",2020–2024,17.2,,16.839334,0.3606655120849602
Qld,45–64,"Age-specific rate (per 100,000)",2001–2005,14.0,,16.817764,2.8177642822265625
Qld,45–64,"Age-specific rate (per 100,000)",2002–2006,13.9,,15.586568,1.6865678787231442
Qld,45–64,"Age-specific rate (per 100,000)",2003–2007,13.8,,15.012128,1.2121278762817376
Qld,45–64,"Age-specific rate (per 100,000)",2004–2008,14.3,,14.253057,0.04694347381591868
Qld,45–64,"Age-specific rate (per 100,000)",2005–2009,15.1,,14.81549,0.28451023101806605
Qld,45–64,"Age-specific rate (per 100,000)",2006–2010,16.0,,15.936639,0.06336116790771484
Qld,45–64,"Age-specific rate (per 100,000)",2007–2011,16.0,,15.819556,0.18044376373291016
Qld,45–64,"Age-specific rate (per 100,000)",2008–2012,16.5,,16.841202,0.3412017822265625
Qld,45–64,"Age-specific rate (per 100,000)",2009–2013,17.0,,17.649765,0.6497650146484375
Qld,45–64,"Age-specific rate (per 100,000)",2010–2014,17.7,,18.185177,0.4851768493652351
Qld,45–64,"Age-specific rate (per 100,000)",2011–2015,18.2,,18.821718,0.6217182159423835
Qld,45–64,"Age-specific rate (per 100,000)",2012–2016,18.5,,18.739882,0.2398815155029297
Qld,45–64,"Age-specific rate (per 100,000)",2013–2017,19.9,,20.679585,0.7795845031738295
Qld,45–64,"Age-specific rate (per 100,000)",2014–2018,20.7,,20.47065,0.22935028076171804
Qld,45–64,"Age-specific rate (per 100,000)",2015–2019,20.9,,20.404135,0.49586524963378764
Qld,45–64,"Age-specific rate (per 100,000)",2016–2020,20.2,,20.119858,0.08014221191406179
Qld,45–64,"Age-specific rate (per 100,000)",2017–2021,20.8,,19.608067,1.19193344116211
Qld,45–64,"Age-specific rate (per 100,000)",2018–2022,20.3,,20.471527,0.1715270996093743
Qld,45–64,"Age-specific rate (per 100,000)",2019–2023,19.8,,20.666956,0.8669559478759759
Qld,45–64,"Age-specific rate (per 100,000)",2020–2024,19.8,,19.452133,0.3478668212890632
Qld,65+,"Age-specific rate (per 100,000)",2001–2005,13.6,,14.345976,0.7459758758544925
Qld,65+,"Age-specific rate (per 100,000)",2002–2006,14.1,,14.102437,0.0024370193481448865
Qld,65+,"Age-specific rate (per 100,000)",2003–2007,13.9,,11.606189,2.2938112258911136
Qld,65+,"Age-specific rate (per 100,000)",2004–2008,14.2,,12.612442,1.5875579833984368
Qld,65+,"Age-specific rate (per 100,000)",2005–2009,13.6,,13.157927,0.44207344055175746
Qld,65+,"Age-specific rate (per 100,000)",2006–2010,14.0,,14.242753,0.2427530288696289
Qld,65+,"Age-specific rate (per 100,000)",2007–2011,13.4,,13.71041,0.310410118103027
Qld,65+,"Age-specific rate (per 100,000)",2008–2012,14.0,,13.457705,0.5422954559326172
Qld,65+,"Age-specific rate (per 100,000)",2009–2013,14.6,,14.91216,0.3121599197387699
Qld,65+,"Age-specific rate (per 100,000)",2010–2014,14.6,,13.998782,0.6012178421020504
Qld,65+,"Age-specific rate (per 100,000)",2011–2015,14.9,,14.746838,0.15316238403320348
Qld,65+,"Age-specific rate (per 100,000)",2012–2016,15.1,,14.9692545,0.13074550628662074
Qld,65+,"Age-specific rate (per 100,000)",2013–2017,14.8,,14.673465,0.1265352249145515
Qld,65+,"Age-specific rate (per 100,000)",2014–2018,14.2,,14.636289,0.4362886428833015
Qld,65+,"Age-specific rate (per 100,000)",2015–2019,14.3,,15.45499,1.15499038696289
Qld,65+,"Age-specific rate (per 100,000)",2016–2020,14.5,,15.497531,0.9975309371948242
Qld,65+,"Age-specific rate (per 100,000)",2017–2021,14.8,,15.408851,0.6088506698608391
Qld,65+,"Age-specific rate (per 100,000)",2018–2022,14.9,,15.457423,0.5574232101440426
Qld,65+,"Age-specific rate (per 100,000)",2019–2023,15.5,,15.082541,0.41745853424072266
Qld,65+,"Age-specific rate (per 100,000)",2020–2024,15.2,,13.947763,1.2522365570068352
Qld,65–74,"Age-specific rate (per 100,000)",2001–2005,12.7,,12.064446,0.6355535507202141
Qld,65–74,"Age-specific rate (per 100,000)",2002–2006,12.8,,12.266594,0.533406066894532
Qld,65–74,"Age-specific rate (per 100,000)",2003–2007,12.3,,10.282814,2.0171859741210945
Qld,65–74,"Age-specific rate (per 100,000)",2004–2008,12.8,,11.274857,1.5251434326171882
Qld,65–74,"Age-specific rate (per 100,000)",2005–2009,12.2,,11.849689,0.35031147003173757
Qld,65–74,"Age-specific rate (per 100,000)",2006–2010,12.7,,11.111501,1.5884992599487298
Qld,65–74,"Age-specific rate (per 100,000)",2007–2011,11.6,,11.435441,0.16455898284912074
Qld,65–74,"Age-specific rate (per 100,000)",2008–2012,12.2,,11.203122,0.9968778610229485
Qld,65–74,"Age-specific rate (per 100,000)",2009–2013,12.4,,12.620742,0.22074184417724574
Qld,65–74,"Age-specific rate (per 100,000)",2010–2014,12.9,,11.971215,0.9287847518920902
Qld,65–74,"Age-specific rate (per 100,000)",2011–2015,13.0,,13.528554,0.5285539627075195
Qld,65–74,"Age-specific rate (per 100,000)",2012–2016,13.2,,12.894649,0.3053514480590813
Qld,65–74,"Age-specific rate (per 100,000)",2013–2017,13.4,,12.769975,0.6300252914428714
Qld,65–74,"Age-specific rate (per 100,000)",2014–2018,13.0,,13.049833,0.04983329772949219
Qld,65–74,"Age-specific rate (per 100,000)",2015–2019,12.5,,12.888094,0.3880939483642578
Qld,65–74,"Age-specific rate (per 100,000)",2016–2020,12.7,,12.952671,0.25267105102539134
Qld,65–74,"Age-specific rate (per 100,000)",2017–2021,12.8,,13.280721,0.4807207107543938
Qld,65–74,"Age-specific rate (per 100,000)",2018–2022,12.5,,14.030686,1.530686378479004
Qld,65–74,"Age-specific rate (per 100,000)",2019–2023,13.0,,12.387797,0.6122026443481445
Qld,65–74,"Age-specific rate (per 100,000)",2020–2024,13.4,,12.676313,0.7236865997314457
Qld,75–84,"Age-specific rate (per 100,000)",2001–2005,14.4,,16.114017,1.7140174865722653
Qld,75–84,"Age-specific rate (per 100,000)",2002–2006,14.8,,14.1538725,0.6461275100708015
Qld,75–84,"Age-specific rate (per 100,000)",2003–2007,15.3,,15.900252,0.6002523422241204
Qld,75–84,"Age-specific rate (per 100,000)",2004–2008,15.0,,13.664594,1.3354063034057617
Qld,75–84,"Age-specific rate (per 100,000)",2005–2009,14.3,,13.796848,0.5031517028808601
Qld,75–84,"Age-specific rate (per 100,000)",2006–2010,15.1,,14.99372,0.1062799453735348
Qld,75–84,"Age-specific rate (per 100,000)",2007–2011,14.5,,16.158146,1.6581459045410156
Qld,75–84,"Age-specific rate (per 100,000)",2008–2012,15.0,,15.816417,0.8164167404174805
Qld,75–84,"Age-specific rate (per 100,000)",2009–2013,16.1,,17.097351,0.9973510742187486
Qld,75–84,"Age-specific rate (per 100,000)",2010–2014,16.3,,17.060833,0.7608329772949212
Qld,75–84,"Age-specific rate (per 100,000)",2011–2015,16.8,,16.83953,0.03953094482421804
Qld,75–84,"Age-specific rate (per 100,000)",2012–2016,17.8,,16.312275,1.4877250671386726
Qld,75–84,"Age-specific rate (per 100,000)",2013–2017,16.4,,17.100168,0.7001682281494155
Qld,75–84,"Age-specific rate (per 100,000)",2014–2018,16.7,,17.495655,0.7956550598144538
Qld,75–84,"Age-specific rate (per 100,000)",2015–2019,17.0,,17.425224,0.42522430419921875
Qld,75–84,"Age-specific rate (per 100,000)",2016–2020,16.7,,17.623875,0.9238746643066413
Qld,75–84,"Age-specific rate (per 100,000)",2017–2021,16.6,,16.980421,0.38042106628417827
Qld,75–84,"Age-specific rate (per 100,000)",2018–2022,17.8,,16.1874,1.612599182128907
Qld,75–84,"Age-specific rate (per 100,000)",2019–2023,17.6,,16.199165,1.4008346557617202
Qld,75–84,"Age-specific rate (per 100,000)",2020–2024,16.2,,13.705575,2.4944250106811516
Qld,85+,"Age-specific rate (per 100,000)",2001–2005,15.9,,18.300076,2.400075531005859
Qld,85+,"Age-specific rate (per 100,000)",2002–2006,18.2,,18.275352,0.07535247802734446
Qld,85+,"Age-specific rate (per 100,000)",2003–2007,17.5,,19.772,2.2719993591308594
Qld,85+,"Age-specific rate (per 100,000)",2004–2008,18.2,,15.639316,2.560684394836425
Qld,85+,"Age-specific rate (per 100,000)",2005–2009,17.9,,17.694546,0.2054542541503892
Qld,85+,"Age-specific rate (per 100,000)",2006–2010,17.2,,16.716608,0.4833919525146477
Qld,85+,"Age-specific rate (per 100,000)",2007–2011,19.0,,17.549728,1.4502716064453125
Qld,85+,"Age-specific rate (per 100,000)",2008–2012,20.0,,17.543274,2.45672607421875
Qld,85+,"Age-specific rate (per 100,000)",2009–2013,21.5,,18.996075,2.503925323486328
Qld,85+,"Age-specific rate (per 100,000)",2010–2014,18.4,,17.369225,1.0307754516601548
Qld,85+,"Age-specific rate (per 100,000)",2011–2015,19.2,,19.751255,0.5512550354003913
Qld,85+,"Age-specific rate (per 100,000)",2012–2016,17.7,,19.873028,2.1730278015136726
Qld,85+,"Age-specific rate (per 100,000)",2013–2017,17.6,,19.391136,1.7911361694335923
Qld,85+,"Age-specific rate (per 100,000)",2014–2018,14.4,,21.507605,7.107604598999023
Qld,85+,"Age-specific rate (per 100,000)",2015–2019,17.1,,20.527983,3.4279827117919908
Qld,85+,"Age-specific rate (per 100,000)",2016–2020,18.2,,19.909374,1.7093742370605476
Qld,85+,"Age-specific rate (per 100,000)",2017–2021,19.8,,21.57571,1.7757102966308587
Qld,85+,"Age-specific rate (per 100,000)",2018–2022,19.4,,21.977715,2.57771453857422
Qld,85+,"Age-specific rate (per 100,000)",2019–2023,22.7,,19.658815,3.0411846160888665
Qld,85+,"Age-specific rate (per 100,000)",2020–2024,21.9,,17.957035,3.942964935302733
Qld,Total,"Age-specific rate (per 100,000)",2001–2005,12.9,,13.706042,0.8060422897338864
Qld,Total,"Age-specific rate (per 100,000)",2002–2006,12.6,,13.913417,1.3134168624877933
Qld,Total,"Age-specific rate (per 100,000)",2003–2007,12.2,,12.114034,0.08596630096435476
Qld,Total,"Age-specific rate (per 100,000)",2004–2008,12.4,,12.638282,0.2382818222045895
Qld,Total,"Age-specific rate (per 100,000)",2005–2009,12.4,,12.647155,0.24715480804443324
Qld,Total,"Age-specific rate (per 100,000)",2006–2010,12.7,,12.99091,0.29090957641601634
Qld,Total,"Age-specific rate (per 100,000)",2007–2011,12.8,,12.9481325,0.14813251495361257
Qld,Total,"Age-specific rate (per 100,000)",2008–2012,13.1,,12.764781,0.3352190017700192
Qld,Total,"Age-specific rate (per 100,000)",2009–2013,13.4,,13.583346,0.18334636688232386
Qld,Total,"Age-specific rate (per 100,000)",2010–2014,13.7,,13.706004,0.006004142761231179
Qld,Total,"Age-specific rate (per 100,000)",2011–2015,14.2,,13.133033,1.0669672012329094
Qld,Total,"Age-specific rate (per 100,000)",2012–2016,14.5,,13.520895,0.9791049957275391
Qld,Total,"Age-specific rate (per 100,000)",2013–2017,15.1,,14.684117,0.4158826828002926
Qld,Total,"Age-specific rate (per 100,000)",2014–2018,15.4,,15.188198,0.21180191040039098
Qld,Total,"Age-specific rate (per 100,000)",2015–2019,15.7,,14.816016,0.8839838027954094
Qld,Total,"Age-specific rate (per 100,000)",2016–2020,15.5,,14.828053,0.6719465255737305
Qld,Total,"Age-specific rate (per 100,000)",2017–2021,15.7,,14.96099,0.739010047912597
Qld,Total,"Age-specific rate (per 100,000)",2018–2022,15.4,,15.017867,0.38213291168212926
Qld,Total,"Age-specific rate (per 100,000)",2019–2023,15.2,,15.42018,0.2201803207397468
Qld,Total,"Age-specific rate (per 100,000)",2020–2024,14.9,,14.950933,0.05093345642089808
WA,0–14,"Age-specific rate (per 100,000)",2001–2005,0.2,,0.32957602,0.1295760154724121
WA,0–14,"Age-specific rate (per 100,000)",2004–2008,0.2,,0.27457097,0.0745709717273712
WA,0–14,"Age-specific rate (per 100,000)",2007–2011,0.2,,0.2814617,0.08146168589591979
WA,0–14,"Age-specific rate (per 100,000)",2008–2012,0.3,,0.5604899,0.26048989295959474
WA,0–14,"Age-specific rate (per 100,000)",2009–2013,0.3,,0.7201955,0.420195472240448
WA,0–14,"Age-specific rate (per 100,000)",2010–2014,0.6,,0.54179347,0.05820653438568113
WA,0–14,"Age-specific rate (per 100,000)",2011–2015,0.6,,0.76223385,0.16223385334014895
WA,0–14,"Age-specific rate (per 100,000)",2012–2016,0.5,,1.2045491,0.7045490741729736
WA,0–14,"Age-specific rate (per 100,000)",2013–2017,0.6,,0.65398616,0.05398615598678591
WA,0–14,"Age-specific rate (per 100,000)",2014–2018,0.6,,0.9999954,0.3999954104423523
WA,0–14,"Age-specific rate (per 100,000)",2015–2019,0.5,,0.81063867,0.3106386661529541
WA,0–14,"Age-specific rate (per 100,000)",2016–2020,0.5,,0.6612738,0.1612737774848938
WA,0–14,"Age-specific rate (per 100,000)",2017–2021,0.7,,0.86812675,0.16812674999237065
WA,0–14,"Age-specific rate (per 100,000)",2018–2022,0.6,,0.6696869,0.06968691349029543
WA,0–14,"Age-specific rate (per 100,000)",2019–2023,0.7,,0.72276974,0.022769737243652388
WA,0–14,"Age-specific rate (per 100,000)",2020–2024,0.6,,0.91136414,0.3113641381263733
WA,5–14,"Age-specific rate (per 100,000)",2001–2005,0.4,,0.61109227,0.21109226942062376
WA,5–14,"Age-specific rate (per 100,000)",2004–2008,0.4,,0.63836974,0.23836973905563352
WA,5–14,"Age-specific rate (per 100,000)",2007–2011,0.3,,0.6770834,0.3770833730697632
WA,5–14,"Age-specific rate (per 100,000)",2008–2012,0.5,,0.6696521,0.16965210437774658
WA,5–14,"Age-specific rate (per 100,000)",2009–2013,0.5,,0.59865195,0.0986519455909729
WA,5–14,"Age-specific rate (per 100,000)",2010–2014,0.9,,0.6838993,0.21610071659088137
WA,5–14,"Age-specific rate (per 100,000)",2011–2015,0.9,,0.65344244,0.24655755758285525
WA,5–14,"Age-specific rate (per 100,000)",2012–2016,0.8,,0.6649056,0.13509439229965214
WA,5–14,"Age-specific rate (per 100,000)",2013–2017,0.9,,0.6361323,0.2638677000999451
WA,5–14,"Age-specific rate (per 100,000)",2014–2018,0.9,,0.70777005,0.19222995042800906
WA,5–14,"Age-specific rate (per 100,000)",2015–2019,0.7,,0.6451362,0.054863822460174516
WA,5–14,"Age-specific rate (per 100,000)",2016–2020,0.8,,0.6594531,0.14054690599441533
WA,5–14,"Age-specific rate (per 100,000)",2017–2021,1.1,,0.6228537,0.47714630365371713
WA,5–14,"Age-specific rate (per 100,000)",2018–2022,1.0,,0.616364,0.3836359977722168
WA,5–14,"Age-specific rate (per 100,000)",2019–2023,1.1,,0.6857107,0.41428927183151254
WA,5–14,"Age-specific rate (per 100,000)",2020–2024,0.9,,0.6544898,0.24551018476486208
WA,0–24,"Age-specific rate (per 100,000)",2001–2005,5.5,,6.0622687,0.5622687339782715
WA,0–24,"Age-specific rate (per 100,000)",2002–2006,5.4,,4.7201395,0.6798604965209964
WA,0–24,"Age-specific rate (per 100,000)",2003–2007,5.3,,4.904217,0.39578323364257795
WA,0–24,"Age-specific rate (per 100,000)",2004–2008,5.4,,4.7760725,0.6239274978637699
WA,0–24,"Age-specific rate (per 100,000)",2005–2009,5.9,,4.8822255,1.0177744865417484
WA,0–24,"Age-specific rate (per 100,000)",2006–2010,5.9,,4.8504295,1.049570465087891
WA,0–24,"Age-specific rate (per 100,000)",2007–2011,6.1,,5.9302487,0.16975126266479457
WA,0–24,"Age-specific rate (per 100,000)",2008–2012,6.3,,5.515199,0.7848008155822752
WA,0–24,"Age-specific rate (per 100,000)",2009–2013,6.4,,6.3481493,0.051850700378418324
WA,0–24,"Age-specific rate (per 100,000)",2010–2014,6.5,,5.581708,0.9182920455932617
WA,0–24,"Age-specific rate (per 100,000)",2011–2015,6.9,,7.6845055,0.784505462646484
WA,0–24,"Age-specific rate (per 100,000)",2012–2016,6.9,,7.0426774,0.14267740249633754
WA,0–24,"Age-specific rate (per 100,000)",2013–2017,6.8,,7.205389,0.4053890228271486
WA,0–24,"Age-specific rate (per 100,000)",2014–2018,6.7,,7.302638,0.6026380538940428
WA,0–24,"Age-specific rate (per 100,000)",2015–2019,6.6,,7.3722835,0.7722834587097172
WA,0–24,"Age-specific rate (per 100,000)",2016–2020,6.6,,7.1120467,0.5120467185974125
WA,0–24,"Age-specific rate (per 100,000)",2017–2021,6.5,,7.6431518,1.1431517601013184
WA,0–24,"Age-specific rate (per 100,000)",2018–2022,6.1,,6.3639,0.263900184631348
WA,0–24,"Age-specific rate (per 100,000)",2019–2023,6.2,,6.5759478,0.37594776153564435
WA,0–24,"Age-specific rate (per 100,000)",2020–2024,5.8,,5.918724,0.11872406005859393
WA,5–24,"Age-specific rate (per 100,000)",2001–2005,6.8,,7.7009697,0.900969696044922
WA,5–24,"Age-specific rate (per 100,000)",2002–2006,6.6,,6.8903656,0.29036560058593786
WA,5–24,"Age-specific rate (per 100,000)",2003–2007,6.5,,6.402341,0.09765911102294922
WA,5–24,"Age-specific rate (per 100,000)",2004–2008,6.6,,6.5720654,0.027934646606444957
WA,5–24,"Age-specific rate (per 100,000)",2005–2009,7.2,,6.3977914,0.8022086143493654
WA,5–24,"Age-specific rate (per 100,000)",2006–2010,7.3,,6.6848145,0.6151855468749998
WA,5–24,"Age-specific rate (per 100,000)",2007–2011,7.6,,7.416191,0.1838088989257809
WA,5–24,"Age-specific rate (per 100,000)",2008–2012,7.9,,7.0406504,0.859349632263184
WA,5–24,"Age-specific rate (per 100,000)",2009–2013,8.0,,7.2859154,0.7140846252441406
WA,5–24,"Age-specific rate (per 100,000)",2010–2014,8.2,,7.1847906,1.0152093887329094
WA,5–24,"Age-specific rate (per 100,000)",2011–2015,8.7,,9.560817,0.8608167648315437
WA,5–24,"Age-specific rate (per 100,000)",2012–2016,8.7,,8.806441,0.1064413070678718
WA,5–24,"Age-specific rate (per 100,000)",2013–2017,8.6,,8.736423,0.13642253875732457
WA,5–24,"Age-specific rate (per 100,000)",2014–2018,8.5,,9.577622,1.077622413635254
WA,5–24,"Age-specific rate (per 100,000)",2015–2019,8.3,,8.474725,0.17472476959228445
WA,5–24,"Age-specific rate (per 100,000)",2016–2020,8.3,,8.710917,0.41091747283935476
WA,5–24,"Age-specific rate (per 100,000)",2017–2021,8.1,,9.174708,1.0747083663940433
WA,5–24,"Age-specific rate (per 100,000)",2018–2022,7.6,,8.561183,0.9611829757690433
WA,5–24,"Age-specific rate (per 100,000)",2019–2023,7.7,,7.9314313,0.23143129348754865
WA,5–24,"Age-specific rate (per 100,000)",2020–2024,7.2,,6.958733,0.24126691818237322
WA,15–24,"Age-specific rate (per 100,000)",2001–2005,13.1,,13.734904,0.6349042892456058
WA,15–24,"Age-specific rate (per 100,000)",2002–2006,12.7,,13.327696,0.6276958465576179
WA,15–24,"Age-specific rate (per 100,000)",2003–2007,12.4,,13.376721,0.9767213821411129
WA,15–24,"Age-specific rate (per 100,000)",2004–2008,12.5,,11.885013,0.6149873733520508
WA,15–24,"Age-specific rate (per 100,000)",2005–2009,13.7,,12.365232,1.334767532348632
WA,15–24,"Age-specific rate (per 100,000)",2006–2010,13.7,,11.790871,1.909129333496093
WA,15–24,"Age-specific rate (per 100,000)",2007–2011,14.0,,12.376983,1.6230173110961914
WA,15–24,"Age-specific rate (per 100,000)",2008–2012,14.5,,11.1020975,3.397902488708496
WA,15–24,"Age-specific rate (per 100,000)",2009–2013,14.7,,12.79806,1.9019395828247063
WA,15–24,"Age-specific rate (per 100,000)",2010–2014,14.8,,13.265811,1.5341890335083015
WA,15–24,"Age-specific rate (per 100,000)",2011–2015,15.8,,14.585225,1.2147748947143562
WA,15–24,"Age-specific rate (per 100,000)",2012–2016,16.0,,14.892156,1.107844352722168
WA,15–24,"Age-specific rate (per 100,000)",2013–2017,15.9,,15.332643,0.567357444763184
WA,15–24,"Age-specific rate (per 100,000)",2014–2018,16.0,,15.112233,0.8877668380737305
WA,15–24,"Age-specific rate (per 100,000)",2015–2019,16.0,,14.988225,1.011775016784668
WA,15–24,"Age-specific rate (per 100,000)",2016–2020,16.2,,15.149966,1.0500337600708
WA,15–24,"Age-specific rate (per 100,000)",2017–2021,15.6,,15.268599,0.33140144348144496
WA,15–24,"Age-specific rate (per 100,000)",2018–2022,14.8,,15.277592,0.4775917053222649
WA,15–24,"Age-specific rate (per 100,000)",2019–2023,15.0,,12.847308,2.1526918411254883
WA,15–24,"Age-specific rate (per 100,000)",2020–2024,14.1,,12.446113,1.6538873672485348
WA,25–34,"Age-specific rate (per 100,000)",2001–2005,20.1,,20.066633,0.033366775512696734
WA,25–34,"Age-specific rate (per 100,000)",2002–2006,18.3,,20.333447,2.033446502685546
WA,25–34,"Age-specific rate (per 100,000)",2003–2007,17.5,,19.354326,1.8543262481689453
WA,25–34,"Age-specific rate (per 100,000)",2004–2008,18.2,,18.89507,0.6950691223144538
WA,25–34,"Age-specific rate (per 100,000)",2005–2009,18.5,,18.76293,0.26292991638183594
WA,25–34,"Age-specific rate (per 100,000)",2006–2010,18.4,,18.686863,0.28686294555664205
WA,25–34,"Age-specific rate (per 100,000)",2007–2011,17.9,,18.933666,1.0336662292480483
WA,25–34,"Age-specific rate (per 100,000)",2008–2012,17.9,,19.252901,1.3529010772705092
WA,25–34,"Age-specific rate (per 100,000)",2009–2013,17.0,,18.742561,1.7425613403320312
WA,25–34,"Age-specific rate (per 100,000)",2010–2014,17.1,,19.427475,2.327474975585936
WA,25–34,"Age-specific rate (per 100,000)",2011–2015,17.5,,18.738781,1.2387809753417969
WA,25–34,"Age-specific rate (per 100,000)",2012–2016,18.8,,20.29937,1.499369812011718
WA,25–34,"Age-specific rate (per 100,000)",2013–2017,19.7,,20.32838,0.6283805847167976
WA,25–34,"Age-specific rate (per 100,000)",2014–2018,20.7,,20.679585,0.020415496826171164
WA,25–34,"Age-specific rate (per 100,000)",2015–2019,22.0,,20.748096,1.2519035339355469
WA,25–34,"Age-specific rate (per 100,000)",2016–2020,22.6,,20.514824,2.0851760864257827
WA,25–34,"Age-specific rate (per 100,000)",2017–2021,21.8,,20.516178,1.283821868896485
WA,25–34,"Age-specific rate (per 100,000)",2018–2022,21.4,,19.32008,2.0799201965332017
WA,25–34,"Age-specific rate (per 100,000)",2019–2023,22.0,,20.968014,1.0319862365722656
WA,25–34,"Age-specific rate (per 100,000)",2020–2024,21.4,,19.239521,2.1604789733886705
WA,35–44,"Age-specific rate (per 100,000)",2001–2005,16.9,,19.09878,2.198779678344728
WA,35–44,"Age-specific rate (per 100,000)",2002–2006,15.9,,17.129122,1.2291217803955075
WA,35–44,"Age-specific rate (per 100,000)",2003–2007,15.8,,18.313963,2.5139629364013665
WA,35–44,"Age-specific rate (per 100,000)",2004–2008,16.6,,17.479866,0.8798660278320298
WA,35–44,"Age-specific rate (per 100,000)",2005–2009,17.0,,17.590477,0.5904769897460938
WA,35–44,"Age-specific rate (per 100,000)",2006–2010,18.8,,20.40847,1.608470153808593
WA,35–44,"Age-specific rate (per 100,000)",2007–2011,19.0,,19.52988,0.5298805236816406
WA,35–44,"Age-specific rate (per 100,000)",2008–2012,20.4,,19.890024,0.5099758148193345
WA,35–44,"Age-specific rate (per 100,000)",2009–2013,20.6,,19.771376,0.8286243438720717
WA,35–44,"Age-specific rate (per 100,000)",2010–2014,21.5,,20.893467,0.6065330505371094
WA,35–44,"Age-specific rate (per 100,000)",2011–2015,20.7,,21.513206,0.8132064819335945
WA,35–44,"Age-specific rate (per 100,000)",2012–2016,20.8,,21.68665,0.8866493225097649
WA,35–44,"Age-specific rate (per 100,000)",2013–2017,21.7,,21.890587,0.19058685302734446
WA,35–44,"Age-specific rate (per 100,000)",2014–2018,21.1,,22.097954,0.9979537963867173
WA,35–44,"Age-specific rate (per 100,000)",2015–2019,21.4,,21.96935,0.5693508148193374
WA,35–44,"Age-specific rate (per 100,000)",2016–2020,20.8,,21.849508,1.0495082855224602
WA,35–44,"Age-specific rate (per 100,000)",2017–2021,21.3,,21.176487,0.12351303100586009
WA,35–44,"Age-specific rate (per 100,000)",2018–2022,20.0,,21.518654,1.5186538696289062
WA,35–44,"Age-specific rate (per 100,000)",2019–2023,20.8,,21.416054,0.6160537719726555
WA,35–44,"Age-specific rate (per 100,000)",2020–2024,20.4,,20.105856,0.29414405822753764
WA,45–54,"Age-specific rate (per 100,000)",2001–2005,13.7,,17.698944,3.9989440917968757
WA,45–54,"Age-specific rate (per 100,000)",2002–2006,13.6,,14.769547,1.1695474624633793
WA,45–54,"Age-specific rate (per 100,000)",2003–2007,14.2,,15.714402,1.5144021987915046
WA,45–54,"Age-specific rate (per 100,000)",2004–2008,15.3,,15.059106,0.24089412689209055
WA,45–54,"Age-specific rate (per 100,000)",2005–2009,16.5,,14.946271,1.5537290573120117
WA,45–54,"Age-specific rate (per 100,000)",2006–2010,17.4,,16.817886,0.5821136474609361
WA,45–54,"Age-specific rate (per 100,000)",2007–2011,18.4,,17.19075,1.209249877929686
WA,45–54,"Age-specific rate (per 100,000)",2008–2012,18.7,,17.562862,1.137137603759765
WA,45–54,"Age-specific rate (per 100,000)",2009–2013,18.9,,18.276243,0.6237567901611314
WA,45–54,"Age-specific rate (per 100,000)",2010–2014,18.8,,18.770721,0.02927856445312571
WA,45–54,"Age-specific rate (per 100,000)",2011–2015,20.7,,20.12928,0.570719909667968
WA,45–54,"Age-specific rate (per 100,000)",2012–2016,21.0,,20.732634,0.2673664093017578
WA,45–54,"Age-specific rate (per 100,000)",2013–2017,21.8,,21.179056,0.6209438323974616
WA,45–54,"Age-specific rate (per 100,000)",2014–2018,22.4,,21.869392,0.5306076049804673
WA,45–54,"Age-specific rate (per 100,000)",2015–2019,22.5,,21.617622,0.8823776245117188
WA,45–54,"Age-specific rate (per 100,000)",2016–2020,21.0,,20.389585,0.6104145050048828
WA,45–54,"Age-specific rate (per 100,000)",2017–2021,20.4,,20.034246,0.36575355529785014
WA,45–54,"Age-specific rate (per 100,000)",2018–2022,19.9,,20.421259,0.521258926391603
WA,45–54,"Age-specific rate (per 100,000)",2019–2023,19.6,,20.174053,0.5740531921386705
WA,45–54,"Age-specific rate (per 100,000)",2020–2024,19.5,,18.429348,1.0706520080566406
WA,55–64,"Age-specific rate (per 100,000)",2001–2005,10.0,,13.009655,3.009654998779297
WA,55–64,"Age-specific rate (per 100,000)",2002–2006,10.7,,10.83027,0.13026981353759837
WA,55–64,"Age-specific rate (per 100,000)",2003–2007,11.7,,10.697635,1.00236530303955
WA,55–64,"Age-specific rate (per 100,000)",2004–2008,12.1,,11.474354,0.6256462097167965
WA,55–64,"Age-specific rate (per 100,000)",2005–2009,13.0,,11.879061,1.1209392547607422
WA,55–64,"Age-specific rate (per 100,000)",2006–2010,14.0,,14.340053,0.34005260467529297
WA,55–64,"Age-specific rate (per 100,000)",2007–2011,14.2,,13.758662,0.4413377761840813
WA,55–64,"Age-specific rate (per 100,000)",2008–2012,14.9,,14.239543,0.6604570388793949
WA,55–64,"Age-specific rate (per 100,000)",2009–2013,14.8,,14.67168,0.12831954956054759
WA,55–64,"Age-specific rate (per 100,000)",2010–2014,15.2,,14.918286,0.281713676452636
WA,55–64,"Age-specific rate (per 100,000)",2011–2015,15.1,,16.332603,1.232603454589844
WA,55–64,"Age-specific rate (per 100,000)",2012–2016,15.0,,16.983715,1.9837150573730469
WA,55–64,"Age-specific rate (per 100,000)",2013–2017,14.9,,17.364897,2.464896774291992
WA,55–64,"Age-specific rate (per 100,000)",2014–2018,16.0,,17.556015,1.5560150146484375
WA,55–64,"Age-specific rate (per 100,000)",2015–2019,16.7,,17.719055,1.0190551757812507
WA,55–64,"Age-specific rate (per 100,000)",2016–2020,16.9,,17.09197,0.19197044372558736
WA,55–64,"Age-specific rate (per 100,000)",2017–2021,17.4,,17.103626,0.29637374877929545
WA,55–64,"Age-specific rate (per 100,000)",2018–2022,17.1,,17.322617,0.22261657714843608
WA,55–64,"Age-specific rate (per 100,000)",2019–2023,17.1,,16.43118,0.668820953369142
WA,55–64,"Age-specific rate (per 100,000)",2020–2024,17.3,,16.350294,0.949705886840821
WA,45–64,"Age-specific rate (per 100,000)",2001–2005,12.2,,16.201239,4.001238632202149
WA,45–64,"Age-specific rate (per 100,000)",2002–2006,12.4,,12.597281,0.197281455993652
WA,45–64,"Age-specific rate (per 100,000)",2003–2007,13.2,,13.68442,0.4844196319580085
WA,45–64,"Age-specific rate (per 100,000)",2004–2008,14.0,,13.655365,0.344635009765625
WA,45–64,"Age-specific rate (per 100,000)",2005–2009,15.0,,13.732841,1.2671594619750977
WA,45–64,"Age-specific rate (per 100,000)",2006–2010,15.9,,15.361002,0.5389980316162113
WA,45–64,"Age-specific rate (per 100,000)",2007–2011,16.6,,15.1094265,1.4905735015869155
WA,45–64,"Age-specific rate (per 100,000)",2008–2012,17.0,,16.503382,0.49661827087402344
WA,45–64,"Age-specific rate (per 100,000)",2009–2013,17.1,,15.727208,1.3727918624877944
WA,45–64,"Age-specific rate (per 100,000)",2010–2014,17.2,,17.630157,0.4301574707031257
WA,45–64,"Age-specific rate (per 100,000)",2011–2015,18.2,,17.629608,0.5703918457031243
WA,45–64,"Age-specific rate (per 100,000)",2012–2016,18.3,,18.246641,0.05335884094238352
WA,45–64,"Age-specific rate (per 100,000)",2013–2017,18.6,,20.10199,1.5019897460937486
WA,45–64,"Age-specific rate (per 100,000)",2014–2018,19.5,,19.180883,0.31911659240722656
WA,45–64,"Age-specific rate (per 100,000)",2015–2019,19.8,,19.664688,0.1353118896484382
WA,45–64,"Age-specific rate (per 100,000)",2016–2020,19.1,,19.63256,0.5325607299804673
WA,45–64,"Age-specific rate (per 100,000)",2017–2021,19.0,,19.173574,0.17357444763183594
WA,45–64,"Age-specific rate (per 100,000)",2018–2022,18.6,,19.278439,0.678438568115233
WA,45–64,"Age-specific rate (per 100,000)",2019–2023,18.4,,18.452332,0.05233154296875142
WA,45–64,"Age-specific rate (per 100,000)",2020–2024,18.4,,18.498524,0.09852371215820455
WA,65+,"Age-specific rate (per 100,000)",2001–2005,11.4,,12.77512,1.3751197814941403
WA,65+,"Age-specific rate (per 100,000)",2002–2006,11.4,,11.608811,0.20881137847900355
WA,65+,"Age-specific rate (per 100,000)",2003–2007,11.5,,10.819503,0.6804971694946289
WA,65+,"Age-specific rate (per 100,000)",2004–2008,12.0,,11.694741,0.30525875091552734
WA,65+,"Age-specific rate (per 100,000)",2005–2009,11.6,,11.813845,0.21384468078613317
WA,65+,"Age-specific rate (per 100,000)",2006–2010,12.9,,13.425416,0.525415992736816
WA,65+,"Age-specific rate (per 100,000)",2007–2011,12.7,,13.020697,0.32069664001464915
WA,65+,"Age-specific rate (per 100,000)",2008–2012,14.2,,13.135635,1.0643646240234368
WA,65+,"Age-specific rate (per 100,000)",2009–2013,14.1,,14.647335,0.5473350524902347
WA,65+,"Age-specific rate (per 100,000)",2010–2014,14.6,,13.266936,1.333063697814941
WA,65+,"Age-specific rate (per 100,000)",2011–2015,15.1,,14.13824,0.9617601394653317
WA,65+,"Age-specific rate (per 100,000)",2012–2016,15.6,,14.485887,1.1141134262084957
WA,65+,"Age-specific rate (per 100,000)",2013–2017,15.0,,14.619682,0.38031768798828125
WA,65+,"Age-specific rate (per 100,000)",2014–2018,15.4,,13.686375,1.7136253356933597
WA,65+,"Age-specific rate (per 100,000)",2015–2019,14.7,,15.018365,0.31836490631103587
WA,65+,"Age-specific rate (per 100,000)",2016–2020,13.5,,15.092011,1.5920114517211914
WA,65+,"Age-specific rate (per 100,000)",2017–2021,13.8,,14.20457,0.40456981658935476
WA,65+,"Age-specific rate (per 100,000)",2018–2022,13.6,,14.221124,0.6211236953735355
WA,65+,"Age-specific rate (per 100,000)",2019–2023,13.3,,14.1090975,0.8090974807739251
WA,65+,"Age-specific rate (per 100,000)",2020–2024,13.5,,13.316138,0.18386173248291016
WA,65–74,"Age-specific rate (per 100,000)",2001–2005,9.0,,11.592769,2.592768669128418
WA,65–74,"Age-specific rate (per 100,000)",2002–2006,9.6,,10.930892,1.3308919906616214
WA,65–74,"Age-specific rate (per 100,000)",2003–2007,9.3,,10.917487,1.6174871444702141
WA,65–74,"Age-specific rate (per 100,000)",2004–2008,10.9,,10.917954,0.01795444488525355
WA,65–74,"Age-specific rate (per 100,000)",2005–2009,10.1,,11.303653,1.2036527633666996
WA,65–74,"Age-specific rate (per 100,000)",2006–2010,11.2,,10.979541,0.22045917510986257
WA,65–74,"Age-specific rate (per 100,000)",2007–2011,11.1,,11.1049795,0.004979515075683949
WA,65–74,"Age-specific rate (per 100,000)",2008–2012,12.1,,11.431859,0.6681409835815426
WA,65–74,"Age-specific rate (per 100,000)",2009–2013,11.8,,11.417338,0.38266162872314524
WA,65–74,"Age-specific rate (per 100,000)",2010–2014,12.2,,11.4957905,0.7042095184326165
WA,65–74,"Age-specific rate (per 100,000)",2011–2015,12.8,,13.221516,0.4215156555175774
WA,65–74,"Age-specific rate (per 100,000)",2012–2016,13.1,,12.658309,0.44169101715087855
WA,65–74,"Age-specific rate (per 100,000)",2013–2017,13.6,,13.033692,0.5663076400756832
WA,65–74,"Age-specific rate (per 100,000)",2014–2018,13.2,,13.193891,0.006109428405761008
WA,65–74,"Age-specific rate (per 100,000)",2015–2019,12.8,,12.427315,0.37268524169921946
WA,65–74,"Age-specific rate (per 100,000)",2016–2020,11.0,,12.41515,1.4151496887207031
WA,65–74,"Age-specific rate (per 100,000)",2017–2021,11.1,,13.450532,2.3505319595336918
WA,65–74,"Age-specific rate (per 100,000)",2018–2022,11.1,,14.107645,3.0076450347900394
WA,65–74,"Age-specific rate (per 100,000)",2019–2023,11.4,,10.672021,0.7279790878295902
WA,65–74,"Age-specific rate (per 100,000)",2020–2024,12.2,,11.944558,0.25544185638427663
WA,75–84,"Age-specific rate (per 100,000)",2001–2005,13.2,,15.843249,2.6432493209838874
WA,75–84,"Age-specific rate (per 100,000)",2002–2006,12.2,,14.009338,1.8093383789062507
WA,75–84,"Age-specific rate (per 100,000)",2003–2007,12.9,,15.796561,2.896561241149902
WA,75–84,"Age-specific rate (per 100,000)",2004–2008,11.9,,13.663448,1.763448333740234
WA,75–84,"Age-specific rate (per 100,000)",2005–2009,11.4,,13.6344,2.234400367736816
WA,75–84,"Age-specific rate (per 100,000)",2006–2010,14.5,,14.776729,0.27672863006591797
WA,75–84,"Age-specific rate (per 100,000)",2007–2011,14.5,,15.805078,1.3050775527954102
WA,75–84,"Age-specific rate (per 100,000)",2008–2012,16.0,,15.904036,0.09596443176269531
WA,75–84,"Age-specific rate (per 100,000)",2009–2013,16.5,,16.606926,0.10692596435546875
WA,75–84,"Age-specific rate (per 100,000)",2010–2014,17.9,,16.478783,1.4212173461914048
WA,75–84,"Age-specific rate (per 100,000)",2011–2015,16.6,,16.731894,0.13189353942870952
WA,75–84,"Age-specific rate (per 100,000)",2012–2016,18.0,,16.486673,1.513326644897461
WA,75–84,"Age-specific rate (per 100,000)",2013–2017,15.5,,17.018608,1.5186080932617188
WA,75–84,"Age-specific rate (per 100,000)",2014–2018,17.0,,17.277155,0.27715492248535156
WA,75–84,"Age-specific rate (per 100,000)",2015–2019,15.9,,17.282513,1.3825126647949215
WA,75–84,"Age-specific rate (per 100,000)",2016–2020,15.8,,17.931868,2.131867599487304
WA,75–84,"Age-specific rate (per 100,000)",2017–2021,15.3,,16.32043,1.0204307556152337
WA,75–84,"Age-specific rate (per 100,000)",2018–2022,15.3,,15.161846,0.13815383911132884
WA,75–84,"Age-specific rate (per 100,000)",2019–2023,14.0,,14.820661,0.8206605911254883
WA,75–84,"Age-specific rate (per 100,000)",2020–2024,13.3,,12.607545,0.6924551010131843
WA,85+,"Age-specific rate (per 100,000)",2001–2005,18.4,,19.920006,1.5200057983398452
WA,85+,"Age-specific rate (per 100,000)",2002–2006,18.0,,17.521564,0.4784355163574219
WA,85+,"Age-specific rate (per 100,000)",2003–2007,17.7,,20.084145,2.384144592285157
WA,85+,"Age-specific rate (per 100,000)",2004–2008,17.5,,16.792988,0.7070121765136719
WA,85+,"Age-specific rate (per 100,000)",2005–2009,19.4,,18.54423,0.8557704925537095
WA,85+,"Age-specific rate (per 100,000)",2006–2010,15.9,,17.775917,1.875917053222656
WA,85+,"Age-specific rate (per 100,000)",2007–2011,15.2,,18.375164,3.1751640319824226
WA,85+,"Age-specific rate (per 100,000)",2008–2012,18.8,,18.5222,0.277800369262696
WA,85+,"Age-specific rate (per 100,000)",2009–2013,17.9,,19.536343,1.6363426208496108
WA,85+,"Age-specific rate (per 100,000)",2010–2014,17.7,,19.289219,1.5892189025878913
WA,85+,"Age-specific rate (per 100,000)",2011–2015,22.2,,21.277004,0.9229957580566399
WA,85+,"Age-specific rate (per 100,000)",2012–2016,21.4,,21.962183,0.562182998657228
WA,85+,"Age-specific rate (per 100,000)",2013–2017,20.6,,21.388557,0.7885574340820298
WA,85+,"Age-specific rate (per 100,000)",2014–2018,21.5,,23.467545,1.9675445556640625
WA,85+,"Age-specific rate (per 100,000)",2015–2019,21.4,,22.191452,0.7914520263671889
WA,85+,"Age-specific rate (per 100,000)",2016–2020,20.2,,21.514627,1.3146274566650398
WA,85+,"Age-specific rate (per 100,000)",2017–2021,23.5,,22.984154,0.5158462524414062
WA,85+,"Age-specific rate (per 100,000)",2018–2022,22.0,,22.274319,0.2743186950683594
WA,85+,"Age-specific rate (per 100,000)",2019–2023,21.0,,20.550087,0.44991302490234375
WA,85+,"Age-specific rate (per 100,000)",2020–2024,20.8,,18.61662,2.183380889892579
WA,Total,"Age-specific rate (per 100,000)",2001–2005,11.6,,13.207723,1.6077226638793949
WA,Total,"Age-specific rate (per 100,000)",2002–2006,11.2,,12.3019285,1.1019285202026374
WA,Total,"Age-specific rate (per 100,000)",2003–2007,11.3,,11.894091,0.5940906524658196
WA,Total,"Age-specific rate (per 100,000)",2004–2008,11.8,,12.190784,0.3907844543457024
WA,Total,"Age-specific rate (per 100,000)",2005–2009,12.3,,11.898761,0.401239204406739
WA,Total,"Age-specific rate (per 100,000)",2006–2010,12.9,,12.123315,0.7766851425170902
WA,Total,"Age-specific rate (per 100,000)",2007–2011,13.1,,12.221168,0.8788324356079098
WA,Total,"Age-specific rate (per 100,000)",2008–2012,13.7,,13.149957,0.5500432968139641
WA,Total,"Age-specific rate (per 100,000)",2009–2013,13.6,,13.072785,0.5272146224975582
WA,Total,"Age-specific rate (per 100,000)",2010–2014,14.0,,13.699096,0.3009042739868164
WA,Total,"Age-specific rate (per 100,000)",2011–2015,14.3,,14.098558,0.2014415740966804
WA,Total,"Age-specific rate (per 100,000)",2012–2016,14.7,,14.771462,0.07146244049072337
WA,Total,"Age-specific rate (per 100,000)",2013–2017,14.9,,15.363389,0.46338901519775355
WA,Total,"Age-specific rate (per 100,000)",2014–2018,15.2,,14.941961,0.25803871154785085
WA,Total,"Age-specific rate (per 100,000)",2015–2019,15.4,,15.096547,0.3034528732299808
WA,Total,"Age-specific rate (per 100,000)",2016–2020,15.1,,14.327838,0.7721620559692379
WA,Total,"Age-specific rate (per 100,000)",2017–2021,15.0,,14.495833,0.5041666030883789
WA,Total,"Age-specific rate (per 100,000)",2018–2022,14.5,,14.509845,0.009844779968261719
WA,Total,"Age-specific rate (per 100,000)",2019–2023,14.6,,14.865342,0.26534214019775426
WA,Total,"Age-specific rate (per 100,000)",2020–2024,14.4,,13.98074,0.419260406494141
SA,0–14,"Age-specific rate (per 100,000)",2012–2016,0.3,,0.72765154,0.4276515364646912
SA,0–14,"Age-specific rate (per 100,000)",2013–2017,0.3,,0.2385486,0.061451393365859974
SA,0–14,"Age-specific rate (per 100,000)",2014–2018,0.4,,0.3650628,0.034937196969985984
SA,0–14,"Age-specific rate (per 100,000)",2015–2019,0.5,,0.43075138,0.06924861669540405
SA,0–14,"Age-specific rate (per 100,000)",2016–2020,0.6,,0.23176613,0.36823386549949644
SA,0–14,"Age-specific rate (per 100,000)",2017–2021,0.6,,0.31128496,0.2887150406837463
SA,0–14,"Age-specific rate (per 100,000)",2018–2022,0.5,,0.48246825,0.017531752586364746
SA,0–14,"Age-specific rate (per 100,000)",2019–2023,0.5,,1.1792295,0.6792294979095459
SA,0–14,"Age-specific rate (per 100,000)",2020–2024,0.4,,1.1718259,0.7718258857727051
SA,5–14,"Age-specific rate (per 100,000)",2012–2016,0.5,,0.59980303,0.09980303049087524
SA,5–14,"Age-specific rate (per 100,000)",2013–2017,0.5,,0.57939154,0.07939153909683228
SA,5–14,"Age-specific rate (per 100,000)",2014–2018,0.6,,0.66593283,0.065932834148407
SA,5–14,"Age-specific rate (per 100,000)",2015–2019,0.7,,0.57352525,0.12647475004196163
SA,5–14,"Age-specific rate (per 100,000)",2016–2020,0.9,,0.5946696,0.3053304195404053
SA,5–14,"Age-specific rate (per 100,000)",2017–2021,0.9,,0.6361302,0.26386978626251223
SA,5–14,"Age-specific rate (per 100,000)",2018–2022,0.8,,0.56542236,0.23457764387130742
SA,5–14,"Age-specific rate (per 100,000)",2019–2023,0.7,,0.6469102,0.053089809417724565
SA,5–14,"Age-specific rate (per 100,000)",2020–2024,0.7,,0.5615819,0.1384180903434753
SA,0–24,"Age-specific rate (per 100,000)",2001–2005,5.8,,4.882124,0.9178760528564451
SA,0–24,"Age-specific rate (per 100,000)",2002–2006,5.5,,4.666334,0.8336658477783203
SA,0–24,"Age-specific rate (per 100,000)",2003–2007,5.3,,5.6273646,0.3273646354675295
SA,0–24,"Age-specific rate (per 100,000)",2004–2008,5.1,,4.6331415,0.4668584823608395
SA,0–24,"Age-specific rate (per 100,000)",2005–2009,4.9,,4.593527,0.3064731597900394
SA,0–24,"Age-specific rate (per 100,000)",2006–2010,4.3,,3.5422351,0.7577648639678953
SA,0–24,"Age-specific rate (per 100,000)",2007–2011,4.7,,4.7326984,0.032698440551757635
SA,0–24,"Age-specific rate (per 100,000)",2008–2012,4.8,,4.438795,0.36120491027832013
SA,0–24,"Age-specific rate (per 100,000)",2009–2013,5.1,,4.8015757,0.29842433929443324
SA,0–24,"Age-specific rate (per 100,000)",2010–2014,5.2,,4.733959,0.4660408020019533
SA,0–24,"Age-specific rate (per 100,000)",2011–2015,5.1,,6.6814384,1.5814384460449222
SA,0–24,"Age-specific rate (per 100,000)",2012–2016,4.7,,5.371618,0.6716177940368651
SA,0–24,"Age-specific rate (per 100,000)",2013–2017,4.9,,5.320538,0.4205380439758297
SA,0–24,"Age-specific rate (per 100,000)",2014–2018,4.8,,5.932979,1.1329791069030763
SA,0–24,"Age-specific rate (per 100,000)",2015–2019,5.1,,5.9006095,0.8006094932556156
SA,0–24,"Age-specific rate (per 100,000)",2016–2020,5.5,,5.4816003,0.018399715423583984
SA,0–24,"Age-specific rate (per 100,000)",2017–2021,5.7,,5.5201397,0.179860305786133
SA,0–24,"Age-specific rate (per 100,000)",2018–2022,5.8,,6.104223,0.3042227745056154
SA,0–24,"Age-specific rate (per 100,000)",2019–2023,5.8,,5.9376683,0.13766832351684588
SA,0–24,"Age-specific rate (per 100,000)",2020–2024,5.3,,5.4132285,0.11322851181030291
SA,5–24,"Age-specific rate (per 100,000)",2001–2005,7.1,,6.2798977,0.8201023101806637
SA,5–24,"Age-specific rate (per 100,000)",2002–2006,6.8,,5.1260114,1.673988628387451
SA,5–24,"Age-specific rate (per 100,000)",2003–2007,6.5,,5.8658123,0.6341876983642578
SA,5–24,"Age-specific rate (per 100,000)",2004–2008,6.2,,5.44956,0.7504398345947267
SA,5–24,"Age-specific rate (per 100,000)",2005–2009,6.0,,5.476799,0.5232009887695312
SA,5–24,"Age-specific rate (per 100,000)",2006–2010,5.3,,5.414106,0.11410589218139666
SA,5–24,"Age-specific rate (per 100,000)",2007–2011,5.8,,6.5428104,0.7428104400634767
SA,5–24,"Age-specific rate (per 100,000)",2008–2012,5.9,,5.6301155,0.26988449096679723
SA,5–24,"Age-specific rate (per 100,000)",2009–2013,6.3,,6.1411963,0.15880374908447248
SA,5–24,"Age-specific rate (per 100,000)",2010–2014,6.5,,6.5707607,0.07076072692871094
SA,5–24,"Age-specific rate (per 100,000)",2011–2015,6.4,,7.3990645,0.9990645408630368
SA,5–24,"Age-specific rate (per 100,000)",2012–2016,5.8,,6.5373726,0.7373725891113283
SA,5–24,"Age-specific rate (per 100,000)",2013–2017,6.1,,6.820946,0.7209462165832523
SA,5–24,"Age-specific rate (per 100,000)",2014–2018,6.0,,6.478884,0.478884220123291
SA,5–24,"Age-specific rate (per 100,000)",2015–2019,6.3,,7.8619747,1.5619747161865236
SA,5–24,"Age-specific rate (per 100,000)",2016–2020,6.8,,7.0417438,0.24174375534057635
SA,5–24,"Age-specific rate (per 100,000)",2017–2021,7.1,,6.3966794,0.7033205986022946
SA,5–24,"Age-specific rate (per 100,000)",2018–2022,7.2,,7.462187,0.262186813354492
SA,5–24,"Age-specific rate (per 100,000)",2019–2023,7.1,,6.8038144,0.29618558883666957
SA,5–24,"Age-specific rate (per 100,000)",2020–2024,6.6,,6.515173,0.08482704162597621
SA,15–24,"Age-specific rate (per 100,000)",2001–2005,14.0,,12.298857,1.7011432647705078
SA,15–24,"Age-specific rate (per 100,000)",2002–2006,13.2,,11.341205,1.8587953567504876
SA,15–24,"Age-specific rate (per 100,000)",2003–2007,12.4,,11.929868,0.4701322555541996
SA,15–24,"Age-specific rate (per 100,000)",2004–2008,11.7,,10.834786,0.8652135848999016
SA,15–24,"Age-specific rate (per 100,000)",2005–2009,11.4,,11.43225,0.03225002288818324
SA,15–24,"Age-specific rate (per 100,000)",2006–2010,9.9,,10.806361,0.9063611984252926
SA,15–24,"Age-specific rate (per 100,000)",2007–2011,10.7,,10.898751,0.19875125885009837
SA,15–24,"Age-specific rate (per 100,000)",2008–2012,10.8,,9.866807,0.9331930160522468
SA,15–24,"Age-specific rate (per 100,000)",2009–2013,11.5,,10.9045725,0.5954275131225586
SA,15–24,"Age-specific rate (per 100,000)",2010–2014,11.9,,11.646323,0.253676795959473
SA,15–24,"Age-specific rate (per 100,000)",2011–2015,11.7,,12.691249,0.9912488937377937
SA,15–24,"Age-specific rate (per 100,000)",2012–2016,10.5,,12.028265,1.5282649993896484
SA,15–24,"Age-specific rate (per 100,000)",2013–2017,11.2,,12.678266,1.478265571594239
SA,15–24,"Age-specific rate (per 100,000)",2014–2018,10.9,,12.782809,1.8828092575073239
SA,15–24,"Age-specific rate (per 100,000)",2015–2019,11.6,,13.260644,1.6606439590454105
SA,15–24,"Age-specific rate (per 100,000)",2016–2020,12.5,,13.023881,0.5238809585571289
SA,15–24,"Age-specific rate (per 100,000)",2017–2021,13.0,,12.829475,0.17052459716796875
SA,15–24,"Age-specific rate (per 100,000)",2018–2022,13.4,,14.37935,0.9793497085571286
SA,15–24,"Age-specific rate (per 100,000)",2019–2023,13.4,,12.043806,1.3561939239501957
SA,15–24,"Age-specific rate (per 100,000)",2020–2024,12.4,,11.401662,0.9983381271362308
SA,25–34,"Age-specific rate (per 100,000)",2001–2005,19.6,,17.2417,2.3583007812500014
SA,25–34,"Age-specific rate (per 100,000)",2002–2006,18.9,,18.627983,0.27201690673827983
SA,25–34,"Age-specific rate (per 100,000)",2003–2007,20.1,,18.179974,1.9200263977050795
SA,25–34,"Age-specific rate (per 100,000)",2004–2008,18.9,,17.374014,1.5259860992431626
SA,25–34,"Age-specific rate (per 100,000)",2005–2009,18.8,,17.826633,0.9733665466308601
SA,25–34,"Age-specific rate (per 100,000)",2006–2010,16.1,,16.601,0.5009998321533189
SA,25–34,"Age-specific rate (per 100,000)",2007–2011,16.6,,16.304146,0.29585418701172017
SA,25–34,"Age-specific rate (per 100,000)",2008–2012,15.3,,16.02968,0.7296802520751946
SA,25–34,"Age-specific rate (per 100,000)",2009–2013,15.7,,15.700265,0.0002649307250983668
SA,25–34,"Age-specific rate (per 100,000)",2010–2014,15.7,,16.183132,0.4831321716308601
SA,25–34,"Age-specific rate (per 100,000)",2011–2015,17.2,,16.72894,0.4710609436035149
SA,25–34,"Age-specific rate (per 100,000)",2012–2016,17.2,,16.611347,0.5886528015136712
SA,25–34,"Age-specific rate (per 100,000)",2013–2017,18.1,,17.610695,0.48930511474609517
SA,25–34,"Age-specific rate (per 100,000)",2014–2018,17.7,,16.708797,0.9912025451660149
SA,25–34,"Age-specific rate (per 100,000)",2015–2019,17.6,,17.649742,0.04974212646484233
SA,25–34,"Age-specific rate (per 100,000)",2016–2020,17.4,,17.70697,0.3069702148437514
SA,25–34,"Age-specific rate (per 100,000)",2017–2021,16.6,,16.868202,0.26820220947265483
SA,25–34,"Age-specific rate (per 100,000)",2018–2022,16.9,,17.100338,0.2003379821777358
SA,25–34,"Age-specific rate (per 100,000)",2019–2023,16.5,,17.75954,1.2595405578613281
SA,25–34,"Age-specific rate (per 100,000)",2020–2024,16.5,,17.297075,0.7970752716064453
SA,35–44,"Age-specific rate (per 100,000)",2001–2005,20.7,,19.350044,1.349955749511718
SA,35–44,"Age-specific rate (per 100,000)",2002–2006,19.0,,18.42693,0.5730705261230469
SA,35–44,"Age-specific rate (per 100,000)",2003–2007,19.9,,19.38562,0.5143798828124986
SA,35–44,"Age-specific rate (per 100,000)",2004–2008,19.7,,17.982311,1.7176887512207024
SA,35–44,"Age-specific rate (per 100,000)",2005–2009,20.7,,18.658089,2.041911315917968
SA,35–44,"Age-specific rate (per 100,000)",2006–2010,20.8,,20.222206,0.5777938842773445
SA,35–44,"Age-specific rate (per 100,000)",2007–2011,20.8,,19.082666,1.7173336029052741
SA,35–44,"Age-specific rate (per 100,000)",2008–2012,20.1,,19.132175,0.9678245544433608
SA,35–44,"Age-specific rate (per 100,000)",2009–2013,19.8,,18.444576,1.3554237365722663
SA,35–44,"Age-specific rate (per 100,000)",2010–2014,21.0,,18.890022,2.1099777221679688
SA,35–44,"Age-specific rate (per 100,000)",2011–2015,20.2,,19.977318,0.22268218994140554
SA,35–44,"Age-specific rate (per 100,000)",2012–2016,20.8,,19.977867,0.822132873535157
SA,35–44,"Age-specific rate (per 100,000)",2013–2017,20.8,,20.301208,0.4987915039062507
SA,35–44,"Age-specific rate (per 100,000)",2014–2018,20.6,,20.302456,0.29754409790039205
SA,35–44,"Age-specific rate (per 100,000)",2015–2019,19.0,,19.163036,0.16303634643554688
SA,35–44,"Age-specific rate (per 100,000)",2016–2020,18.7,,19.808172,1.1081722259521491
SA,35–44,"Age-specific rate (per 100,000)",2017–2021,18.4,,19.072506,0.6725059509277358
SA,35–44,"Age-specific rate (per 100,000)",2018–2022,18.7,,19.973343,1.2733428955078132
SA,35–44,"Age-specific rate (per 100,000)",2019–2023,18.8,,19.395317,0.595317077636718
SA,35–44,"Age-specific rate (per 100,000)",2020–2024,18.0,,19.697424,1.6974239349365234
SA,45–54,"Age-specific rate (per 100,000)",2001–2005,17.0,,17.766209,0.7662086486816406
SA,45–54,"Age-specific rate (per 100,000)",2002–2006,16.1,,16.085247,0.014752960205079546
SA,45–54,"Age-specific rate (per 100,000)",2003–2007,16.0,,16.638731,0.6387310028076172
SA,45–54,"Age-specific rate (per 100,000)",2004–2008,15.9,,15.984167,0.08416709899902308
SA,45–54,"Age-specific rate (per 100,000)",2005–2009,15.7,,16.222355,0.5223548889160163
SA,45–54,"Age-specific rate (per 100,000)",2006–2010,15.1,,15.7310705,0.6310705184936527
SA,45–54,"Age-specific rate (per 100,000)",2007–2011,15.8,,16.60904,0.8090393066406243
SA,45–54,"Age-specific rate (per 100,000)",2008–2012,16.9,,16.565834,0.33416595458984233
SA,45–54,"Age-specific rate (per 100,000)",2009–2013,17.0,,17.169605,0.16960525512695312
SA,45–54,"Age-specific rate (per 100,000)",2010–2014,18.4,,18.329906,0.0700935363769517
SA,45–54,"Age-specific rate (per 100,000)",2011–2015,19.7,,18.829971,0.8700286865234368
SA,45–54,"Age-specific rate (per 100,000)",2012–2016,20.4,,19.220348,1.1796516418457017
SA,45–54,"Age-specific rate (per 100,000)",2013–2017,20.0,,20.056538,0.056537628173828125
SA,45–54,"Age-specific rate (per 100,000)",2014–2018,20.4,,20.094547,0.30545272827148295
SA,45–54,"Age-specific rate (per 100,000)",2015–2019,20.2,,20.217693,0.017693328857422586
SA,45–54,"Age-specific rate (per 100,000)",2016–2020,20.0,,20.248953,0.24895286560058594
SA,45–54,"Age-specific rate (per 100,000)",2017–2021,19.1,,18.682167,0.41783294677734517
SA,45–54,"Age-specific rate (per 100,000)",2018–2022,19.0,,19.51942,0.5194206237792969
SA,45–54,"Age-specific rate (per 100,000)",2019–2023,19.6,,19.62082,0.02081909179687358
SA,45–54,"Age-specific rate (per 100,000)",2020–2024,19.4,,18.079582,1.3204177856445298
SA,55–64,"Age-specific rate (per 100,000)",2001–2005,10.3,,12.804442,2.504442405700683
SA,55–64,"Age-specific rate (per 100,000)",2002–2006,10.9,,10.943715,0.043715095520019176
SA,55–64,"Age-specific rate (per 100,000)",2003–2007,12.0,,12.006436,0.006436347961425781
SA,55–64,"Age-specific rate (per 100,000)",2004–2008,12.8,,11.707244,1.0927560806274421
SA,55–64,"Age-specific rate (per 100,000)",2005–2009,12.9,,12.269593,0.630406761169434
SA,55–64,"Age-specific rate (per 100,000)",2006–2010,13.5,,13.387575,0.11242485046386719
SA,55–64,"Age-specific rate (per 100,000)",2007–2011,14.4,,13.220083,1.1799167633056644
SA,55–64,"Age-specific rate (per 100,000)",2008–2012,13.2,,12.925147,0.27485294342040945
SA,55–64,"Age-specific rate (per 100,000)",2009–2013,13.6,,13.570258,0.0297418594360348
SA,55–64,"Age-specific rate (per 100,000)",2010–2014,14.1,,13.817735,0.28226528167724574
SA,55–64,"Age-specific rate (per 100,000)",2011–2015,14.0,,14.351149,0.3511486053466797
SA,55–64,"Age-specific rate (per 100,000)",2012–2016,13.5,,15.106576,1.6065759658813477
SA,55–64,"Age-specific rate (per 100,000)",2013–2017,14.1,,15.536441,1.4364408493041996
SA,55–64,"Age-specific rate (per 100,000)",2014–2018,14.2,,14.234221,0.034221458435059304
SA,55–64,"Age-specific rate (per 100,000)",2015–2019,15.3,,15.250753,0.04924659729003977
SA,55–64,"Age-specific rate (per 100,000)",2016–2020,14.3,,15.413112,1.1131116867065423
SA,55–64,"Age-specific rate (per 100,000)",2017–2021,14.4,,13.940055,0.459945106506348
SA,55–64,"Age-specific rate (per 100,000)",2018–2022,14.3,,15.316565,1.0165645599365227
SA,55–64,"Age-specific rate (per 100,000)",2019–2023,14.8,,14.939652,0.1396524429321282
SA,55–64,"Age-specific rate (per 100,000)",2020–2024,15.2,,14.487964,0.7120363235473626
SA,45–64,"Age-specific rate (per 100,000)",2001–2005,14.1,,15.729301,1.629301452636719
SA,45–64,"Age-specific rate (per 100,000)",2002–2006,13.8,,13.823724,0.023723793029784446
SA,45–64,"Age-specific rate (per 100,000)",2003–2007,14.2,,13.960317,0.23968334197997976
SA,45–64,"Age-specific rate (per 100,000)",2004–2008,14.5,,13.988318,0.5116815567016602
SA,45–64,"Age-specific rate (per 100,000)",2005–2009,14.4,,14.080192,0.319808387756348
SA,45–64,"Age-specific rate (per 100,000)",2006–2010,14.3,,14.275707,0.024292755126953836
SA,45–64,"Age-specific rate (per 100,000)",2007–2011,15.2,,13.790716,1.4092838287353509
SA,45–64,"Age-specific rate (per 100,000)",2008–2012,15.2,,15.078908,0.12109203338622976
SA,45–64,"Age-specific rate (per 100,000)",2009–2013,15.4,,15.035637,0.3643630981445316
SA,45–64,"Age-specific rate (per 100,000)",2010–2014,16.4,,16.04166,0.35833969116210795
SA,45–64,"Age-specific rate (per 100,000)",2011–2015,17.0,,16.981777,0.018222808837890625
SA,45–64,"Age-specific rate (per 100,000)",2012–2016,17.1,,17.132671,0.032671356201170454
SA,45–64,"Age-specific rate (per 100,000)",2013–2017,17.2,,18.82962,1.6296203613281257
SA,45–64,"Age-specific rate (per 100,000)",2014–2018,17.4,,17.61703,0.21702919006347798
SA,45–64,"Age-specific rate (per 100,000)",2015–2019,17.8,,18.124256,0.3242561340332024
SA,45–64,"Age-specific rate (per 100,000)",2016–2020,17.2,,18.395603,1.1956031799316413
SA,45–64,"Age-specific rate (per 100,000)",2017–2021,16.8,,17.027122,0.22712249755859304
SA,45–64,"Age-specific rate (per 100,000)",2018–2022,16.6,,17.54895,0.9489501953124986
SA,45–64,"Age-specific rate (per 100,000)",2019–2023,17.2,,17.414425,0.21442489624023509
SA,45–64,"Age-specific rate (per 100,000)",2020–2024,17.3,,16.639505,0.6604946136474616
SA,65+,"Age-specific rate (per 100,000)",2001–2005,12.3,,12.69187,0.3918697357177727
SA,65+,"Age-specific rate (per 100,000)",2002–2006,12.9,,12.221709,0.6782907485961918
SA,65+,"Age-specific rate (per 100,000)",2003–2007,13.4,,11.992116,1.4078840255737308
SA,65+,"Age-specific rate (per 100,000)",2004–2008,12.4,,11.89082,0.5091804504394535
SA,65+,"Age-specific rate (per 100,000)",2005–2009,11.7,,11.886402,0.18640213012695384
SA,65+,"Age-specific rate (per 100,000)",2006–2010,11.7,,12.311657,0.6116569519042976
SA,65+,"Age-specific rate (per 100,000)",2007–2011,10.5,,12.222787,1.7227869033813477
SA,65+,"Age-specific rate (per 100,000)",2008–2012,10.7,,12.554704,1.8547037124633796
SA,65+,"Age-specific rate (per 100,000)",2009–2013,11.2,,12.393777,1.1937768936157234
SA,65+,"Age-specific rate (per 100,000)",2010–2014,11.9,,11.989572,0.0895715713500973
SA,65+,"Age-specific rate (per 100,000)",2011–2015,12.6,,12.248353,0.35164699554443324
SA,65+,"Age-specific rate (per 100,000)",2012–2016,13.0,,12.90416,0.0958404541015625
SA,65+,"Age-specific rate (per 100,000)",2013–2017,12.9,,12.803107,0.09689273834228551
SA,65+,"Age-specific rate (per 100,000)",2014–2018,13.1,,11.880055,1.2199445724487301
SA,65+,"Age-specific rate (per 100,000)",2015–2019,12.9,,12.804833,0.0951665878295902
SA,65+,"Age-specific rate (per 100,000)",2016–2020,12.3,,13.29073,0.9907304763793938
SA,65+,"Age-specific rate (per 100,000)",2017–2021,12.9,,11.486962,1.4130376815795902
SA,65+,"Age-specific rate (per 100,000)",2018–2022,12.6,,12.5085535,0.09144649505615199
SA,65+,"Age-specific rate (per 100,000)",2019–2023,12.7,,13.70858,1.0085800170898445
SA,65+,"Age-specific rate (per 100,000)",2020–2024,12.5,,12.856214,0.3562135696411133
SA,65–74,"Age-specific rate (per 100,000)",2001–2005,12.0,,12.221362,0.22136211395263672
SA,65–74,"Age-specific rate (per 100,000)",2002–2006,12.5,,11.249501,1.2504987716674805
SA,65–74,"Age-specific rate (per 100,000)",2003–2007,12.8,,11.505129,1.294871139526368
SA,65–74,"Age-specific rate (per 100,000)",2004–2008,11.1,,11.479238,0.3792375564575199
SA,65–74,"Age-specific rate (per 100,000)",2005–2009,10.4,,12.147844,1.747844314575195
SA,65–74,"Age-specific rate (per 100,000)",2006–2010,10.8,,10.473227,0.3267734527587898
SA,65–74,"Age-specific rate (per 100,000)",2007–2011,9.7,,10.795433,1.0954330444335945
SA,65–74,"Age-specific rate (per 100,000)",2008–2012,9.8,,11.159604,1.3596040725708
SA,65–74,"Age-specific rate (per 100,000)",2009–2013,10.4,,10.604051,0.20405063629150355
SA,65–74,"Age-specific rate (per 100,000)",2010–2014,11.4,,10.706766,0.6932338714599613
SA,65–74,"Age-specific rate (per 100,000)",2011–2015,12.1,,11.738963,0.3610368728637692
SA,65–74,"Age-specific rate (per 100,000)",2012–2016,12.3,,11.37234,0.9276597976684577
SA,65–74,"Age-specific rate (per 100,000)",2013–2017,13.1,,11.767144,1.3328557968139645
SA,65–74,"Age-specific rate (per 100,000)",2014–2018,12.8,,11.020644,1.7793558120727546
SA,65–74,"Age-specific rate (per 100,000)",2015–2019,12.1,,11.898576,0.20142421722412074
SA,65–74,"Age-specific rate (per 100,000)",2016–2020,11.6,,11.879411,0.27941074371337926
SA,65–74,"Age-specific rate (per 100,000)",2017–2021,12.7,,11.550452,1.1495477676391594
SA,65–74,"Age-specific rate (per 100,000)",2018–2022,12.1,,12.535376,0.4353755950927738
SA,65–74,"Age-specific rate (per 100,000)",2019–2023,12.8,,11.332501,1.4674985885620124
SA,65–74,"Age-specific rate (per 100,000)",2020–2024,13.4,,12.18176,1.2182401657104496
SA,75–84,"Age-specific rate (per 100,000)",2001–2005,12.4,,12.224937,0.1750625610351566
SA,75–84,"Age-specific rate (per 100,000)",2002–2006,12.8,,11.867013,0.932987022399903
SA,75–84,"Age-specific rate (per 100,000)",2003–2007,13.8,,13.566361,0.2336385726928718
SA,75–84,"Age-specific rate (per 100,000)",2004–2008,13.5,,11.255322,2.2446775436401367
SA,75–84,"Age-specific rate (per 100,000)",2005–2009,13.3,,11.426145,1.87385540008545
SA,75–84,"Age-specific rate (per 100,000)",2006–2010,12.8,,11.547328,1.2526720046997077
SA,75–84,"Age-specific rate (per 100,000)",2007–2011,12.1,,12.565791,0.4657911300659183
SA,75–84,"Age-specific rate (per 100,000)",2008–2012,12.6,,12.6733,0.07329978942871129
SA,75–84,"Age-specific rate (per 100,000)",2009–2013,12.1,,11.644757,0.45524272918701136
SA,75–84,"Age-specific rate (per 100,000)",2010–2014,11.6,,11.942979,0.34297885894775426
SA,75–84,"Age-specific rate (per 100,000)",2011–2015,11.8,,11.843512,0.04351158142089773
SA,75–84,"Age-specific rate (per 100,000)",2012–2016,11.8,,11.268077,0.5319231033325202
SA,75–84,"Age-specific rate (per 100,000)",2013–2017,10.4,,12.6128645,2.21286449432373
SA,75–84,"Age-specific rate (per 100,000)",2014–2018,11.8,,11.921015,0.12101478576660085
SA,75–84,"Age-specific rate (per 100,000)",2015–2019,11.4,,12.630049,1.2300487518310543
SA,75–84,"Age-specific rate (per 100,000)",2016–2020,11.5,,13.17553,1.6755304336547852
SA,75–84,"Age-specific rate (per 100,000)",2017–2021,12.1,,11.172629,0.9273706436157223
SA,75–84,"Age-specific rate (per 100,000)",2018–2022,12.1,,11.776427,0.32357273101806605
SA,75–84,"Age-specific rate (per 100,000)",2019–2023,11.2,,11.961078,0.7610776901245124
SA,75–84,"Age-specific rate (per 100,000)",2020–2024,10.3,,10.577296,0.27729625701904226
SA,85+,"Age-specific rate (per 100,000)",2001–2005,12.7,,13.65647,0.9564702987670906
SA,85+,"Age-specific rate (per 100,000)",2002–2006,14.6,,14.416095,0.18390522003173793
SA,85+,"Age-specific rate (per 100,000)",2003–2007,14.6,,16.135372,1.5353721618652347
SA,85+,"Age-specific rate (per 100,000)",2004–2008,13.8,,12.102845,1.6971548080444343
SA,85+,"Age-specific rate (per 100,000)",2005–2009,12.5,,13.733293,1.233292579650879
SA,85+,"Age-specific rate (per 100,000)",2006–2010,11.9,,11.999116,0.09911594390869105
SA,85+,"Age-specific rate (per 100,000)",2007–2011,9.7,,12.910015,3.2100151062011726
SA,85+,"Age-specific rate (per 100,000)",2008–2012,9.3,,12.263837,2.9638368606567376
SA,85+,"Age-specific rate (per 100,000)",2009–2013,11.6,,13.132242,1.5322422027587894
SA,85+,"Age-specific rate (per 100,000)",2010–2014,14.2,,13.798796,0.4012042999267571
SA,85+,"Age-specific rate (per 100,000)",2011–2015,16.2,,15.672685,0.5273153305053704
SA,85+,"Age-specific rate (per 100,000)",2012–2016,17.6,,16.438988,1.1610122680664077
SA,85+,"Age-specific rate (per 100,000)",2013–2017,17.2,,16.540943,0.6590568542480462
SA,85+,"Age-specific rate (per 100,000)",2014–2018,16.8,,17.05175,0.25175018310546804
SA,85+,"Age-specific rate (per 100,000)",2015–2019,19.0,,16.405197,2.5948028564453125
SA,85+,"Age-specific rate (per 100,000)",2016–2020,16.5,,16.53088,0.030879974365234375
SA,85+,"Age-specific rate (per 100,000)",2017–2021,15.4,,16.863297,1.4632965087890621
SA,85+,"Age-specific rate (per 100,000)",2018–2022,15.7,,17.880604,2.180603790283204
SA,85+,"Age-specific rate (per 100,000)",2019–2023,16.2,,15.858085,0.34191532135009695
SA,85+,"Age-specific rate (per 100,000)",2020–2024,14.2,,14.750803,0.5508029937744148
SA,Total,"Age-specific rate (per 100,000)",2001–2005,12.9,,13.084764,0.18476352691650355
SA,Total,"Age-specific rate (per 100,000)",2002–2006,12.5,,13.617262,1.1172618865966797
SA,Total,"Age-specific rate (per 100,000)",2003–2007,12.8,,12.179466,0.620533752441407
SA,Total,"Age-specific rate (per 100,000)",2004–2008,12.5,,12.453618,0.04638195037841797
SA,Total,"Age-specific rate (per 100,000)",2005–2009,12.4,,12.279976,0.1200241088867191
SA,Total,"Age-specific rate (per 100,000)",2006–2010,11.9,,11.566943,0.33305683135986364
SA,Total,"Age-specific rate (per 100,000)",2007–2011,12.1,,12.0342,0.06580028533935511
SA,Total,"Age-specific rate (per 100,000)",2008–2012,11.9,,12.409692,0.5096918106079098
SA,Total,"Age-specific rate (per 100,000)",2009–2013,12.1,,11.650653,0.4493471145629879
SA,Total,"Age-specific rate (per 100,000)",2010–2014,12.7,,12.7046175,0.004617500305176492
SA,Total,"Age-specific rate (per 100,000)",2011–2015,13.1,,12.849206,0.2507940292358395
SA,Total,"Age-specific rate (per 100,000)",2012–2016,13.0,,12.858586,0.14141368865966797
SA,Total,"Age-specific rate (per 100,000)",2013–2017,13.3,,13.531105,0.23110504150390554
SA,Total,"Age-specific rate (per 100,000)",2014–2018,13.2,,12.752994,0.44700641632080007
SA,Total,"Age-specific rate (per 100,000)",2015–2019,13.2,,12.892209,0.3077909469604485
SA,Total,"Age-specific rate (per 100,000)",2016–2020,13.0,,13.173447,0.1734466552734375
SA,Total,"Age-specific rate (per 100,000)",2017–2021,12.9,,12.786092,0.11390819549560582
SA,Total,"Age-specific rate (per 100,000)",2018–2022,12.9,,12.738883,0.161116981506348
SA,Total,"Age-specific rate (per 100,000)",2019–2023,13.1,,13.563012,0.4630121231079105
SA,Total,"Age-specific rate (per 100,000)",2020–2024,12.8,,13.253887,0.45388717651367116
Tas,0–14,"Age-specific rate (per 100,000)",2010–2014,1.3,,1.1010771,0.19892292022705083
Tas,0–14,"Age-specific rate (per 100,000)",2019–2023,1.0,,3.7535682,2.753568172454834
Tas,0–14,"Age-specific rate (per 100,000)",2020–2024,1.3,,3.3816605,2.0816604614257814
Tas,5–14,"Age-specific rate (per 100,000)",2010–2014,1.9,,0.71030146,1.189698541164398
Tas,5–14,"Age-specific rate (per 100,000)",2019–2023,1.5,,0.68206793,0.8179320693016052
Tas,5–14,"Age-specific rate (per 100,000)",2020–2024,1.8,,0.64205116,1.1579488396644593
Tas,0–24,"Age-specific rate (per 100,000)",2001–2005,4.5,,4.031481,0.4685192108154297
Tas,0–24,"Age-specific rate (per 100,000)",2002–2006,5.1,,4.1653595,0.9346405029296871
Tas,0–24,"Age-specific rate (per 100,000)",2003–2007,4.3,,4.122041,0.1779587745666502
Tas,0–24,"Age-specific rate (per 100,000)",2004–2008,4.0,,4.3238463,0.32384634017944336
Tas,0–24,"Age-specific rate (per 100,000)",2005–2009,4.0,,4.144298,0.14429807662963867
Tas,0–24,"Age-specific rate (per 100,000)",2006–2010,3.9,,3.4763217,0.4236783027648925
Tas,0–24,"Age-specific rate (per 100,000)",2007–2011,4.0,,4.128834,0.12883377075195312
Tas,0–24,"Age-specific rate (per 100,000)",2008–2012,5.0,,4.869627,0.1303730010986328
Tas,0–24,"Age-specific rate (per 100,000)",2009–2013,5.9,,6.257155,0.35715494155883754
Tas,0–24,"Age-specific rate (per 100,000)",2010–2014,6.2,,3.8840697,2.3159303188323976
Tas,0–24,"Age-specific rate (per 100,000)",2011–2015,6.8,,5.760272,1.039727973937988
Tas,0–24,"Age-specific rate (per 100,000)",2012–2016,6.5,,4.778055,1.721944808959961
Tas,0–24,"Age-specific rate (per 100,000)",2013–2017,6.2,,4.9777584,1.2222415924072267
Tas,0–24,"Age-specific rate (per 100,000)",2014–2018,6.0,,6.100755,0.10075521469116211
Tas,0–24,"Age-specific rate (per 100,000)",2015–2019,5.7,,6.610681,0.9106810569763182
Tas,0–24,"Age-specific rate (per 100,000)",2016–2020,5.5,,6.285305,0.7853050231933594
Tas,0–24,"Age-specific rate (per 100,000)",2017–2021,5.3,,5.940792,0.6407920837402346
Tas,0–24,"Age-specific rate (per 100,000)",2018–2022,4.9,,5.159159,0.2591591835021969
Tas,0–24,"Age-specific rate (per 100,000)",2019–2023,4.9,,5.89505,0.9950500488281246
Tas,0–24,"Age-specific rate (per 100,000)",2020–2024,4.7,,5.628421,0.928420829772949
Tas,5–24,"Age-specific rate (per 100,000)",2001–2005,5.5,,5.5456376,0.04563760757446289
Tas,5–24,"Age-specific rate (per 100,000)",2002–2006,6.3,,4.016601,2.283398914337158
Tas,5–24,"Age-specific rate (per 100,000)",2003–2007,5.3,,5.3621116,0.06211156845092791
Tas,5–24,"Age-specific rate (per 100,000)",2004–2008,4.9,,4.106752,0.7932480812072757
Tas,5–24,"Age-specific rate (per 100,000)",2005–2009,4.9,,5.034083,0.1340828895568844
Tas,5–24,"Age-specific rate (per 100,000)",2006–2010,4.9,,3.943262,0.9567378997802738
Tas,5–24,"Age-specific rate (per 100,000)",2007–2011,5.0,,5.36688,0.366879940032959
Tas,5–24,"Age-specific rate (per 100,000)",2008–2012,6.3,,5.5429688,0.7570312499999998
Tas,5–24,"Age-specific rate (per 100,000)",2009–2013,7.4,,5.497667,1.9023331642150882
Tas,5–24,"Age-specific rate (per 100,000)",2010–2014,7.8,,4.368213,3.431786823272705
Tas,5–24,"Age-specific rate (per 100,000)",2011–2015,8.5,,7.3228097,1.1771903038024902
Tas,5–24,"Age-specific rate (per 100,000)",2012–2016,8.0,,6.924984,1.0750160217285156
Tas,5–24,"Age-specific rate (per 100,000)",2013–2017,7.7,,7.044157,0.655842971801758
Tas,5–24,"Age-specific rate (per 100,000)",2014–2018,7.4,,7.4030066,0.0030065536499019885
Tas,5–24,"Age-specific rate (per 100,000)",2015–2019,7.0,,8.008485,1.0084848403930664
Tas,5–24,"Age-specific rate (per 100,000)",2016–2020,6.8,,7.6054626,0.8054625511169435
Tas,5–24,"Age-specific rate (per 100,000)",2017–2021,6.5,,8.457224,1.957223892211914
Tas,5–24,"Age-specific rate (per 100,000)",2018–2022,6.0,,9.267313,3.267313003540039
Tas,5–24,"Age-specific rate (per 100,000)",2019–2023,6.0,,7.7296014,1.7296013832092285
Tas,5–24,"Age-specific rate (per 100,000)",2020–2024,5.8,,7.5203876,1.720387649536133
Tas,15–24,"Age-specific rate (per 100,000)",2001–2005,11.1,,11.280923,0.180922889709473
Tas,15–24,"Age-specific rate (per 100,000)",2002–2006,12.5,,10.647292,1.852707862854004
Tas,15–24,"Age-specific rate (per 100,000)",2003–2007,10.9,,11.720987,0.8209873199462887
Tas,15–24,"Age-specific rate (per 100,000)",2004–2008,9.9,,9.517148,0.3828519821166996
Tas,15–24,"Age-specific rate (per 100,000)",2005–2009,9.8,,10.663094,0.8630935668945305
Tas,15–24,"Age-specific rate (per 100,000)",2006–2010,9.1,,9.719821,0.6198209762573246
Tas,15–24,"Age-specific rate (per 100,000)",2007–2011,9.4,,10.484165,1.0841651916503903
Tas,15–24,"Age-specific rate (per 100,000)",2008–2012,11.4,,9.952073,1.4479269027709964
Tas,15–24,"Age-specific rate (per 100,000)",2009–2013,13.3,,10.771989,2.528011131286622
Tas,15–24,"Age-specific rate (per 100,000)",2010–2014,13.5,,10.262345,3.237654685974121
Tas,15–24,"Age-specific rate (per 100,000)",2011–2015,15.5,,13.352934,2.147066116333008
Tas,15–24,"Age-specific rate (per 100,000)",2012–2016,14.7,,13.832416,0.8675844192504876
Tas,15–24,"Age-specific rate (per 100,000)",2013–2017,14.4,,14.329577,0.07042255401611364
Tas,15–24,"Age-specific rate (per 100,000)",2014–2018,14.2,,14.379446,0.17944602966308665
Tas,15–24,"Age-specific rate (per 100,000)",2015–2019,14.0,,13.721136,0.27886390686035156
Tas,15–24,"Age-specific rate (per 100,000)",2016–2020,12.7,,13.327799,0.6277988433837898
Tas,15–24,"Age-specific rate (per 100,000)",2017–2021,12.1,,13.483564,1.383564376831055
Tas,15–24,"Age-specific rate (per 100,000)",2018–2022,11.1,,14.556084,3.456083679199219
Tas,15–24,"Age-specific rate (per 100,000)",2019–2023,10.8,,12.231954,1.4319536209106438
Tas,15–24,"Age-specific rate (per 100,000)",2020–2024,9.9,,11.765159,1.865158653259277
Tas,25–34,"Age-specific rate (per 100,000)",2001–2005,30.4,,22.81731,7.5826896667480455
Tas,25–34,"Age-specific rate (per 100,000)",2002–2006,27.9,,23.793926,4.106073760986327
Tas,25–34,"Age-specific rate (per 100,000)",2003–2007,26.8,,25.621677,1.17832260131836
Tas,25–34,"Age-specific rate (per 100,000)",2004–2008,28.6,,24.22219,4.377809143066408
Tas,25–34,"Age-specific rate (per 100,000)",2005–2009,26.1,,25.29827,0.8017307281494155
Tas,25–34,"Age-specific rate (per 100,000)",2006–2010,24.3,,22.358723,1.9412773132324226
Tas,25–34,"Age-specific rate (per 100,000)",2007–2011,22.9,,23.11744,0.21743927001953267
Tas,25–34,"Age-specific rate (per 100,000)",2008–2012,20.2,,21.266323,1.06632308959961
Tas,25–34,"Age-specific rate (per 100,000)",2009–2013,16.3,,18.406807,2.1068069458007805
Tas,25–34,"Age-specific rate (per 100,000)",2010–2014,14.5,,16.443546,1.9435462951660156
Tas,25–34,"Age-specific rate (per 100,000)",2011–2015,14.7,,18.349747,3.649746704101563
Tas,25–34,"Age-specific rate (per 100,000)",2012–2016,15.0,,19.414083,4.414083480834961
Tas,25–34,"Age-specific rate (per 100,000)",2013–2017,16.6,,19.01544,2.4154399871826158
Tas,25–34,"Age-specific rate (per 100,000)",2014–2018,16.8,,19.978842,3.1788417816162102
Tas,25–34,"Age-specific rate (per 100,000)",2015–2019,18.2,,20.39768,2.197680282592774
Tas,25–34,"Age-specific rate (per 100,000)",2016–2020,18.1,,21.370884,3.270883941650389
Tas,25–34,"Age-specific rate (per 100,000)",2017–2021,17.4,,21.011616,3.6116157531738295
Tas,25–34,"Age-specific rate (per 100,000)",2018–2022,16.6,,20.117107,3.5171073913574205
Tas,25–34,"Age-specific rate (per 100,000)",2019–2023,17.2,,20.012043,2.812042999267579
Tas,25–34,"Age-specific rate (per 100,000)",2020–2024,15.9,,18.92672,3.0267196655273434
Tas,35–44,"Age-specific rate (per 100,000)",2001–2005,24.4,,22.853973,1.5460266113281236
Tas,35–44,"Age-specific rate (per 100,000)",2002–2006,23.6,,20.498243,3.1017566680908217
Tas,35–44,"Age-specific rate (per 100,000)",2003–2007,23.8,,22.3971,1.4028995513916023
Tas,35–44,"Age-specific rate (per 100,000)",2004–2008,22.4,,22.208885,0.19111480712890483
Tas,35–44,"Age-specific rate (per 100,000)",2005–2009,19.7,,23.105932,3.405932235717774
Tas,35–44,"Age-specific rate (per 100,000)",2006–2010,19.8,,22.770018,2.9700176239013665
Tas,35–44,"Age-specific rate (per 100,000)",2007–2011,20.5,,22.96788,2.4678802490234375
Tas,35–44,"Age-specific rate (per 100,000)",2008–2012,20.9,,22.265766,1.3657661437988295
Tas,35–44,"Age-specific rate (per 100,000)",2009–2013,21.9,,21.506096,0.39390411376952983
Tas,35–44,"Age-specific rate (per 100,000)",2010–2014,22.3,,22.032808,0.2671916961669929
Tas,35–44,"Age-specific rate (per 100,000)",2011–2015,23.0,,24.363249,1.3632488250732422
Tas,35–44,"Age-specific rate (per 100,000)",2012–2016,24.1,,22.215176,1.884824371337892
Tas,35–44,"Age-specific rate (per 100,000)",2013–2017,24.6,,24.535326,0.06467399597168111
Tas,35–44,"Age-specific rate (per 100,000)",2014–2018,26.4,,25.722778,0.6772216796874986
Tas,35–44,"Age-specific rate (per 100,000)",2015–2019,27.7,,25.280315,2.4196846008300774
Tas,35–44,"Age-specific rate (per 100,000)",2016–2020,26.3,,26.124346,0.1756542205810554
Tas,35–44,"Age-specific rate (per 100,000)",2017–2021,26.0,,24.990076,1.0099239349365234
Tas,35–44,"Age-specific rate (per 100,000)",2018–2022,26.1,,25.424152,0.6758476257324233
Tas,35–44,"Age-specific rate (per 100,000)",2019–2023,23.5,,23.600681,0.10068130493164062
Tas,35–44,"Age-specific rate (per 100,000)",2020–2024,23.5,,21.74205,1.7579498291015625
Tas,45–54,"Age-specific rate (per 100,000)",2001–2005,16.7,,20.03078,3.330780792236329
Tas,45–54,"Age-specific rate (per 100,000)",2002–2006,19.0,,18.738922,0.261077880859375
Tas,45–54,"Age-specific rate (per 100,000)",2003–2007,19.6,,19.884626,0.28462638854980327
Tas,45–54,"Age-specific rate (per 100,000)",2004–2008,21.9,,20.588337,1.3116630554199205
Tas,45–54,"Age-specific rate (per 100,000)",2005–2009,22.6,,20.99412,1.6058803558349624
Tas,45–54,"Age-specific rate (per 100,000)",2006–2010,21.7,,19.646591,2.053408813476562
Tas,45–54,"Age-specific rate (per 100,000)",2007–2011,20.9,,20.526073,0.3739265441894517
Tas,45–54,"Age-specific rate (per 100,000)",2008–2012,21.4,,19.038696,2.3613037109374986
Tas,45–54,"Age-specific rate (per 100,000)",2009–2013,21.5,,20.226961,1.2730388641357422
Tas,45–54,"Age-specific rate (per 100,000)",2010–2014,19.9,,18.847652,1.0523475646972642
Tas,45–54,"Age-specific rate (per 100,000)",2011–2015,19.8,,21.275448,1.4754478454589837
Tas,45–54,"Age-specific rate (per 100,000)",2012–2016,21.9,,21.636305,0.2636951446533189
Tas,45–54,"Age-specific rate (per 100,000)",2013–2017,21.8,,21.326694,0.4733055114746101
Tas,45–54,"Age-specific rate (per 100,000)",2014–2018,19.4,,23.063807,3.663806533813478
Tas,45–54,"Age-specific rate (per 100,000)",2015–2019,23.4,,23.667728,0.26772842407226705
Tas,45–54,"Age-specific rate (per 100,000)",2016–2020,23.9,,23.39938,0.5006202697753892
Tas,45–54,"Age-specific rate (per 100,000)",2017–2021,21.5,,22.290604,0.7906036376953125
Tas,45–54,"Age-specific rate (per 100,000)",2018–2022,21.2,,22.783257,1.5832565307617195
Tas,45–54,"Age-specific rate (per 100,000)",2019–2023,23.7,,22.730198,0.9698020935058587
Tas,45–54,"Age-specific rate (per 100,000)",2020–2024,21.8,,20.643257,1.1567428588867195
Tas,55–64,"Age-specific rate (per 100,000)",2001–2005,16.9,,17.42921,0.5292106628417983
Tas,55–64,"Age-specific rate (per 100,000)",2002–2006,19.5,,16.204803,3.295196533203125
Tas,55–64,"Age-specific rate (per 100,000)",2003–2007,20.5,,16.084585,4.415414810180664
Tas,55–64,"Age-specific rate (per 100,000)",2004–2008,18.8,,17.827541,0.9724586486816413
Tas,55–64,"Age-specific rate (per 100,000)",2005–2009,19.2,,17.84343,1.3565704345703118
Tas,55–64,"Age-specific rate (per 100,000)",2006–2010,17.6,,17.822433,0.22243347167968608
Tas,55–64,"Age-specific rate (per 100,000)",2007–2011,15.4,,17.521944,2.1219440460205075
Tas,55–64,"Age-specific rate (per 100,000)",2008–2012,15.1,,17.055748,1.955747985839844
Tas,55–64,"Age-specific rate (per 100,000)",2009–2013,15.6,,17.988441,2.3884414672851566
Tas,55–64,"Age-specific rate (per 100,000)",2010–2014,16.4,,17.078123,0.6781230926513686
Tas,55–64,"Age-specific rate (per 100,000)",2011–2015,18.8,,17.915106,0.8848941802978523
Tas,55–64,"Age-specific rate (per 100,000)",2012–2016,20.6,,18.16692,2.4330802917480483
Tas,55–64,"Age-specific rate (per 100,000)",2013–2017,19.7,,19.258663,0.4413368225097649
Tas,55–64,"Age-specific rate (per 100,000)",2014–2018,20.3,,19.948082,0.35191802978515696
Tas,55–64,"Age-specific rate (per 100,000)",2015–2019,19.9,,21.02789,1.1278892517089858
Tas,55–64,"Age-specific rate (per 100,000)",2016–2020,19.6,,19.983805,0.38380470275878764
Tas,55–64,"Age-specific rate (per 100,000)",2017–2021,18.0,,20.397293,2.3972930908203125
Tas,55–64,"Age-specific rate (per 100,000)",2018–2022,18.9,,20.292221,1.392221069335939
Tas,55–64,"Age-specific rate (per 100,000)",2019–2023,18.6,,19.618221,1.018221282958983
Tas,55–64,"Age-specific rate (per 100,000)",2020–2024,17.7,,18.307789,0.6077888488769538
Tas,45–64,"Age-specific rate (per 100,000)",2001–2005,16.8,,18.505955,1.70595474243164
Tas,45–64,"Age-specific rate (per 100,000)",2002–2006,19.2,,17.488983,1.7110168457031243
Tas,45–64,"Age-specific rate (per 100,000)",2003–2007,20.0,,19.208149,0.7918510437011719
Tas,45–64,"Age-specific rate (per 100,000)",2004–2008,20.5,,18.563557,1.9364433288574219
Tas,45–64,"Age-specific rate (per 100,000)",2005–2009,21.1,,19.054834,2.045165634155275
Tas,45–64,"Age-specific rate (per 100,000)",2006–2010,19.8,,19.44527,0.3547294616699226
Tas,45–64,"Age-specific rate (per 100,000)",2007–2011,18.3,,18.716045,0.41604537963867116
Tas,45–64,"Age-specific rate (per 100,000)",2008–2012,18.4,,18.69011,0.2901092529296889
Tas,45–64,"Age-specific rate (per 100,000)",2009–2013,18.7,,18.719131,0.01913146972656321
Tas,45–64,"Age-specific rate (per 100,000)",2010–2014,18.2,,18.730639,0.530638504028321
Tas,45–64,"Age-specific rate (per 100,000)",2011–2015,19.3,,20.199657,0.8996574401855462
Tas,45–64,"Age-specific rate (per 100,000)",2012–2016,21.2,,18.929047,2.2709533691406243
Tas,45–64,"Age-specific rate (per 100,000)",2013–2017,20.8,,20.59158,0.20842056274414134
Tas,45–64,"Age-specific rate (per 100,000)",2014–2018,19.8,,21.281824,1.4818241119384759
Tas,45–64,"Age-specific rate (per 100,000)",2015–2019,21.6,,22.3111,0.7111000061035142
Tas,45–64,"Age-specific rate (per 100,000)",2016–2020,21.7,,22.845478,1.1454780578613288
Tas,45–64,"Age-specific rate (per 100,000)",2017–2021,19.7,,20.79798,1.0979793548583991
Tas,45–64,"Age-specific rate (per 100,000)",2018–2022,20.0,,21.39988,1.3998794555664062
Tas,45–64,"Age-specific rate (per 100,000)",2019–2023,21.0,,21.012554,0.012554168701171875
Tas,45–64,"Age-specific rate (per 100,000)",2020–2024,19.6,,19.179161,0.42083892822265767
Tas,65+,"Age-specific rate (per 100,000)",2001–2005,15.1,,15.035637,0.0643630981445309
Tas,65+,"Age-specific rate (per 100,000)",2002–2006,14.0,,14.938451,0.938450813293457
Tas,65+,"Age-specific rate (per 100,000)",2003–2007,13.1,,13.200482,0.10048236846923864
Tas,65+,"Age-specific rate (per 100,000)",2004–2008,13.4,,13.904557,0.5045572280883786
Tas,65+,"Age-specific rate (per 100,000)",2005–2009,13.7,,14.23368,0.5336797714233406
Tas,65+,"Age-specific rate (per 100,000)",2006–2010,13.6,,14.312853,0.7128528594970707
Tas,65+,"Age-specific rate (per 100,000)",2007–2011,15.8,,14.377619,1.4223812103271491
Tas,65+,"Age-specific rate (per 100,000)",2008–2012,15.5,,14.686427,0.813572883605957
Tas,65+,"Age-specific rate (per 100,000)",2009–2013,14.8,,14.892789,0.09278888702392507
Tas,65+,"Age-specific rate (per 100,000)",2010–2014,13.6,,14.911815,1.3118146896362308
Tas,65+,"Age-specific rate (per 100,000)",2011–2015,14.5,,16.200178,1.7001781463623047
Tas,65+,"Age-specific rate (per 100,000)",2012–2016,15.1,,16.000896,0.9008964538574222
Tas,65+,"Age-specific rate (per 100,000)",2013–2017,16.3,,16.821278,0.5212776184082024
Tas,65+,"Age-specific rate (per 100,000)",2014–2018,17.3,,16.756927,0.5430725097656257
Tas,65+,"Age-specific rate (per 100,000)",2015–2019,19.6,,18.183857,1.4161430358886733
Tas,65+,"Age-specific rate (per 100,000)",2016–2020,19.5,,17.761576,1.738424301147461
Tas,65+,"Age-specific rate (per 100,000)",2017–2021,19.0,,17.814802,1.1851978302001953
Tas,65+,"Age-specific rate (per 100,000)",2018–2022,19.2,,18.008568,1.1914321899414055
Tas,65+,"Age-specific rate (per 100,000)",2019–2023,19.0,,17.492876,1.5071239471435547
Tas,65+,"Age-specific rate (per 100,000)",2020–2024,16.8,,16.416767,0.3832328796386726
Tas,65–74,"Age-specific rate (per 100,000)",2001–2005,12.2,,13.224845,1.024844932556153
Tas,65–74,"Age-specific rate (per 100,000)",2002–2006,10.9,,12.720941,1.8209405899047848
Tas,65–74,"Age-specific rate (per 100,000)",2003–2007,10.2,,12.538688,2.338687705993653
Tas,65–74,"Age-specific rate (per 100,000)",2004–2008,10.6,,12.129642,1.5296415328979496
Tas,65–74,"Age-specific rate (per 100,000)",2005–2009,10.3,,13.910958,3.610958290100097
Tas,65–74,"Age-specific rate (per 100,000)",2006–2010,9.9,,11.8967905,1.996790504455566
Tas,65–74,"Age-specific rate (per 100,000)",2007–2011,10.0,,11.660295,1.660294532775879
Tas,65–74,"Age-specific rate (per 100,000)",2008–2012,10.9,,12.662589,1.762589073181152
Tas,65–74,"Age-specific rate (per 100,000)",2009–2013,9.2,,12.224418,3.024417686462403
Tas,65–74,"Age-specific rate (per 100,000)",2010–2014,8.7,,11.783067,3.0830667495727546
Tas,65–74,"Age-specific rate (per 100,000)",2011–2015,10.7,,15.373317,4.673316764831544
Tas,65–74,"Age-specific rate (per 100,000)",2012–2016,12.9,,14.0344305,1.1344305038452145
Tas,65–74,"Age-specific rate (per 100,000)",2013–2017,13.2,,14.344867,1.1448667526245124
Tas,65–74,"Age-specific rate (per 100,000)",2014–2018,15.2,,15.816106,0.6161058425903327
Tas,65–74,"Age-specific rate (per 100,000)",2015–2019,17.3,,16.419044,0.8809555053710945
Tas,65–74,"Age-specific rate (per 100,000)",2016–2020,17.6,,15.893284,1.7067161560058608
Tas,65–74,"Age-specific rate (per 100,000)",2017–2021,19.0,,16.412476,2.5875244140625
Tas,65–74,"Age-specific rate (per 100,000)",2018–2022,19.1,,17.51931,1.5806900024414077
Tas,65–74,"Age-specific rate (per 100,000)",2019–2023,18.0,,15.596508,2.403491973876953
Tas,65–74,"Age-specific rate (per 100,000)",2020–2024,17.0,,14.69371,2.3062896728515625
Tas,75–84,"Age-specific rate (per 100,000)",2001–2005,17.6,,17.927677,0.3276771545410142
Tas,75–84,"Age-specific rate (per 100,000)",2002–2006,14.7,,16.004023,1.3040225982666023
Tas,75–84,"Age-specific rate (per 100,000)",2003–2007,16.1,,18.764671,2.6646713256835923
Tas,75–84,"Age-specific rate (per 100,000)",2004–2008,15.1,,15.130391,0.030391120910644887
Tas,75–84,"Age-specific rate (per 100,000)",2005–2009,14.2,,16.286415,2.086415100097657
Tas,75–84,"Age-specific rate (per 100,000)",2006–2010,14.9,,17.132637,2.232637023925781
Tas,75–84,"Age-specific rate (per 100,000)",2007–2011,18.6,,18.516687,0.08331260681152486
Tas,75–84,"Age-specific rate (per 100,000)",2008–2012,17.7,,19.41352,1.713520812988282
Tas,75–84,"Age-specific rate (per 100,000)",2009–2013,19.9,,18.312248,1.5877517700195298
Tas,75–84,"Age-specific rate (per 100,000)",2010–2014,17.3,,17.874905,0.5749046325683587
Tas,75–84,"Age-specific rate (per 100,000)",2011–2015,17.7,,19.28479,1.5847900390625007
Tas,75–84,"Age-specific rate (per 100,000)",2012–2016,16.6,,18.263014,1.6630138397216783
Tas,75–84,"Age-specific rate (per 100,000)",2013–2017,20.5,,19.033764,1.4662361145019531
Tas,75–84,"Age-specific rate (per 100,000)",2014–2018,19.3,,20.309689,1.0096885681152337
Tas,75–84,"Age-specific rate (per 100,000)",2015–2019,21.9,,20.658676,1.241323852539061
Tas,75–84,"Age-specific rate (per 100,000)",2016–2020,20.5,,21.019773,0.5197734832763672
Tas,75–84,"Age-specific rate (per 100,000)",2017–2021,18.2,,19.578396,1.37839584350586
Tas,75–84,"Age-specific rate (per 100,000)",2018–2022,17.3,,19.394558,2.0945579528808587
Tas,75–84,"Age-specific rate (per 100,000)",2019–2023,19.3,,18.452202,0.847798156738282
Tas,75–84,"Age-specific rate (per 100,000)",2020–2024,16.5,,15.03871,1.4612903594970703
Tas,85+,"Age-specific rate (per 100,000)",2001–2005,21.1,,28.81234,7.712339782714842
Tas,85+,"Age-specific rate (per 100,000)",2002–2006,26.0,,26.91332,0.9133205413818359
Tas,85+,"Age-specific rate (per 100,000)",2003–2007,17.4,,30.21391,12.813909149169923
Tas,85+,"Age-specific rate (per 100,000)",2004–2008,21.2,,25.611963,4.411963272094727
Tas,85+,"Age-specific rate (per 100,000)",2005–2009,27.0,,27.588562,0.58856201171875
Tas,85+,"Age-specific rate (per 100,000)",2006–2010,25.9,,27.231834,1.3318344116210952
Tas,85+,"Age-specific rate (per 100,000)",2007–2011,33.6,,28.412985,5.1870151519775405
Tas,85+,"Age-specific rate (per 100,000)",2008–2012,30.3,,28.640305,1.6596954345703132
Tas,85+,"Age-specific rate (per 100,000)",2009–2013,27.2,,26.907143,0.29285736083984304
Tas,85+,"Age-specific rate (per 100,000)",2010–2014,26.6,,25.899406,0.7005935668945327
Tas,85+,"Age-specific rate (per 100,000)",2011–2015,24.3,,28.069363,3.7693626403808587
Tas,85+,"Age-specific rate (per 100,000)",2012–2016,21.8,,27.92297,6.122969818115234
Tas,85+,"Age-specific rate (per 100,000)",2013–2017,21.2,,27.004314,5.804314422607423
Tas,85+,"Age-specific rate (per 100,000)",2014–2018,22.4,,30.152733,7.752732849121095
Tas,85+,"Age-specific rate (per 100,000)",2015–2019,25.4,,29.414694,4.014693832397462
Tas,85+,"Age-specific rate (per 100,000)",2016–2020,26.8,,29.171963,2.3719627380371087
Tas,85+,"Age-specific rate (per 100,000)",2017–2021,21.2,,30.996555,9.796555328369141
Tas,85+,"Age-specific rate (per 100,000)",2018–2022,25.5,,29.496578,3.9965782165527344
Tas,85+,"Age-specific rate (per 100,000)",2019–2023,23.2,,26.48492,3.284920501708985
Tas,85+,"Age-specific rate (per 100,000)",2020–2024,16.4,,22.757696,6.3576961517334
Tas,Total,"Age-specific rate (per 100,000)",2001–2005,15.3,,15.073518,0.2264822006225593
Tas,Total,"Age-specific rate (per 100,000)",2002–2006,15.4,,14.091935,1.3080648422241214
Tas,Total,"Age-specific rate (per 100,000)",2003–2007,15.2,,14.476482,0.7235176086425774
Tas,Total,"Age-specific rate (per 100,000)",2004–2008,15.2,,14.502255,0.6977445602416985
Tas,Total,"Age-specific rate (per 100,000)",2005–2009,14.8,,14.645108,0.15489177703857493
Tas,Total,"Age-specific rate (per 100,000)",2006–2010,14.2,,14.534105,0.334105300903321
Tas,Total,"Age-specific rate (per 100,000)",2007–2011,14.1,,14.685311,0.585311317443848
Tas,Total,"Age-specific rate (per 100,000)",2008–2012,14.2,,14.842526,0.6425264358520515
Tas,Total,"Age-specific rate (per 100,000)",2009–2013,14.2,,14.479697,0.27969722747802805
Tas,Total,"Age-specific rate (per 100,000)",2010–2014,13.8,,14.725711,0.9257108688354485
Tas,Total,"Age-specific rate (per 100,000)",2011–2015,14.5,,15.946076,1.4460763931274414
Tas,Total,"Age-specific rate (per 100,000)",2012–2016,15.2,,15.551402,0.3514020919799812
Tas,Total,"Age-specific rate (per 100,000)",2013–2017,15.5,,15.957456,0.4574556350708008
Tas,Total,"Age-specific rate (per 100,000)",2014–2018,15.6,,17.126648,1.5266479492187504
Tas,Total,"Age-specific rate (per 100,000)",2015–2019,16.7,,17.460428,0.7604282379150398
Tas,Total,"Age-specific rate (per 100,000)",2016–2020,16.6,,17.647831,1.0478309631347642
Tas,Total,"Age-specific rate (per 100,000)",2017–2021,15.8,,16.71386,0.913859558105468
Tas,Total,"Age-specific rate (per 100,000)",2018–2022,15.8,,17.07729,1.2772895812988274
Tas,Total,"Age-specific rate (per 100,000)",2019–2023,15.9,,16.851288,0.9512878417968746
Tas,Total,"Age-specific rate (per 100,000)",2020–2024,14.9,,15.584938,0.6849380493164059
ACT,0–24,"Age-specific rate (per 100,000)",2001–2005,4.4,,4.1254005,0.27459945678710973
ACT,0–24,"Age-specific rate (per 100,000)",2002–2006,4.3,,4.872007,0.5720068931579592
ACT,0–24,"Age-specific rate (per 100,000)",2003–2007,4.3,,5.147732,0.8477317810058596
ACT,0–24,"Age-specific rate (per 100,000)",2004–2008,3.9,,4.2278934,0.327893352508545
ACT,0–24,"Age-specific rate (per 100,000)",2005–2009,3.9,,4.2100205,0.3100205421447755
ACT,0–24,"Age-specific rate (per 100,000)",2006–2010,3.3,,3.8495088,0.5495087623596193
ACT,0–24,"Age-specific rate (per 100,000)",2007–2011,3.1,,4.0784836,0.9784835815429687
ACT,0–24,"Age-specific rate (per 100,000)",2008–2012,3.2,,3.3047442,0.104744243621826
ACT,0–24,"Age-specific rate (per 100,000)",2009–2013,2.9,,3.8418474,0.9418474197387696
ACT,0–24,"Age-specific rate (per 100,000)",2010–2014,3.3,,2.8895092,0.41049079895019513
ACT,0–24,"Age-specific rate (per 100,000)",2011–2015,4.4,,4.795802,0.3958021163940426
ACT,0–24,"Age-specific rate (per 100,000)",2012–2016,4.2,,3.3732183,0.8267817020416262
ACT,0–24,"Age-specific rate (per 100,000)",2013–2017,5.5,,3.9941893,1.5058107376098633
ACT,0–24,"Age-specific rate (per 100,000)",2014–2018,6.4,,5.2105074,1.1894926071166996
ACT,0–24,"Age-specific rate (per 100,000)",2015–2019,6.8,,5.2920747,1.5079253196716307
ACT,0–24,"Age-specific rate (per 100,000)",2016–2020,7.1,,4.5502653,2.5497346878051754
ACT,0–24,"Age-specific rate (per 100,000)",2017–2021,8.1,,6.159018,1.9409819602966305
ACT,0–24,"Age-specific rate (per 100,000)",2018–2022,7.1,,5.634429,1.465571022033691
ACT,0–24,"Age-specific rate (per 100,000)",2019–2023,5.7,,4.421442,1.2785579681396486
ACT,0–24,"Age-specific rate (per 100,000)",2020–2024,4.7,,4.6175833,0.08241672515869158
ACT,5–24,"Age-specific rate (per 100,000)",2001–2005,5.3,,6.155697,0.8556968688964846
ACT,5–24,"Age-specific rate (per 100,000)",2002–2006,5.2,,5.478288,0.27828817367553693
ACT,5–24,"Age-specific rate (per 100,000)",2003–2007,5.2,,5.416935,0.21693496704101545
ACT,5–24,"Age-specific rate (per 100,000)",2004–2008,4.8,,4.482149,0.317850875854492
ACT,5–24,"Age-specific rate (per 100,000)",2005–2009,4.7,,5.0324187,0.3324187278747557
ACT,5–24,"Age-specific rate (per 100,000)",2006–2010,4.1,,4.4371915,0.33719148635864293
ACT,5–24,"Age-specific rate (per 100,000)",2007–2011,3.8,,5.7779922,1.9779922485351564
ACT,5–24,"Age-specific rate (per 100,000)",2008–2012,4.0,,5.299715,1.2997150421142578
ACT,5–24,"Age-specific rate (per 100,000)",2009–2013,3.6,,4.0988345,0.49883451461791983
ACT,5–24,"Age-specific rate (per 100,000)",2010–2014,4.1,,4.583415,0.4834150314331058
ACT,5–24,"Age-specific rate (per 100,000)",2011–2015,5.5,,7.2044387,1.7044386863708496
ACT,5–24,"Age-specific rate (per 100,000)",2012–2016,5.3,,6.788255,1.4882552146911623
ACT,5–24,"Age-specific rate (per 100,000)",2013–2017,6.9,,6.609222,0.29077806472778356
ACT,5–24,"Age-specific rate (per 100,000)",2014–2018,8.2,,7.202782,0.9972178459167473
ACT,5–24,"Age-specific rate (per 100,000)",2015–2019,8.6,,6.989051,1.6109491348266598
ACT,5–24,"Age-specific rate (per 100,000)",2016–2020,8.8,,6.9988546,1.8011453628540046
ACT,5–24,"Age-specific rate (per 100,000)",2017–2021,10.1,,7.8480163,2.2519837379455563
ACT,5–24,"Age-specific rate (per 100,000)",2018–2022,8.8,,8.302476,0.4975240707397468
ACT,5–24,"Age-specific rate (per 100,000)",2019–2023,7.0,,6.1312246,0.8687753677368164
ACT,5–24,"Age-specific rate (per 100,000)",2020–2024,5.8,,6.0103216,0.21032161712646502
ACT,15–24,"Age-specific rate (per 100,000)",2001–2005,9.8,,12.764594,2.964594078063964
ACT,15–24,"Age-specific rate (per 100,000)",2002–2006,9.3,,12.844529,3.544529151916503
ACT,15–24,"Age-specific rate (per 100,000)",2003–2007,9.3,,13.655128,4.355127525329589
ACT,15–24,"Age-specific rate (per 100,000)",2004–2008,8.1,,10.316834,2.2168344497680668
ACT,15–24,"Age-specific rate (per 100,000)",2005–2009,7.9,,11.661269,3.7612691879272457
ACT,15–24,"Age-specific rate (per 100,000)",2006–2010,6.8,,10.002719,3.2027189254760744
ACT,15–24,"Age-specific rate (per 100,000)",2007–2011,6.3,,11.225162,4.925161552429199
ACT,15–24,"Age-specific rate (per 100,000)",2008–2012,6.5,,9.588639,3.088639259338379
ACT,15–24,"Age-specific rate (per 100,000)",2009–2013,6.2,,10.516976,4.3169763565063475
ACT,15–24,"Age-specific rate (per 100,000)",2010–2014,6.9,,10.514637,3.6146369934082028
ACT,15–24,"Age-specific rate (per 100,000)",2011–2015,9.4,,12.805585,3.405584907531738
ACT,15–24,"Age-specific rate (per 100,000)",2012–2016,9.1,,12.8108,3.710799598693848
ACT,15–24,"Age-specific rate (per 100,000)",2013–2017,11.9,,13.838817,1.9388166427612301
ACT,15–24,"Age-specific rate (per 100,000)",2014–2018,13.9,,13.185588,0.7144121170043949
ACT,15–24,"Age-specific rate (per 100,000)",2015–2019,15.1,,13.744657,1.3553434371948239
ACT,15–24,"Age-specific rate (per 100,000)",2016–2020,15.7,,13.714736,1.9852640151977532
ACT,15–24,"Age-specific rate (per 100,000)",2017–2021,17.9,,13.940931,3.959068679809569
ACT,15–24,"Age-specific rate (per 100,000)",2018–2022,16.3,,14.771213,1.5287874221801765
ACT,15–24,"Age-specific rate (per 100,000)",2019–2023,13.1,,11.241693,1.8583074569702145
ACT,15–24,"Age-specific rate (per 100,000)",2020–2024,10.8,,11.403777,0.6037771224975579
ACT,25–34,"Age-specific rate (per 100,000)",2001–2005,18.3,,14.2584305,4.0415695190429695
ACT,25–34,"Age-specific rate (per 100,000)",2002–2006,15.6,,17.86603,2.266029739379883
ACT,25–34,"Age-specific rate (per 100,000)",2003–2007,16.6,,17.299496,0.699495697021483
ACT,25–34,"Age-specific rate (per 100,000)",2004–2008,14.6,,15.65641,1.0564102172851566
ACT,25–34,"Age-specific rate (per 100,000)",2005–2009,13.8,,16.721664,2.921664428710937
ACT,25–34,"Age-specific rate (per 100,000)",2006–2010,13.1,,13.371731,0.27173080444335973
ACT,25–34,"Age-specific rate (per 100,000)",2007–2011,12.8,,13.832322,1.0323221206665032
ACT,25–34,"Age-specific rate (per 100,000)",2008–2012,10.4,,13.324984,2.9249835968017575
ACT,25–34,"Age-specific rate (per 100,000)",2009–2013,9.7,,10.083658,0.3836582183837898
ACT,25–34,"Age-specific rate (per 100,000)",2010–2014,8.4,,9.800712,1.400711631774902
ACT,25–34,"Age-specific rate (per 100,000)",2011–2015,6.9,,10.529616,3.6296163558959957
ACT,25–34,"Age-specific rate (per 100,000)",2012–2016,6.0,,11.866279,5.866278648376465
ACT,25–34,"Age-specific rate (per 100,000)",2013–2017,6.8,,11.555732,4.755731773376465
ACT,25–34,"Age-specific rate (per 100,000)",2014–2018,8.1,,11.999921,3.8999208450317386
ACT,25–34,"Age-specific rate (per 100,000)",2015–2019,9.1,,11.45691,2.3569101333618168
ACT,25–34,"Age-specific rate (per 100,000)",2016–2020,10.7,,12.491975,1.7919748306274421
ACT,25–34,"Age-specific rate (per 100,000)",2017–2021,12.6,,13.464208,0.8642076492309574
ACT,25–34,"Age-specific rate (per 100,000)",2018–2022,13.1,,13.136552,0.03655185699462926
ACT,25–34,"Age-specific rate (per 100,000)",2019–2023,13.5,,13.231702,0.2682981491088867
ACT,25–34,"Age-specific rate (per 100,000)",2020–2024,13.3,,12.826556,0.473443794250489
ACT,35–44,"Age-specific rate (per 100,000)",2001–2005,16.0,,15.223073,0.7769269943237305
ACT,35–44,"Age-specific rate (per 100,000)",2002–2006,13.6,,15.560163,1.9601625442504886
ACT,35–44,"Age-specific rate (per 100,000)",2003–2007,12.9,,16.188637,3.288636779785156
ACT,35–44,"Age-specific rate (per 100,000)",2004–2008,14.7,,15.408155,0.7081554412841804
ACT,35–44,"Age-specific rate (per 100,000)",2005–2009,14.5,,16.038368,1.5383682250976562
ACT,35–44,"Age-specific rate (per 100,000)",2006–2010,16.2,,16.80569,0.6056907653808601
ACT,35–44,"Age-specific rate (per 100,000)",2007–2011,15.6,,15.582925,0.01707515716552699
ACT,35–44,"Age-specific rate (per 100,000)",2008–2012,15.0,,15.303887,0.30388736724853516
ACT,35–44,"Age-specific rate (per 100,000)",2009–2013,14.1,,15.29218,1.1921800613403324
ACT,35–44,"Age-specific rate (per 100,000)",2010–2014,16.3,,15.186575,1.1134250640869148
ACT,35–44,"Age-specific rate (per 100,000)",2011–2015,16.4,,16.29361,0.10639038085937358
ACT,35–44,"Age-specific rate (per 100,000)",2012–2016,15.1,,14.887239,0.21276054382324183
ACT,35–44,"Age-specific rate (per 100,000)",2013–2017,18.7,,16.702354,1.9976455688476555
ACT,35–44,"Age-specific rate (per 100,000)",2014–2018,16.7,,17.550507,0.8505065917968757
ACT,35–44,"Age-specific rate (per 100,000)",2015–2019,17.5,,16.583866,0.9161338806152344
ACT,35–44,"Age-specific rate (per 100,000)",2016–2020,17.0,,17.305069,0.3050689697265625
ACT,35–44,"Age-specific rate (per 100,000)",2017–2021,20.7,,17.211077,3.488923263549804
ACT,35–44,"Age-specific rate (per 100,000)",2018–2022,20.3,,17.405607,2.8943927764892585
ACT,35–44,"Age-specific rate (per 100,000)",2019–2023,19.7,,17.011919,2.688080978393554
ACT,35–44,"Age-specific rate (per 100,000)",2020–2024,17.4,,15.719201,1.6807989120483384
ACT,45–54,"Age-specific rate (per 100,000)",2001–2005,13.3,,12.047406,1.2525938034057624
ACT,45–54,"Age-specific rate (per 100,000)",2002–2006,13.2,,12.266095,0.933904838562011
ACT,45–54,"Age-specific rate (per 100,000)",2003–2007,12.8,,13.345221,0.5452205657958977
ACT,45–54,"Age-specific rate (per 100,000)",2004–2008,12.7,,12.916541,0.21654109954834055
ACT,45–54,"Age-specific rate (per 100,000)",2005–2009,11.4,,12.727743,1.3277431488037106
ACT,45–54,"Age-specific rate (per 100,000)",2006–2010,12.6,,13.117711,0.5177110671997074
ACT,45–54,"Age-specific rate (per 100,000)",2007–2011,12.1,,13.448314,1.3483137130737308
ACT,45–54,"Age-specific rate (per 100,000)",2008–2012,11.6,,12.079524,0.4795240402221683
ACT,45–54,"Age-specific rate (per 100,000)",2009–2013,11.9,,13.018279,1.1182790756225582
ACT,45–54,"Age-specific rate (per 100,000)",2010–2014,13.1,,12.298474,0.8015256881713864
ACT,45–54,"Age-specific rate (per 100,000)",2011–2015,12.6,,13.837636,1.2376359939575199
ACT,45–54,"Age-specific rate (per 100,000)",2012–2016,12.5,,14.1308565,1.6308565139770508
ACT,45–54,"Age-specific rate (per 100,000)",2013–2017,13.2,,14.451715,1.2517154693603523
ACT,45–54,"Age-specific rate (per 100,000)",2014–2018,13.4,,15.706571,2.3065706253051754
ACT,45–54,"Age-specific rate (per 100,000)",2015–2019,12.3,,15.128803,2.8288032531738274
ACT,45–54,"Age-specific rate (per 100,000)",2016–2020,13.3,,14.9024725,1.6024724960327141
ACT,45–54,"Age-specific rate (per 100,000)",2017–2021,14.1,,14.41962,0.3196195602416996
ACT,45–54,"Age-specific rate (per 100,000)",2018–2022,15.3,,14.982265,0.31773452758789134
ACT,45–54,"Age-specific rate (per 100,000)",2019–2023,15.1,,15.391494,0.29149379730224645
ACT,45–54,"Age-specific rate (per 100,000)",2020–2024,15.4,,14.151662,1.2483381271362308
ACT,55–64,"Age-specific rate (per 100,000)",2001–2005,7.1,,9.611358,2.511357688903809
ACT,55–64,"Age-specific rate (per 100,000)",2002–2006,6.2,,8.699973,2.499973106384277
ACT,55–64,"Age-specific rate (per 100,000)",2003–2007,7.7,,9.470756,1.7707555770874022
ACT,55–64,"Age-specific rate (per 100,000)",2004–2008,8.6,,10.211125,1.6111253738403324
ACT,55–64,"Age-specific rate (per 100,000)",2005–2009,11.6,,10.894366,0.7056337356567379
ACT,55–64,"Age-specific rate (per 100,000)",2006–2010,11.8,,11.592836,0.2071636199951179
ACT,55–64,"Age-specific rate (per 100,000)",2007–2011,12.0,,10.976319,1.0236806869506836
ACT,55–64,"Age-specific rate (per 100,000)",2008–2012,12.3,,10.28727,2.0127304077148445
ACT,55–64,"Age-specific rate (per 100,000)",2009–2013,12.2,,11.589547,0.6104528427124016
ACT,55–64,"Age-specific rate (per 100,000)",2010–2014,11.1,,10.226676,0.8733240127563473
ACT,55–64,"Age-specific rate (per 100,000)",2011–2015,12.0,,11.623416,0.3765840530395508
ACT,55–64,"Age-specific rate (per 100,000)",2012–2016,10.9,,11.582818,0.6828180313110348
ACT,55–64,"Age-specific rate (per 100,000)",2013–2017,13.2,,12.747574,0.4524261474609368
ACT,55–64,"Age-specific rate (per 100,000)",2014–2018,14.4,,13.434005,0.9659952163696293
ACT,55–64,"Age-specific rate (per 100,000)",2015–2019,13.7,,13.173036,0.5269643783569329
ACT,55–64,"Age-specific rate (per 100,000)",2016–2020,13.0,,13.078116,0.07811641693115234
ACT,55–64,"Age-specific rate (per 100,000)",2017–2021,15.1,,13.269537,1.8304630279541012
ACT,55–64,"Age-specific rate (per 100,000)",2018–2022,12.5,,13.690432,1.1904315948486328
ACT,55–64,"Age-specific rate (per 100,000)",2019–2023,13.9,,13.0571375,0.8428625106811527
ACT,55–64,"Age-specific rate (per 100,000)",2020–2024,15.3,,12.915746,2.3842542648315437
ACT,45–64,"Age-specific rate (per 100,000)",2001–2005,10.5,,11.152113,0.6521129608154297
ACT,45–64,"Age-specific rate (per 100,000)",2002–2006,10.4,,11.306762,0.9067617416381832
ACT,45–64,"Age-specific rate (per 100,000)",2003–2007,10.7,,12.3112955,1.6112955093383796
ACT,45–64,"Age-specific rate (per 100,000)",2004–2008,11.0,,11.323449,0.32344913482666016
ACT,45–64,"Age-specific rate (per 100,000)",2005–2009,11.7,,12.132488,0.4324882507324226
ACT,45–64,"Age-specific rate (per 100,000)",2006–2010,12.5,,13.24237,0.7423696517944336
ACT,45–64,"Age-specific rate (per 100,000)",2007–2011,12.1,,12.019308,0.08069190979003871
ACT,45–64,"Age-specific rate (per 100,000)",2008–2012,11.9,,11.951428,0.051428413391112926
ACT,45–64,"Age-specific rate (per 100,000)",2009–2013,12.0,,11.67304,0.32695960998535156
ACT,45–64,"Age-specific rate (per 100,000)",2010–2014,12.2,,12.328668,0.12866764068603587
ACT,45–64,"Age-specific rate (per 100,000)",2011–2015,12.3,,13.156965,0.856965255737304
ACT,45–64,"Age-specific rate (per 100,000)",2012–2016,11.8,,12.735816,0.9358160018920891
ACT,45–64,"Age-specific rate (per 100,000)",2013–2017,13.2,,14.314417,1.1144168853759773
ACT,45–64,"Age-specific rate (per 100,000)",2014–2018,13.8,,14.812416,1.0124160766601555
ACT,45–64,"Age-specific rate (per 100,000)",2015–2019,12.9,,14.667023,1.7670227050781246
ACT,45–64,"Age-specific rate (per 100,000)",2016–2020,13.2,,15.288934,2.088933753967286
ACT,45–64,"Age-specific rate (per 100,000)",2017–2021,14.6,,13.964221,0.6357789993286129
ACT,45–64,"Age-specific rate (per 100,000)",2018–2022,14.0,,14.661606,0.6616058349609375
ACT,45–64,"Age-specific rate (per 100,000)",2019–2023,14.6,,14.540129,0.05987129211425746
ACT,45–64,"Age-specific rate (per 100,000)",2020–2024,15.3,,13.414186,1.8858144760131843
ACT,65+,"Age-specific rate (per 100,000)",2001–2005,8.9,,12.176757,3.2767568588256832
ACT,65+,"Age-specific rate (per 100,000)",2002–2006,8.7,,11.8196745,3.119674491882325
ACT,65+,"Age-specific rate (per 100,000)",2003–2007,10.3,,10.024059,0.27594070434570384
ACT,65+,"Age-specific rate (per 100,000)",2004–2008,10.6,,11.090504,0.4905036926269535
ACT,65+,"Age-specific rate (per 100,000)",2005–2009,12.0,,11.563208,0.43679237365722656
ACT,65+,"Age-specific rate (per 100,000)",2006–2010,12.2,,11.868792,0.331208419799804
ACT,65+,"Age-specific rate (per 100,000)",2007–2011,14.0,,12.301833,1.698166847229004
ACT,65+,"Age-specific rate (per 100,000)",2008–2012,12.3,,12.14972,0.1502798080444343
ACT,65+,"Age-specific rate (per 100,000)",2009–2013,14.4,,11.549024,2.850976371765137
ACT,65+,"Age-specific rate (per 100,000)",2010–2014,12.6,,11.368787,1.2312131881713864
ACT,65+,"Age-specific rate (per 100,000)",2011–2015,12.0,,11.962367,0.03763294219970703
ACT,65+,"Age-specific rate (per 100,000)",2012–2016,13.2,,12.281544,0.9184562683105462
ACT,65+,"Age-specific rate (per 100,000)",2013–2017,14.7,,12.808759,1.891241264343261
ACT,65+,"Age-specific rate (per 100,000)",2014–2018,14.9,,12.903235,1.9967645645141605
ACT,65+,"Age-specific rate (per 100,000)",2015–2019,16.6,,14.038003,2.5619970321655288
ACT,65+,"Age-specific rate (per 100,000)",2016–2020,16.3,,14.023866,2.2761343002319343
ACT,65+,"Age-specific rate (per 100,000)",2017–2021,15.0,,13.641759,1.358241081237793
ACT,65+,"Age-specific rate (per 100,000)",2018–2022,14.4,,13.052497,1.3475030899047855
ACT,65+,"Age-specific rate (per 100,000)",2019–2023,11.6,,13.910232,2.3102315902709964
ACT,65+,"Age-specific rate (per 100,000)",2020–2024,9.7,,11.69317,1.9931695938110359
ACT,65–74,"Age-specific rate (per 100,000)",2001–2005,11.1,,10.618073,0.48192653656005824
ACT,65–74,"Age-specific rate (per 100,000)",2002–2006,8.4,,10.479102,2.0791021347045895
ACT,65–74,"Age-specific rate (per 100,000)",2003–2007,7.0,,10.357697,3.357696533203125
ACT,65–74,"Age-specific rate (per 100,000)",2004–2008,7.9,,10.77104,2.8710399627685543
ACT,65–74,"Age-specific rate (per 100,000)",2005–2009,8.6,,12.244289,3.6442893981933597
ACT,65–74,"Age-specific rate (per 100,000)",2006–2010,9.3,,10.274771,0.9747707366943352
ACT,65–74,"Age-specific rate (per 100,000)",2007–2011,8.9,,10.573888,1.6738878250122067
ACT,65–74,"Age-specific rate (per 100,000)",2008–2012,9.5,,9.76481,0.26480960845947266
ACT,65–74,"Age-specific rate (per 100,000)",2009–2013,12.6,,9.441314,3.158686256408691
ACT,65–74,"Age-specific rate (per 100,000)",2010–2014,10.8,,8.269131,2.5308692932128913
ACT,65–74,"Age-specific rate (per 100,000)",2011–2015,11.0,,10.713947,0.2860527038574219
ACT,65–74,"Age-specific rate (per 100,000)",2012–2016,11.2,,9.392962,1.8070375442504876
ACT,65–74,"Age-specific rate (per 100,000)",2013–2017,11.4,,9.843364,1.5566362380981449
ACT,65–74,"Age-specific rate (per 100,000)",2014–2018,10.2,,10.796911,0.5969112396240241
ACT,65–74,"Age-specific rate (per 100,000)",2015–2019,12.4,,11.518354,0.8816455841064457
ACT,65–74,"Age-specific rate (per 100,000)",2016–2020,11.3,,11.242045,0.05795459747314524
ACT,65–74,"Age-specific rate (per 100,000)",2017–2021,12.1,,11.462916,0.6370836257934567
ACT,65–74,"Age-specific rate (per 100,000)",2018–2022,12.9,,12.078553,0.821446800231934
ACT,65–74,"Age-specific rate (per 100,000)",2019–2023,10.4,,10.369815,0.030185127258301137
ACT,65–74,"Age-specific rate (per 100,000)",2020–2024,8.7,,9.777259,1.0772588729858406
ACT,75–84,"Age-specific rate (per 100,000)",2003–2007,9.4,,17.830505,8.43050537109375
ACT,75–84,"Age-specific rate (per 100,000)",2004–2008,9.2,,13.345974,4.14597396850586
ACT,75–84,"Age-specific rate (per 100,000)",2005–2009,12.6,,14.610344,2.010343933105469
ACT,75–84,"Age-specific rate (per 100,000)",2006–2010,14.3,,15.23844,0.9384395599365227
ACT,75–84,"Age-specific rate (per 100,000)",2007–2011,22.8,,17.13449,5.6655109405517585
ACT,75–84,"Age-specific rate (per 100,000)",2008–2012,19.0,,16.753536,2.2464637756347656
ACT,75–84,"Age-specific rate (per 100,000)",2009–2013,18.6,,15.996022,2.603977775573732
ACT,75–84,"Age-specific rate (per 100,000)",2010–2014,14.7,,15.470025,0.7700250625610359
ACT,75–84,"Age-specific rate (per 100,000)",2011–2015,12.7,,15.352805,2.652805137634278
ACT,75–84,"Age-specific rate (per 100,000)",2012–2016,12.2,,14.466535,2.266534614562989
ACT,75–84,"Age-specific rate (per 100,000)",2013–2017,16.2,,15.413213,0.7867872238159173
ACT,75–84,"Age-specific rate (per 100,000)",2014–2018,18.3,,16.025145,2.2748554229736335
ACT,75–84,"Age-specific rate (per 100,000)",2015–2019,20.1,,16.41915,3.6808506011962905
ACT,75–84,"Age-specific rate (per 100,000)",2016–2020,20.5,,16.929127,3.570873260498047
ACT,75–84,"Age-specific rate (per 100,000)",2017–2021,14.6,,14.993533,0.3935331344604496
ACT,75–84,"Age-specific rate (per 100,000)",2018–2022,11.4,,14.288884,2.8888841629028317
ACT,75–84,"Age-specific rate (per 100,000)",2019–2023,9.6,,13.9026575,4.302657508850098
ACT,75–84,"Age-specific rate (per 100,000)",2020–2024,6.9,,11.411191,4.5111909866333
ACT,85+,"Age-specific rate (per 100,000)",2003–2007,31.3,,25.86427,5.435730743408204
ACT,85+,"Age-specific rate (per 100,000)",2004–2008,29.5,,20.99759,8.502410888671875
ACT,85+,"Age-specific rate (per 100,000)",2005–2009,27.1,,23.538239,3.5617614746093764
ACT,85+,"Age-specific rate (per 100,000)",2012–2016,25.2,,24.317417,0.8825828552246087
ACT,85+,"Age-specific rate (per 100,000)",2013–2017,27.7,,23.86837,3.8316299438476555
ACT,85+,"Age-specific rate (per 100,000)",2014–2018,30.1,,26.25531,3.8446899414062514
ACT,85+,"Age-specific rate (per 100,000)",2015–2019,29.3,,24.846588,4.453411865234376
ACT,85+,"Age-specific rate (per 100,000)",2016–2020,32.0,,24.127613,7.872386932373047
ACT,85+,"Age-specific rate (per 100,000)",2017–2021,31.1,,26.758904,4.341096496582033
ACT,85+,"Age-specific rate (per 100,000)",2018–2022,29.9,,25.398695,4.501305007934569
ACT,85+,"Age-specific rate (per 100,000)",2019–2023,23.0,,22.411972,0.5880279541015625
ACT,85+,"Age-specific rate (per 100,000)",2020–2024,22.0,,20.035824,1.9641761779785156
ACT,Total,"Age-specific rate (per 100,000)",2001–2005,10.3,,9.847075,0.4529245376586921
ACT,Total,"Age-specific rate (per 100,000)",2002–2006,9.4,,10.476941,1.076941108703613
ACT,Total,"Age-specific rate (per 100,000)",2003–2007,9.7,,10.475647,0.7756469726562507
ACT,Total,"Age-specific rate (per 100,000)",2004–2008,9.6,,10.296891,0.6968912124633793
ACT,Total,"Age-specific rate (per 100,000)",2005–2009,9.7,,10.342687,0.6426866531372077
ACT,Total,"Age-specific rate (per 100,000)",2006–2010,9.9,,10.183163,0.283162689208984
ACT,Total,"Age-specific rate (per 100,000)",2007–2011,9.8,,10.132392,0.33239192962646413
ACT,Total,"Age-specific rate (per 100,000)",2008–2012,9.2,,9.791587,0.591586875915528
ACT,Total,"Age-specific rate (per 100,000)",2009–2013,9.1,,8.687933,0.4120670318603512
ACT,Total,"Age-specific rate (per 100,000)",2010–2014,9.2,,8.885919,0.31408138275146413
ACT,Total,"Age-specific rate (per 100,000)",2011–2015,9.3,,9.888854,0.5888540267944329
ACT,Total,"Age-specific rate (per 100,000)",2012–2016,8.9,,9.112333,0.21233329772949183
ACT,Total,"Age-specific rate (per 100,000)",2013–2017,10.5,,9.897671,0.6023292541503906
ACT,Total,"Age-specific rate (per 100,000)",2014–2018,11.0,,11.930769,0.9307689666748047
ACT,Total,"Age-specific rate (per 100,000)",2015–2019,11.4,,10.646337,0.7536634445190433
ACT,Total,"Age-specific rate (per 100,000)",2016–2020,11.7,,11.407183,0.292817306518554
ACT,Total,"Age-specific rate (per 100,000)",2017–2021,13.1,,11.659746,1.4402538299560543
ACT,Total,"Age-specific rate (per 100,000)",2018–2022,12.6,,11.982764,0.6172357559204098
ACT,Total,"Age-specific rate (per 100,000)",2019–2023,11.9,,11.915815,0.015815353393554332
ACT,Total,"Age-specific rate (per 100,000)",2020–2024,11.2,,11.879441,0.6794412612915046
NT,0–14,"Age-specific rate (per 100,000)",2006–2010,1.9,,14.090463,12.190462684631347
NT,0–14,"Age-specific rate (per 100,000)",2007–2011,1.9,,15.463962,13.563961601257324
NT,0–14,"Age-specific rate (per 100,000)",2009–2013,1.9,,7.854081,5.9540811538696286
NT,0–14,"Age-specific rate (per 100,000)",2010–2014,2.6,,7.2404327,4.640432739257813
NT,0–14,"Age-specific rate (per 100,000)",2011–2015,2.2,,11.764392,9.564391899108887
NT,0–14,"Age-specific rate (per 100,000)",2012–2016,2.6,,11.144511,8.544511222839356
NT,0–14,"Age-specific rate (per 100,000)",2013–2017,2.6,,8.67663,6.076630020141602
NT,0–14,"Age-specific rate (per 100,000)",2014–2018,2.2,,12.239168,10.039168167114259
NT,0–14,"Age-specific rate (per 100,000)",2016–2020,2.2,,11.779161,9.579161453247071
NT,5–14,"Age-specific rate (per 100,000)",2006–2010,2.9,,2.9093533,0.009353256225586026
NT,5–14,"Age-specific rate (per 100,000)",2007–2011,2.9,,4.093207,1.1932068824768067
NT,5–14,"Age-specific rate (per 100,000)",2009–2013,2.9,,1.5185494,1.3814505577087401
NT,5–14,"Age-specific rate (per 100,000)",2010–2014,4.1,,1.8579774,2.242022609710693
NT,5–14,"Age-specific rate (per 100,000)",2011–2015,3.5,,3.7980356,0.2980356216430664
NT,5–14,"Age-specific rate (per 100,000)",2012–2016,4.1,,3.5798368,0.5201631546020504
NT,5–14,"Age-specific rate (per 100,000)",2013–2017,4.1,,2.8080766,1.291923379898071
NT,5–14,"Age-specific rate (per 100,000)",2014–2018,3.5,,2.5327578,0.9672422409057617
NT,5–14,"Age-specific rate (per 100,000)",2016–2020,3.4,,2.764759,0.6352409362792968
NT,0–24,"Age-specific rate (per 100,000)",2001–2005,16.3,,17.77235,1.4723503112792962
NT,0–24,"Age-specific rate (per 100,000)",2002–2006,15.8,,20.73359,4.9335891723632805
NT,0–24,"Age-specific rate (per 100,000)",2003–2007,18.1,,20.627474,2.5274738311767564
NT,0–24,"Age-specific rate (per 100,000)",2004–2008,17.0,,19.149145,2.1491451263427734
NT,0–24,"Age-specific rate (per 100,000)",2005–2009,16.0,,20.089758,4.089757919311523
NT,0–24,"Age-specific rate (per 100,000)",2006–2010,15.0,,15.62997,0.629969596862793
NT,0–24,"Age-specific rate (per 100,000)",2007–2011,16.5,,18.077103,1.5771026611328125
NT,0–24,"Age-specific rate (per 100,000)",2008–2012,15.5,,14.427793,1.0722074508666992
NT,0–24,"Age-specific rate (per 100,000)",2009–2013,16.6,,12.124147,4.475852584838869
NT,0–24,"Age-specific rate (per 100,000)",2010–2014,18.1,,11.358451,6.741549110412599
NT,0–24,"Age-specific rate (per 100,000)",2011–2015,18.1,,15.8750105,2.224989509582521
NT,0–24,"Age-specific rate (per 100,000)",2012–2016,16.5,,14.592734,1.9072656631469727
NT,0–24,"Age-specific rate (per 100,000)",2013–2017,16.9,,13.89191,3.0080904006957994
NT,0–24,"Age-specific rate (per 100,000)",2014–2018,16.8,,15.583182,1.2168176651000984
NT,0–24,"Age-specific rate (per 100,000)",2015–2019,16.8,,14.484106,2.3158939361572273
NT,0–24,"Age-specific rate (per 100,000)",2016–2020,17.1,,15.190574,1.909426307678224
NT,0–24,"Age-specific rate (per 100,000)",2017–2021,18.6,,16.592728,2.007272338867189
NT,0–24,"Age-specific rate (per 100,000)",2018–2022,18.2,,14.09504,4.104959678649902
NT,0–24,"Age-specific rate (per 100,000)",2019–2023,17.4,,13.113568,4.28643169403076
NT,0–24,"Age-specific rate (per 100,000)",2020–2024,16.7,,13.231408,3.468591880798339
NT,5–24,"Age-specific rate (per 100,000)",2001–2005,20.8,,22.696484,1.8964836120605462
NT,5–24,"Age-specific rate (per 100,000)",2002–2006,20.1,,25.180717,5.080717468261717
NT,5–24,"Age-specific rate (per 100,000)",2003–2007,23.0,,24.456482,1.45648193359375
NT,5–24,"Age-specific rate (per 100,000)",2004–2008,21.6,,24.34216,2.742159271240233
NT,5–24,"Age-specific rate (per 100,000)",2005–2009,20.3,,24.371027,4.071026992797851
NT,5–24,"Age-specific rate (per 100,000)",2006–2010,18.9,,21.027424,2.1274238586425795
NT,5–24,"Age-specific rate (per 100,000)",2007–2011,20.9,,21.476963,0.576963043212892
NT,5–24,"Age-specific rate (per 100,000)",2008–2012,19.7,,19.293907,0.40609283447265554
NT,5–24,"Age-specific rate (per 100,000)",2009–2013,21.0,,18.008347,2.9916534423828125
NT,5–24,"Age-specific rate (per 100,000)",2010–2014,23.0,,16.936241,6.063758850097656
NT,5–24,"Age-specific rate (per 100,000)",2011–2015,23.1,,21.396961,1.7030387878417983
NT,5–24,"Age-specific rate (per 100,000)",2012–2016,21.1,,20.687336,0.4126640319824233
NT,5–24,"Age-specific rate (per 100,000)",2013–2017,21.6,,18.791103,2.808896636962892
NT,5–24,"Age-specific rate (per 100,000)",2014–2018,21.6,,21.83785,0.23785057067870952
NT,5–24,"Age-specific rate (per 100,000)",2015–2019,21.5,,20.175615,1.3243846893310547
NT,5–24,"Age-specific rate (per 100,000)",2016–2020,21.8,,21.879093,0.07909317016601491
NT,5–24,"Age-specific rate (per 100,000)",2017–2021,23.6,,22.417816,1.1821838378906264
NT,5–24,"Age-specific rate (per 100,000)",2018–2022,23.0,,20.929108,2.070892333984375
NT,5–24,"Age-specific rate (per 100,000)",2019–2023,22.0,,18.524897,3.4751033782958984
NT,5–24,"Age-specific rate (per 100,000)",2020–2024,21.0,,18.520855,2.479145050048828
NT,15–24,"Age-specific rate (per 100,000)",2001–2005,41.5,,41.65753,0.15753173828125
NT,15–24,"Age-specific rate (per 100,000)",2002–2006,40.2,,41.798073,1.5980728149414034
NT,15–24,"Age-specific rate (per 100,000)",2003–2007,44.9,,43.113266,1.786734008789061
NT,15–24,"Age-specific rate (per 100,000)",2004–2008,41.6,,39.32946,2.2705398559570327
NT,15–24,"Age-specific rate (per 100,000)",2005–2009,38.2,,40.425728,2.2257278442382784
NT,15–24,"Age-specific rate (per 100,000)",2006–2010,34.6,,38.529984,3.929983520507811
NT,15–24,"Age-specific rate (per 100,000)",2007–2011,38.1,,39.732864,1.632864379882811
NT,15–24,"Age-specific rate (per 100,000)",2008–2012,36.0,,38.10244,2.1024398803710938
NT,15–24,"Age-specific rate (per 100,000)",2009–2013,38.3,,35.018517,3.2814834594726534
NT,15–24,"Age-specific rate (per 100,000)",2010–2014,41.0,,36.76744,4.2325592041015625
NT,15–24,"Age-specific rate (per 100,000)",2011–2015,41.6,,40.1601,1.4399009704589858
NT,15–24,"Age-specific rate (per 100,000)",2012–2016,37.7,,39.570778,1.8707778930664034
NT,15–24,"Age-specific rate (per 100,000)",2013–2017,38.9,,39.020454,0.12045440673828267
NT,15–24,"Age-specific rate (per 100,000)",2014–2018,40.1,,40.390408,0.29040756225585795
NT,15–24,"Age-specific rate (per 100,000)",2015–2019,41.7,,37.9641,3.7359001159667997
NT,15–24,"Age-specific rate (per 100,000)",2016–2020,41.2,,39.813187,1.3868133544921903
NT,15–24,"Age-specific rate (per 100,000)",2017–2021,46.3,,41.390537,4.9094627380371065
NT,15–24,"Age-specific rate (per 100,000)",2018–2022,45.4,,37.960747,7.43925323486328
NT,15–24,"Age-specific rate (per 100,000)",2019–2023,44.0,,34.60697,9.393028259277344
NT,15–24,"Age-specific rate (per 100,000)",2020–2024,42.0,,34.891144,7.108856201171875
NT,25–34,"Age-specific rate (per 100,000)",2001–2005,38.7,,30.620451,8.07954902648926
NT,25–34,"Age-specific rate (per 100,000)",2002–2006,34.8,,35.59341,0.7934104919433622
NT,25–34,"Age-specific rate (per 100,000)",2003–2007,30.3,,33.701454,3.4014541625976555
NT,25–34,"Age-specific rate (per 100,000)",2004–2008,28.7,,32.05759,3.3575904846191413
NT,25–34,"Age-specific rate (per 100,000)",2005–2009,25.4,,33.4645,8.064500427246095
NT,25–34,"Age-specific rate (per 100,000)",2006–2010,24.9,,28.553913,3.6539131164550795
NT,25–34,"Age-specific rate (per 100,000)",2007–2011,25.4,,29.617401,4.217401123046876
NT,25–34,"Age-specific rate (per 100,000)",2008–2012,26.7,,27.50142,0.8014190673828132
NT,25–34,"Age-specific rate (per 100,000)",2009–2013,25.3,,23.523191,1.7768085479736335
NT,25–34,"Age-specific rate (per 100,000)",2010–2014,28.3,,23.004925,5.295075225830079
NT,25–34,"Age-specific rate (per 100,000)",2011–2015,25.5,,25.208961,0.29103851318359375
NT,25–34,"Age-specific rate (per 100,000)",2012–2016,24.5,,25.968153,1.4681529998779297
NT,25–34,"Age-specific rate (per 100,000)",2013–2017,24.4,,24.375404,0.02459564208984233
NT,25–34,"Age-specific rate (per 100,000)",2014–2018,25.2,,26.402401,1.202400970458985
NT,25–34,"Age-specific rate (per 100,000)",2015–2019,22.1,,22.853867,0.7538665771484361
NT,25–34,"Age-specific rate (per 100,000)",2016–2020,23.7,,27.253363,3.553362655639649
NT,25–34,"Age-specific rate (per 100,000)",2017–2021,24.4,,28.163223,3.763223266601564
NT,25–34,"Age-specific rate (per 100,000)",2018–2022,21.5,,24.2209,2.7208995819091797
NT,25–34,"Age-specific rate (per 100,000)",2019–2023,24.6,,24.101713,0.49828681945800923
NT,25–34,"Age-specific rate (per 100,000)",2020–2024,28.1,,25.176014,2.9239860534667983
NT,35–44,"Age-specific rate (per 100,000)",2001–2005,28.3,,24.814075,3.4859245300292976
NT,35–44,"Age-specific rate (per 100,000)",2002–2006,27.8,,28.860075,1.0600749969482415
NT,35–44,"Age-specific rate (per 100,000)",2003–2007,27.5,,28.900341,1.4003410339355469
NT,35–44,"Age-specific rate (per 100,000)",2004–2008,27.8,,25.733318,2.066681671142579
NT,35–44,"Age-specific rate (per 100,000)",2005–2009,24.0,,27.011986,3.0119857788085938
NT,35–44,"Age-specific rate (per 100,000)",2006–2010,27.1,,24.244495,2.8555046081542983
NT,35–44,"Age-specific rate (per 100,000)",2007–2011,26.5,,24.695446,1.8045539855957031
NT,35–44,"Age-specific rate (per 100,000)",2008–2012,22.9,,22.413994,0.48600616455077983
NT,35–44,"Age-specific rate (per 100,000)",2009–2013,19.5,,19.486015,0.01398468017578125
NT,35–44,"Age-specific rate (per 100,000)",2010–2014,19.8,,19.045097,0.754902648925782
NT,35–44,"Age-specific rate (per 100,000)",2011–2015,17.3,,20.121143,2.8211433410644524
NT,35–44,"Age-specific rate (per 100,000)",2012–2016,20.1,,20.99865,0.8986495971679673
NT,35–44,"Age-specific rate (per 100,000)",2013–2017,19.5,,19.756897,0.25689697265625
NT,35–44,"Age-specific rate (per 100,000)",2014–2018,20.6,,21.710508,1.1105083465576158
NT,35–44,"Age-specific rate (per 100,000)",2015–2019,20.5,,20.635468,0.135467529296875
NT,35–44,"Age-specific rate (per 100,000)",2016–2020,20.9,,22.374,1.4740005493164077
NT,35–44,"Age-specific rate (per 100,000)",2017–2021,18.2,,22.444414,4.244414138793946
NT,35–44,"Age-specific rate (per 100,000)",2018–2022,20.2,,21.393646,1.1936462402343757
NT,35–44,"Age-specific rate (per 100,000)",2019–2023,22.1,,20.222137,1.8778625488281264
NT,35–44,"Age-specific rate (per 100,000)",2020–2024,19.6,,19.94807,0.34807052612304545
NT,45–54,"Age-specific rate (per 100,000)",2001–2005,19.4,,21.116714,1.716714477539064
NT,45–54,"Age-specific rate (per 100,000)",2002–2006,21.3,,24.121614,2.821614456176757
NT,45–54,"Age-specific rate (per 100,000)",2003–2007,18.7,,24.36782,5.6678207397460945
NT,45–54,"Age-specific rate (per 100,000)",2004–2008,19.6,,22.48238,2.8823799133300767
NT,45–54,"Age-specific rate (per 100,000)",2005–2009,18.5,,22.754896,4.25489616394043
NT,45–54,"Age-specific rate (per 100,000)",2006–2010,14.7,,19.704018,5.004017639160157
NT,45–54,"Age-specific rate (per 100,000)",2007–2011,14.4,,20.412888,6.012887573242187
NT,45–54,"Age-specific rate (per 100,000)",2008–2012,16.9,,18.169968,1.269967651367189
NT,45–54,"Age-specific rate (per 100,000)",2009–2013,17.4,,17.900267,0.5002666473388686
NT,45–54,"Age-specific rate (per 100,000)",2010–2014,20.4,,17.544468,2.855532073974608
NT,45–54,"Age-specific rate (per 100,000)",2011–2015,24.5,,21.111965,3.3880348205566406
NT,45–54,"Age-specific rate (per 100,000)",2012–2016,26.8,,21.377674,5.422325897216798
NT,45–54,"Age-specific rate (per 100,000)",2013–2017,24.7,,19.308182,5.391818237304687
NT,45–54,"Age-specific rate (per 100,000)",2014–2018,26.8,,22.490086,4.30991439819336
NT,45–54,"Age-specific rate (per 100,000)",2015–2019,26.8,,20.745735,6.0542648315429695
NT,45–54,"Age-specific rate (per 100,000)",2016–2020,26.5,,23.049114,3.450885772705078
NT,45–54,"Age-specific rate (per 100,000)",2017–2021,24.3,,22.007349,2.292650985717774
NT,45–54,"Age-specific rate (per 100,000)",2018–2022,25.2,,21.220968,3.9790317535400384
NT,45–54,"Age-specific rate (per 100,000)",2019–2023,22.1,,19.80404,2.295959091186525
NT,45–54,"Age-specific rate (per 100,000)",2020–2024,21.6,,19.101765,2.4982353210449233
NT,55–64,"Age-specific rate (per 100,000)",2001–2005,19.8,,13.007001,6.792999076843262
NT,55–64,"Age-specific rate (per 100,000)",2002–2006,17.4,,17.749195,0.34919509887695455
NT,55–64,"Age-specific rate (per 100,000)",2003–2007,15.2,,15.271197,0.07119731903076243
NT,55–64,"Age-specific rate (per 100,000)",2004–2008,12.1,,13.975236,1.8752359390258793
NT,55–64,"Age-specific rate (per 100,000)",2005–2009,8.5,,15.412625,6.912625312805176
NT,55–64,"Age-specific rate (per 100,000)",2006–2010,10.1,,11.544628,1.4446281433105472
NT,55–64,"Age-specific rate (per 100,000)",2007–2011,9.6,,11.685434,2.0854343414306644
NT,55–64,"Age-specific rate (per 100,000)",2008–2012,8.3,,9.915268,1.6152679443359368
NT,55–64,"Age-specific rate (per 100,000)",2009–2013,7.2,,9.814109,2.614108848571777
NT,55–64,"Age-specific rate (per 100,000)",2010–2014,7.9,,9.428355,1.5283552169799801
NT,55–64,"Age-specific rate (per 100,000)",2011–2015,8.6,,11.199977,2.5999769210815433
NT,55–64,"Age-specific rate (per 100,000)",2012–2016,9.3,,13.131413,3.8314134597778313
NT,55–64,"Age-specific rate (per 100,000)",2013–2017,10.9,,11.947723,1.0477233886718746
NT,55–64,"Age-specific rate (per 100,000)",2014–2018,14.8,,13.417877,1.3821228027343757
NT,55–64,"Age-specific rate (per 100,000)",2015–2019,14.5,,13.330904,1.1690959930419922
NT,55–64,"Age-specific rate (per 100,000)",2016–2020,13.6,,13.4634,0.1366001129150387
NT,55–64,"Age-specific rate (per 100,000)",2017–2021,15.2,,13.961582,1.2384178161621087
NT,55–64,"Age-specific rate (per 100,000)",2018–2022,16.5,,14.928802,1.5711984634399414
NT,55–64,"Age-specific rate (per 100,000)",2019–2023,14.1,,13.108241,0.9917589187622067
NT,55–64,"Age-specific rate (per 100,000)",2020–2024,16.4,,13.619779,2.780221366882323
NT,45–64,"Age-specific rate (per 100,000)",2001–2005,19.5,,16.717922,2.7820777893066406
NT,45–64,"Age-specific rate (per 100,000)",2002–2006,19.8,,19.703459,0.09654121398925852
NT,45–64,"Age-specific rate (per 100,000)",2003–2007,17.3,,19.306725,2.006724548339843
NT,45–64,"Age-specific rate (per 100,000)",2004–2008,16.7,,17.502632,0.802632141113282
NT,45–64,"Age-specific rate (per 100,000)",2005–2009,14.6,,18.355595,3.755594635009766
NT,45–64,"Age-specific rate (per 100,000)",2006–2010,12.9,,15.062461,2.162460899353027
NT,45–64,"Age-specific rate (per 100,000)",2007–2011,12.5,,15.234953,2.734952926635742
NT,45–64,"Age-specific rate (per 100,000)",2008–2012,13.4,,14.138017,0.7380167007446286
NT,45–64,"Age-specific rate (per 100,000)",2009–2013,13.1,,13.683309,0.5833086013793949
NT,45–64,"Age-specific rate (per 100,000)",2010–2014,15.1,,13.833065,1.2669349670410153
NT,45–64,"Age-specific rate (per 100,000)",2011–2015,17.8,,16.500309,1.299691009521485
NT,45–64,"Age-specific rate (per 100,000)",2012–2016,19.4,,17.002918,2.3970817565917955
NT,45–64,"Age-specific rate (per 100,000)",2013–2017,18.8,,16.703178,2.096821594238282
NT,45–64,"Age-specific rate (per 100,000)",2014–2018,21.7,,18.01671,3.683289718627929
NT,45–64,"Age-specific rate (per 100,000)",2015–2019,21.5,,16.412462,5.08753776550293
NT,45–64,"Age-specific rate (per 100,000)",2016–2020,20.9,,18.800888,2.099111938476561
NT,45–64,"Age-specific rate (per 100,000)",2017–2021,20.3,,18.19466,2.1053398132324226
NT,45–64,"Age-specific rate (per 100,000)",2018–2022,21.3,,19.138783,2.1612174987792976
NT,45–64,"Age-specific rate (per 100,000)",2019–2023,18.5,,15.471618,3.0283823013305664
NT,45–64,"Age-specific rate (per 100,000)",2020–2024,19.3,,16.187622,3.1123779296875007
NT,65+,"Age-specific rate (per 100,000)",2001–2005,32.4,,22.80938,9.59062042236328
NT,65+,"Age-specific rate (per 100,000)",2002–2006,28.8,,27.986645,0.8133552551269538
NT,65+,"Age-specific rate (per 100,000)",2003–2007,31.7,,26.841381,4.858618927001952
NT,65+,"Age-specific rate (per 100,000)",2004–2008,28.9,,25.128788,3.771212005615233
NT,65+,"Age-specific rate (per 100,000)",2005–2009,34.8,,26.963146,7.8368537902832
NT,65+,"Age-specific rate (per 100,000)",2006–2010,31.3,,22.225925,9.07407455444336
NT,65+,"Age-specific rate (per 100,000)",2007–2011,29.7,,23.580158,6.119841766357421
NT,65+,"Age-specific rate (per 100,000)",2008–2012,21.4,,20.721134,0.678865814208983
NT,65+,"Age-specific rate (per 100,000)",2009–2013,18.7,,16.728941,1.971059036254882
NT,65+,"Age-specific rate (per 100,000)",2010–2014,11.6,,14.529976,2.9299758911132816
NT,65+,"Age-specific rate (per 100,000)",2011–2015,12.2,,19.261314,7.0613143920898445
NT,65+,"Age-specific rate (per 100,000)",2012–2016,12.9,,17.652988,4.75298843383789
NT,65+,"Age-specific rate (per 100,000)",2013–2017,16.0,,16.730614,0.7306137084960938
NT,65+,"Age-specific rate (per 100,000)",2014–2018,17.7,,18.620909,0.9209087371826179
NT,65+,"Age-specific rate (per 100,000)",2015–2019,18.1,,17.38202,0.7179790496826186
NT,65+,"Age-specific rate (per 100,000)",2016–2020,17.2,,19.659008,2.4590080261230476
NT,65+,"Age-specific rate (per 100,000)",2017–2021,17.5,,19.672382,2.172382354736328
NT,65+,"Age-specific rate (per 100,000)",2018–2022,16.6,,17.94357,1.343569183349608
NT,65+,"Age-specific rate (per 100,000)",2019–2023,14.8,,17.726046,2.926045608520507
NT,65+,"Age-specific rate (per 100,000)",2020–2024,12.5,,16.40718,3.9071807861328125
NT,65–74,"Age-specific rate (per 100,000)",2001–2005,40.5,,24.783577,15.716423034667969
NT,65–74,"Age-specific rate (per 100,000)",2002–2006,35.4,,29.59516,5.80484046936035
NT,65–74,"Age-specific rate (per 100,000)",2003–2007,26.5,,27.426899,0.9268989562988281
NT,65–74,"Age-specific rate (per 100,000)",2004–2008,26.9,,27.0417,0.1417003631591811
NT,65–74,"Age-specific rate (per 100,000)",2005–2009,36.0,,28.844118,7.155881881713867
NT,65–74,"Age-specific rate (per 100,000)",2006–2010,28.6,,22.740128,5.859872436523439
NT,65–74,"Age-specific rate (per 100,000)",2007–2011,24.4,,24.091684,0.3083156585693345
NT,65–74,"Age-specific rate (per 100,000)",2008–2012,23.0,,21.070787,1.9292125701904297
NT,65–74,"Age-specific rate (per 100,000)",2009–2013,17.3,,17.048115,0.2518852233886726
NT,65–74,"Age-specific rate (per 100,000)",2010–2014,10.0,,15.334197,5.334197044372559
NT,65–74,"Age-specific rate (per 100,000)",2011–2015,9.4,,19.44517,10.045169448852539
NT,65–74,"Age-specific rate (per 100,000)",2012–2016,10.6,,18.161215,7.561214828491211
NT,65–74,"Age-specific rate (per 100,000)",2013–2017,15.3,,16.726254,1.4262535095214837
NT,65–74,"Age-specific rate (per 100,000)",2014–2018,18.1,,19.413057,1.3130573272705064
NT,65–74,"Age-specific rate (per 100,000)",2015–2019,16.0,,17.94268,1.9426803588867188
NT,65–74,"Age-specific rate (per 100,000)",2016–2020,16.8,,20.371527,3.5715267181396477
NT,65–74,"Age-specific rate (per 100,000)",2017–2021,17.6,,21.15969,3.5596908569335923
NT,65–74,"Age-specific rate (per 100,000)",2018–2022,13.9,,18.259556,4.35955581665039
NT,65–74,"Age-specific rate (per 100,000)",2019–2023,10.6,,16.060558,5.460558319091797
NT,65–74,"Age-specific rate (per 100,000)",2020–2024,10.5,,15.860715,5.360714912414551
NT,75–84,"Age-specific rate (per 100,000)",2003–2007,53.2,,45.227318,7.972682189941409
NT,75–84,"Age-specific rate (per 100,000)",2004–2008,40.7,,40.582634,0.11736602783203409
NT,75–84,"Age-specific rate (per 100,000)",2005–2009,39.5,,41.765472,2.265472412109375
NT,75–84,"Age-specific rate (per 100,000)",2006–2010,47.1,,39.345394,7.754605865478517
NT,75–84,"Age-specific rate (per 100,000)",2007–2011,52.9,,41.075245,11.824755096435545
NT,75–84,"Age-specific rate (per 100,000)",2015–2019,24.3,,32.913578,8.613578033447265
NT,75–84,"Age-specific rate (per 100,000)",2018–2022,20.1,,34.221725,14.121725463867186
NT,75–84,"Age-specific rate (per 100,000)",2019–2023,22.5,,31.949627,9.449626922607422
NT,75–84,"Age-specific rate (per 100,000)",2020–2024,17.0,,31.168571,14.168571472167969
NT,Total,"Age-specific rate (per 100,000)",2001–2005,23.6,,21.284868,2.315131759643556
NT,Total,"Age-specific rate (per 100,000)",2002–2006,22.5,,26.65419,4.1541900634765625
NT,Total,"Age-specific rate (per 100,000)",2003–2007,22.1,,24.177353,2.077352905273436
NT,Total,"Age-specific rate (per 100,000)",2004–2008,21.2,,22.352911,1.1529109954833991
NT,Total,"Age-specific rate (per 100,000)",2005–2009,19.5,,24.245876,4.745876312255859
NT,Total,"Age-specific rate (per 100,000)",2006–2010,18.9,,19.429274,0.5292736053466811
NT,Total,"Age-specific rate (per 100,000)",2007–2011,19.4,,19.983902,0.5839019775390639
NT,Total,"Age-specific rate (per 100,000)",2008–2012,18.5,,18.51727,0.017269134521484375
NT,Total,"Age-specific rate (per 100,000)",2009–2013,17.9,,17.316097,0.5839027404785142
NT,Total,"Age-specific rate (per 100,000)",2010–2014,19.2,,16.393654,2.806346130371093
NT,Total,"Age-specific rate (per 100,000)",2011–2015,18.9,,18.626259,0.27374114990234233
NT,Total,"Age-specific rate (per 100,000)",2012–2016,19.0,,18.990852,0.00914764404296875
NT,Total,"Age-specific rate (per 100,000)",2013–2017,19.1,,17.597448,1.502551651000978
NT,Total,"Age-specific rate (per 100,000)",2014–2018,20.2,,19.488102,0.7118980407714837
NT,Total,"Age-specific rate (per 100,000)",2015–2019,19.6,,18.352089,1.2479110717773452
NT,Total,"Age-specific rate (per 100,000)",2016–2020,19.8,,20.125824,0.3258239746093743
NT,Total,"Age-specific rate (per 100,000)",2017–2021,20.0,,20.351776,0.351776123046875
NT,Total,"Age-specific rate (per 100,000)",2018–2022,19.7,,19.288559,0.4114410400390618
NT,Total,"Age-specific rate (per 100,000)",2019–2023,19.5,,18.888912,0.6110877990722656
NT,Total,"Age-specific rate (per 100,000)",2020–2024,19.5,,19.422232,0.07776832580566406
Australia,0–14,"Age-specific rate (per 100,000)",2001–2005,0.2,,0.20055242,0.000552418828010548
Australia,0–14,"Age-specific rate (per 100,000)",2002–2006,0.2,,0.20414859,0.004148590564727772
Australia,0–14,"Age-specific rate (per 100,000)",2003–2007,0.3,,0.08734122,0.21265878081321715
Australia,0–14,"Age-specific rate (per 100,000)",2004–2008,0.2,,0.13398358,0.06601641774177552
Australia,0–14,"Age-specific rate (per 100,000)",2005–2009,0.2,,0.27454627,0.0745462656021118
Australia,0–14,"Age-specific rate (per 100,000)",2006–2010,0.2,,0.23126914,0.03126913607120513
Australia,0–14,"Age-specific rate (per 100,000)",2007–2011,0.3,,0.13461015,0.1653898537158966
Australia,0–14,"Age-specific rate (per 100,000)",2008–2012,0.3,,0.057473317,0.2425266832113266
Australia,0–14,"Age-specific rate (per 100,000)",2009–2013,0.3,,0.29608095,0.003919053077697743
Australia,0–14,"Age-specific rate (per 100,000)",2010–2014,0.4,,0.09577049,0.30422950685024264
Australia,0–14,"Age-specific rate (per 100,000)",2011–2015,0.4,,0.2323217,0.16767830550670626
Australia,0–14,"Age-specific rate (per 100,000)",2012–2016,0.4,,0.1876365,0.21236350536346438
Australia,0–14,"Age-specific rate (per 100,000)",2013–2017,0.4,,0.08764647,0.3123535305261612
Australia,0–14,"Age-specific rate (per 100,000)",2014–2018,0.4,,0.16330135,0.23669865131378176
Australia,0–14,"Age-specific rate (per 100,000)",2015–2019,0.4,,0.31255114,0.08744885921478274
Australia,0–14,"Age-specific rate (per 100,000)",2016–2020,0.5,,0.14909783,0.35090216994285583
Australia,0–14,"Age-specific rate (per 100,000)",2017–2021,0.5,,0.2621975,0.23780250549316406
Australia,0–14,"Age-specific rate (per 100,000)",2018–2022,0.5,,0.23650539,0.263494610786438
Australia,0–14,"Age-specific rate (per 100,000)",2019–2023,0.5,,0.50609267,0.006092667579650879
Australia,0–14,"Age-specific rate (per 100,000)",2020–2024,0.5,,0.4366186,0.06338140368461609
Australia,5–14,"Age-specific rate (per 100,000)",2001–2005,0.4,,0.57821894,0.178218936920166
Australia,5–14,"Age-specific rate (per 100,000)",2002–2006,0.3,,0.5830382,0.28303821086883546
Australia,5–14,"Age-specific rate (per 100,000)",2003–2007,0.4,,0.69765806,0.29765806198120115
Australia,5–14,"Age-specific rate (per 100,000)",2004–2008,0.4,,0.61363506,0.2136350631713867
Australia,5–14,"Age-specific rate (per 100,000)",2005–2009,0.3,,0.6195108,0.31951082944869996
Australia,5–14,"Age-specific rate (per 100,000)",2006–2010,0.3,,0.68889016,0.38889015913009645
Australia,5–14,"Age-specific rate (per 100,000)",2007–2011,0.4,,0.65803504,0.2580350399017334
Australia,5–14,"Age-specific rate (per 100,000)",2008–2012,0.4,,0.63775223,0.23775223493576048
Australia,5–14,"Age-specific rate (per 100,000)",2009–2013,0.5,,0.57433754,0.07433754205703735
Australia,5–14,"Age-specific rate (per 100,000)",2010–2014,0.6,,0.6293432,0.02934321165084841
Australia,5–14,"Age-specific rate (per 100,000)",2011–2015,0.6,,0.6737898,0.07378979921340945
Australia,5–14,"Age-specific rate (per 100,000)",2012–2016,0.6,,0.643596,0.04359599351882937
Australia,5–14,"Age-specific rate (per 100,000)",2013–2017,0.7,,0.619953,0.08004702329635616
Australia,5–14,"Age-specific rate (per 100,000)",2014–2018,0.7,,0.7187523,0.018752324581146285
Australia,5–14,"Age-specific rate (per 100,000)",2015–2019,0.6,,0.6315244,0.031524384021759055
Australia,5–14,"Age-specific rate (per 100,000)",2016–2020,0.7,,0.6841784,0.01582158803939815
Australia,5–14,"Age-specific rate (per 100,000)",2017–2021,0.8,,0.64453703,0.15546296834945683
Australia,5–14,"Age-specific rate (per 100,000)",2018–2022,0.7,,0.63608664,0.06391335725784297
Australia,5–14,"Age-specific rate (per 100,000)",2019–2023,0.7,,0.65110445,0.04889554977416988
Australia,5–14,"Age-specific rate (per 100,000)",2020–2024,0.7,,0.571188,0.12881202697753902
Australia,0–24,"Age-specific rate (per 100,000)",2001–2005,4.7,,4.9362164,0.236216354370117
Australia,0–24,"Age-specific rate (per 100,000)",2002–2006,4.5,,4.343975,0.15602493286132812
Australia,0–24,"Age-specific rate (per 100,000)",2003–2007,4.4,,4.284188,0.1158122062683109
Australia,0–24,"Age-specific rate (per 100,000)",2004–2008,4.4,,4.1996775,0.20032253265380895
Australia,0–24,"Age-specific rate (per 100,000)",2005–2009,4.3,,3.9444,0.3555999279022215
Australia,0–24,"Age-specific rate (per 100,000)",2006–2010,4.3,,4.026801,0.273198890686035
Australia,0–24,"Age-specific rate (per 100,000)",2007–2011,4.3,,4.502913,0.20291299819946307
Australia,0–24,"Age-specific rate (per 100,000)",2008–2012,4.4,,4.1524553,0.24754467010498082
Australia,0–24,"Age-specific rate (per 100,000)",2009–2013,4.6,,5.300724,0.700724029541016
Australia,0–24,"Age-specific rate (per 100,000)",2010–2014,4.9,,4.601157,0.298842811584473
Australia,0–24,"Age-specific rate (per 100,000)",2011–2015,5.0,,6.3574214,1.3574213981628418
Australia,0–24,"Age-specific rate (per 100,000)",2012–2016,5.2,,5.7934804,0.5934803962707518
Australia,0–24,"Age-specific rate (per 100,000)",2013–2017,5.4,,5.500044,0.10004386901855433
Australia,0–24,"Age-specific rate (per 100,000)",2014–2018,5.6,,5.988288,0.3882879257202152
Australia,0–24,"Age-specific rate (per 100,000)",2015–2019,5.7,,6.45136,0.7513602256774901
Australia,0–24,"Age-specific rate (per 100,000)",2016–2020,5.9,,5.582388,0.3176120758056644
Australia,0–24,"Age-specific rate (per 100,000)",2017–2021,5.9,,6.935991,1.0359908103942868
Australia,0–24,"Age-specific rate (per 100,000)",2018–2022,5.7,,6.0161066,0.316106605529785
Australia,0–24,"Age-specific rate (per 100,000)",2019–2023,5.6,,5.532958,0.06704196929931605
Australia,0–24,"Age-specific rate (per 100,000)",2020–2024,5.2,,5.8266797,0.6266797065734862
Australia,5–24,"Age-specific rate (per 100,000)",2001–2005,5.8,,6.438674,0.6386739730834963
Australia,5–24,"Age-specific rate (per 100,000)",2002–2006,5.6,,5.1613092,0.4386907577514645
Australia,5–24,"Age-specific rate (per 100,000)",2003–2007,5.5,,4.8157377,0.6842622756958008
Australia,5–24,"Age-specific rate (per 100,000)",2004–2008,5.4,,5.8270607,0.42706069946289027
Australia,5–24,"Age-specific rate (per 100,000)",2005–2009,5.3,,5.625477,0.3254768371582033
Australia,5–24,"Age-specific rate (per 100,000)",2006–2010,5.3,,5.088278,0.21172218322753888
Australia,5–24,"Age-specific rate (per 100,000)",2007–2011,5.4,,5.9943824,0.5943823814392086
Australia,5–24,"Age-specific rate (per 100,000)",2008–2012,5.5,,4.8549914,0.6450085639953613
Australia,5–24,"Age-specific rate (per 100,000)",2009–2013,5.7,,5.847024,0.14702396392822248
Australia,5–24,"Age-specific rate (per 100,000)",2010–2014,6.1,,6.168192,0.06819190979003942
Australia,5–24,"Age-specific rate (per 100,000)",2011–2015,6.3,,7.284237,0.9842369079589846
Australia,5–24,"Age-specific rate (per 100,000)",2012–2016,6.5,,6.7652016,0.2652015686035156
Australia,5–24,"Age-specific rate (per 100,000)",2013–2017,6.8,,7.4709196,0.6709196090698244
Australia,5–24,"Age-specific rate (per 100,000)",2014–2018,7.0,,7.127614,0.12761402130126953
Australia,5–24,"Age-specific rate (per 100,000)",2015–2019,7.2,,7.1125126,0.08748741149902362
Australia,5–24,"Age-specific rate (per 100,000)",2016–2020,7.3,,7.197306,0.10269384384155256
Australia,5–24,"Age-specific rate (per 100,000)",2017–2021,7.3,,7.0584707,0.24152927398681623
Australia,5–24,"Age-specific rate (per 100,000)",2018–2022,7.1,,7.1827245,0.08272447586059606
Australia,5–24,"Age-specific rate (per 100,000)",2019–2023,7.0,,6.7730427,0.2269573211669922
Australia,5–24,"Age-specific rate (per 100,000)",2020–2024,6.4,,6.3859615,0.014038467407226918
Australia,15–24,"Age-specific rate (per 100,000)",2001–2005,11.2,,12.069605,0.8696048736572273
Australia,15–24,"Age-specific rate (per 100,000)",2002–2006,10.7,,11.74232,1.0423200607299812
Australia,15–24,"Age-specific rate (per 100,000)",2003–2007,10.4,,11.121525,0.7215248107910153
Australia,15–24,"Age-specific rate (per 100,000)",2004–2008,10.1,,10.773366,0.6733659744262699
Australia,15–24,"Age-specific rate (per 100,000)",2005–2009,10.0,,11.071723,1.0717229843139648
Australia,15–24,"Age-specific rate (per 100,000)",2006–2010,9.9,,10.175145,0.2751451492309567
Australia,15–24,"Age-specific rate (per 100,000)",2007–2011,9.9,,10.274247,0.37424716949462855
Australia,15–24,"Age-specific rate (per 100,000)",2008–2012,10.0,,8.593825,1.406174659729004
Australia,15–24,"Age-specific rate (per 100,000)",2009–2013,10.5,,10.526282,0.026282310485839844
Australia,15–24,"Age-specific rate (per 100,000)",2010–2014,11.0,,11.926979,0.9269790649414062
Australia,15–24,"Age-specific rate (per 100,000)",2011–2015,11.5,,12.350688,0.8506879806518555
Australia,15–24,"Age-specific rate (per 100,000)",2012–2016,12.0,,13.47136,1.471360206604004
Australia,15–24,"Age-specific rate (per 100,000)",2013–2017,12.5,,13.996833,1.4968328475952148
Australia,15–24,"Age-specific rate (per 100,000)",2014–2018,12.9,,12.695889,0.20411052703857457
Australia,15–24,"Age-specific rate (per 100,000)",2015–2019,13.4,,13.200474,0.19952621459960973
Australia,15–24,"Age-specific rate (per 100,000)",2016–2020,13.7,,13.016248,0.683752250671386
Australia,15–24,"Age-specific rate (per 100,000)",2017–2021,13.6,,13.268561,0.3314386367797848
Australia,15–24,"Age-specific rate (per 100,000)",2018–2022,13.6,,13.899225,0.2992252349853519
Australia,15–24,"Age-specific rate (per 100,000)",2019–2023,13.5,,12.102052,1.3979482650756836
Australia,15–24,"Age-specific rate (per 100,000)",2020–2024,12.2,,11.970201,0.22979946136474538
Australia,25–34,"Age-specific rate (per 100,000)",2001–2005,18.0,,15.778818,2.221181869506836
Australia,25–34,"Age-specific rate (per 100,000)",2002–2006,16.3,,17.708933,1.4089328765869134
Australia,25–34,"Age-specific rate (per 100,000)",2003–2007,15.5,,16.51925,1.0192508697509766
Australia,25–34,"Age-specific rate (per 100,000)",2004–2008,15.0,,16.669067,1.6690673828125
Australia,25–34,"Age-specific rate (per 100,000)",2005–2009,14.6,,16.480103,1.8801025390625004
Australia,25–34,"Age-specific rate (per 100,000)",2006–2010,14.1,,13.982068,0.11793193817138636
Australia,25–34,"Age-specific rate (per 100,000)",2007–2011,14.2,,15.64709,1.4470899581909187
Australia,25–34,"Age-specific rate (per 100,000)",2008–2012,13.9,,14.280885,0.38088474273681605
Australia,25–34,"Age-specific rate (per 100,000)",2009–2013,13.5,,14.010305,0.5103054046630859
Australia,25–34,"Age-specific rate (per 100,000)",2010–2014,13.7,,14.590627,0.8906267166137702
Australia,25–34,"Age-specific rate (per 100,000)",2011–2015,14.1,,14.039802,0.0601984024047848
Australia,25–34,"Age-specific rate (per 100,000)",2012–2016,14.6,,14.656437,0.05643692016601598
Australia,25–34,"Age-specific rate (per 100,000)",2013–2017,15.3,,16.2777,0.9777004241943352
Australia,25–34,"Age-specific rate (per 100,000)",2014–2018,15.8,,14.838726,0.9612739562988288
Australia,25–34,"Age-specific rate (per 100,000)",2015–2019,16.0,,16.000696,0.0006961822509765625
Australia,25–34,"Age-specific rate (per 100,000)",2016–2020,16.0,,16.754532,0.7545318603515625
Australia,25–34,"Age-specific rate (per 100,000)",2017–2021,15.8,,15.955194,0.15519447326660085
Australia,25–34,"Age-specific rate (per 100,000)",2018–2022,15.8,,15.464053,0.3359468460083015
Australia,25–34,"Age-specific rate (per 100,000)",2019–2023,16.3,,16.279797,0.020203399658203836
Australia,25–34,"Age-specific rate (per 100,000)",2020–2024,16.1,,15.917861,0.18213901519775533
Australia,35–44,"Age-specific rate (per 100,000)",2001–2005,17.1,,16.430073,0.6699272155761733
Australia,35–44,"Age-specific rate (per 100,000)",2002–2006,16.4,,15.674083,0.7259172439575181
Australia,35–44,"Age-specific rate (per 100,000)",2003–2007,15.8,,16.504002,0.7040016174316399
Australia,35–44,"Age-specific rate (per 100,000)",2004–2008,16.0,,16.440464,0.4404640197753906
Australia,35–44,"Age-specific rate (per 100,000)",2005–2009,16.0,,16.38161,0.3816108703613281
Australia,35–44,"Age-specific rate (per 100,000)",2006–2010,16.5,,17.87582,1.3758201599121094
Australia,35–44,"Age-specific rate (per 100,000)",2007–2011,16.5,,17.18872,0.688720703125
Australia,35–44,"Age-specific rate (per 100,000)",2008–2012,16.7,,16.769833,0.06983261108398509
Australia,35–44,"Age-specific rate (per 100,000)",2009–2013,16.6,,16.479137,0.12086257934570455
Australia,35–44,"Age-specific rate (per 100,000)",2010–2014,17.0,,17.524136,0.5241355895996094
Australia,35–44,"Age-specific rate (per 100,000)",2011–2015,17.2,,17.541763,0.3417633056640632
Australia,35–44,"Age-specific rate (per 100,000)",2012–2016,17.6,,17.123882,0.47611770629882955
Australia,35–44,"Age-specific rate (per 100,000)",2013–2017,18.1,,17.78875,0.31125030517578267
Australia,35–44,"Age-specific rate (per 100,000)",2014–2018,18.4,,18.389881,0.010118865966795454
Australia,35–44,"Age-specific rate (per 100,000)",2015–2019,18.5,,17.781017,0.7189826965332031
Australia,35–44,"Age-specific rate (per 100,000)",2016–2020,18.0,,18.457031,0.45703125
Australia,35–44,"Age-specific rate (per 100,000)",2017–2021,17.8,,17.879774,0.07977409362792898
Australia,35–44,"Age-specific rate (per 100,000)",2018–2022,17.3,,17.424004,0.12400360107421804
Australia,35–44,"Age-specific rate (per 100,000)",2019–2023,17.1,,18.667803,1.567802810668944
Australia,35–44,"Age-specific rate (per 100,000)",2020–2024,16.7,,17.496864,0.796864318847657
Australia,45–54,"Age-specific rate (per 100,000)",2001–2005,14.5,,16.198147,1.6981468200683594
Australia,45–54,"Age-specific rate (per 100,000)",2002–2006,14.3,,14.769505,0.4695045471191399
Australia,45–54,"Age-specific rate (per 100,000)",2003–2007,14.2,,14.579379,0.37937908172607493
Australia,45–54,"Age-specific rate (per 100,000)",2004–2008,14.5,,15.0767565,0.576756477355957
Australia,45–54,"Age-specific rate (per 100,000)",2005–2009,15.1,,14.951345,0.1486545562744137
Australia,45–54,"Age-specific rate (per 100,000)",2006–2010,15.5,,15.718593,0.21859264373779297
Australia,45–54,"Age-specific rate (per 100,000)",2007–2011,15.5,,16.310379,0.8103790283203125
Australia,45–54,"Age-specific rate (per 100,000)",2008–2012,16.0,,15.54433,0.4556703567504883
Australia,45–54,"Age-specific rate (per 100,000)",2009–2013,16.2,,17.08792,0.8879192352294929
Australia,45–54,"Age-specific rate (per 100,000)",2010–2014,16.6,,16.94327,0.3432697296142564
Australia,45–54,"Age-specific rate (per 100,000)",2011–2015,17.5,,18.43829,0.9382896423339844
Australia,45–54,"Age-specific rate (per 100,000)",2012–2016,17.9,,18.48145,0.581449127197267
Australia,45–54,"Age-specific rate (per 100,000)",2013–2017,18.5,,19.148968,0.6489677429199219
Australia,45–54,"Age-specific rate (per 100,000)",2014–2018,18.9,,19.260017,0.36001739501953267
Australia,45–54,"Age-specific rate (per 100,000)",2015–2019,19.0,,19.62587,0.6258697509765625
Australia,45–54,"Age-specific rate (per 100,000)",2016–2020,18.1,,19.312931,1.2129310607910142
Australia,45–54,"Age-specific rate (per 100,000)",2017–2021,18.3,,18.416304,0.11630363464355398
Australia,45–54,"Age-specific rate (per 100,000)",2018–2022,18.3,,18.207005,0.09299545288086009
Australia,45–54,"Age-specific rate (per 100,000)",2019–2023,18.3,,18.02664,0.2733600616455085
Australia,45–54,"Age-specific rate (per 100,000)",2020–2024,18.3,,16.950342,1.3496578216552741
Australia,55–64,"Age-specific rate (per 100,000)",2001–2005,10.7,,12.5876875,1.8876874923706062
Australia,55–64,"Age-specific rate (per 100,000)",2002–2006,10.7,,10.422572,0.2774278640747063
Australia,55–64,"Age-specific rate (per 100,000)",2003–2007,11.0,,11.02362,0.023619651794433594
Australia,55–64,"Age-specific rate (per 100,000)",2004–2008,11.2,,11.207444,0.007444190979004617
Australia,55–64,"Age-specific rate (per 100,000)",2005–2009,11.8,,12.091488,0.29148788452148366
Australia,55–64,"Age-specific rate (per 100,000)",2006–2010,12.3,,13.298198,0.9981977462768548
Australia,55–64,"Age-specific rate (per 100,000)",2007–2011,12.4,,12.828103,0.4281030654907223
Australia,55–64,"Age-specific rate (per 100,000)",2008–2012,12.5,,12.711215,0.21121501922607422
Australia,55–64,"Age-specific rate (per 100,000)",2009–2013,12.8,,13.571643,0.771642875671386
Australia,55–64,"Age-specific rate (per 100,000)",2010–2014,13.5,,13.993751,0.49375057220458984
Australia,55–64,"Age-specific rate (per 100,000)",2011–2015,13.7,,14.268912,0.568912315368653
Australia,55–64,"Age-specific rate (per 100,000)",2012–2016,14.1,,15.207426,1.1074260711669925
Australia,55–64,"Age-specific rate (per 100,000)",2013–2017,14.8,,15.976399,1.1763994216918938
Australia,55–64,"Age-specific rate (per 100,000)",2014–2018,15.5,,15.369282,0.13071823120117188
Australia,55–64,"Age-specific rate (per 100,000)",2015–2019,15.7,,15.842149,0.14214878082275462
Australia,55–64,"Age-specific rate (per 100,000)",2016–2020,15.9,,15.769984,0.1300157546997074
Australia,55–64,"Age-specific rate (per 100,000)",2017–2021,16.0,,15.868128,0.13187217712402344
Australia,55–64,"Age-specific rate (per 100,000)",2018–2022,15.7,,15.815696,0.11569576263427805
Australia,55–64,"Age-specific rate (per 100,000)",2019–2023,15.7,,15.8426075,0.14260749816894602
Australia,55–64,"Age-specific rate (per 100,000)",2020–2024,15.9,,15.200202,0.6997980117797855
Australia,45–64,"Age-specific rate (per 100,000)",2001–2005,12.9,,14.454353,1.554353332519531
Australia,45–64,"Age-specific rate (per 100,000)",2002–2006,12.7,,12.213506,0.48649425506591726
Australia,45–64,"Age-specific rate (per 100,000)",2003–2007,12.8,,13.45609,0.6560899734497063
Australia,45–64,"Age-specific rate (per 100,000)",2004–2008,13.0,,13.91332,0.9133195877075195
Australia,45–64,"Age-specific rate (per 100,000)",2005–2009,13.6,,13.427422,0.1725784301757809
Australia,45–64,"Age-specific rate (per 100,000)",2006–2010,14.1,,14.395148,0.2951482772827152
Australia,45–64,"Age-specific rate (per 100,000)",2007–2011,14.1,,14.450999,0.3509992599487308
Australia,45–64,"Age-specific rate (per 100,000)",2008–2012,14.4,,14.294551,0.10544910430908239
Australia,45–64,"Age-specific rate (per 100,000)",2009–2013,14.6,,14.668271,0.06827106475830114
Australia,45–64,"Age-specific rate (per 100,000)",2010–2014,15.2,,16.000158,0.8001583099365241
Australia,45–64,"Age-specific rate (per 100,000)",2011–2015,15.8,,15.802117,0.0021173477172844457
Australia,45–64,"Age-specific rate (per 100,000)",2012–2016,16.1,,16.467861,0.36786117553710795
Australia,45–64,"Age-specific rate (per 100,000)",2013–2017,16.8,,17.947868,1.147868347167968
Australia,45–64,"Age-specific rate (per 100,000)",2014–2018,17.3,,16.93424,0.3657596588134773
Australia,45–64,"Age-specific rate (per 100,000)",2015–2019,17.4,,18.132488,0.7324882507324233
Australia,45–64,"Age-specific rate (per 100,000)",2016–2020,17.0,,18.651577,1.6515769958496094
Australia,45–64,"Age-specific rate (per 100,000)",2017–2021,17.2,,17.086796,0.11320419311523366
Australia,45–64,"Age-specific rate (per 100,000)",2018–2022,17.0,,16.715935,0.28406524658203125
Australia,45–64,"Age-specific rate (per 100,000)",2019–2023,17.0,,17.17717,0.1771697998046875
Australia,45–64,"Age-specific rate (per 100,000)",2020–2024,17.1,,16.734478,0.36552200317382955
Australia,65+,"Age-specific rate (per 100,000)",2001–2005,11.9,,12.260938,0.3609376907348629
Australia,65+,"Age-specific rate (per 100,000)",2002–2006,11.7,,12.571827,0.8718269348144538
Australia,65+,"Age-specific rate (per 100,000)",2003–2007,11.5,,9.566958,1.9330415725708008
Australia,65+,"Age-specific rate (per 100,000)",2004–2008,11.6,,11.393321,0.20667896270751918
Australia,65+,"Age-specific rate (per 100,000)",2005–2009,11.3,,11.483787,0.18378658294677663
Australia,65+,"Age-specific rate (per 100,000)",2006–2010,11.5,,12.416283,0.9162826538085938
Australia,65+,"Age-specific rate (per 100,000)",2007–2011,11.5,,11.8127575,0.3127574920654297
Australia,65+,"Age-specific rate (per 100,000)",2008–2012,11.8,,12.742665,0.9426652908325188
Australia,65+,"Age-specific rate (per 100,000)",2009–2013,12.0,,13.205308,1.205307960510254
Australia,65+,"Age-specific rate (per 100,000)",2010–2014,12.2,,12.058946,0.14105434417724538
Australia,65+,"Age-specific rate (per 100,000)",2011–2015,12.6,,12.224738,0.3752618789672848
Australia,65+,"Age-specific rate (per 100,000)",2012–2016,12.8,,12.731769,0.06823139190673899
Australia,65+,"Age-specific rate (per 100,000)",2013–2017,13.0,,12.5763035,0.42369651794433594
Australia,65+,"Age-specific rate (per 100,000)",2014–2018,12.9,,11.957741,0.9422592163085941
Australia,65+,"Age-specific rate (per 100,000)",2015–2019,13.0,,13.294078,0.29407787322998047
Australia,65+,"Age-specific rate (per 100,000)",2016–2020,12.8,,13.311175,0.511175346374511
Australia,65+,"Age-specific rate (per 100,000)",2017–2021,13.0,,13.276528,0.27652835845947266
Australia,65+,"Age-specific rate (per 100,000)",2018–2022,13.0,,12.762868,0.23713207244873047
Australia,65+,"Age-specific rate (per 100,000)",2019–2023,13.1,,14.040912,0.9409116744995121
Australia,65+,"Age-specific rate (per 100,000)",2020–2024,13.0,,12.8844595,0.1155405044555664
Australia,65–74,"Age-specific rate (per 100,000)",2001–2005,11.4,,11.4331,0.03309974670410121
Australia,65–74,"Age-specific rate (per 100,000)",2002–2006,11.2,,11.231488,0.03148822784423899
Australia,65–74,"Age-specific rate (per 100,000)",2003–2007,11.0,,8.862775,2.1372251510620117
Australia,65–74,"Age-specific rate (per 100,000)",2004–2008,11.0,,11.037001,0.03700065612792969
Australia,65–74,"Age-specific rate (per 100,000)",2005–2009,10.5,,11.335958,0.8359575271606445
Australia,65–74,"Age-specific rate (per 100,000)",2006–2010,10.4,,9.992845,0.40715541839599645
Australia,65–74,"Age-specific rate (per 100,000)",2007–2011,10.2,,10.463695,0.2636945724487312
Australia,65–74,"Age-specific rate (per 100,000)",2008–2012,10.4,,10.5027275,0.10272750854492152
Australia,65–74,"Age-specific rate (per 100,000)",2009–2013,10.3,,10.471099,0.17109889984130788
Australia,65–74,"Age-specific rate (per 100,000)",2010–2014,10.6,,10.550549,0.04945144653320277
Australia,65–74,"Age-specific rate (per 100,000)",2011–2015,11.1,,12.232234,1.1322340011596683
Australia,65–74,"Age-specific rate (per 100,000)",2012–2016,11.1,,11.130135,0.030134582519531605
Australia,65–74,"Age-specific rate (per 100,000)",2013–2017,11.7,,11.595587,0.10441322326660085
Australia,65–74,"Age-specific rate (per 100,000)",2014–2018,11.7,,11.494114,0.20588607788085866
Australia,65–74,"Age-specific rate (per 100,000)",2015–2019,11.6,,11.379384,0.2206159591674801
Australia,65–74,"Age-specific rate (per 100,000)",2016–2020,11.4,,11.335677,0.06432285308837926
Australia,65–74,"Age-specific rate (per 100,000)",2017–2021,11.8,,11.605287,0.1947134017944343
Australia,65–74,"Age-specific rate (per 100,000)",2018–2022,11.6,,12.798397,1.1983970642089847
Australia,65–74,"Age-specific rate (per 100,000)",2019–2023,11.7,,11.634357,0.06564254760742116
Australia,65–74,"Age-specific rate (per 100,000)",2020–2024,12.1,,12.297578,0.19757785797119176
Australia,75–84,"Age-specific rate (per 100,000)",2001–2005,12.0,,13.1833725,1.1833724975585938
Australia,75–84,"Age-specific rate (per 100,000)",2002–2006,11.7,,12.474751,0.7747514724731452
Australia,75–84,"Age-specific rate (per 100,000)",2003–2007,11.8,,13.329167,1.5291673660278313
Australia,75–84,"Age-specific rate (per 100,000)",2004–2008,11.8,,11.454135,0.3458650588989265
Australia,75–84,"Age-specific rate (per 100,000)",2005–2009,11.6,,11.666671,0.06667079925537145
Australia,75–84,"Age-specific rate (per 100,000)",2006–2010,12.4,,12.416081,0.016081428527831676
Australia,75–84,"Age-specific rate (per 100,000)",2007–2011,12.6,,13.453395,0.8533948898315433
Australia,75–84,"Age-specific rate (per 100,000)",2008–2012,13.1,,13.4983,0.398299598693848
Australia,75–84,"Age-specific rate (per 100,000)",2009–2013,13.4,,13.758073,0.35807285308837855
Australia,75–84,"Age-specific rate (per 100,000)",2010–2014,13.3,,13.664891,0.3648912429809563
Australia,75–84,"Age-specific rate (per 100,000)",2011–2015,13.1,,13.0328245,0.06717548370361293
Australia,75–84,"Age-specific rate (per 100,000)",2012–2016,13.5,,12.347371,1.1526288986206055
Australia,75–84,"Age-specific rate (per 100,000)",2013–2017,13.2,,13.392534,0.19253425598144602
Australia,75–84,"Age-specific rate (per 100,000)",2014–2018,13.3,,13.632665,0.3326646804809563
Australia,75–84,"Age-specific rate (per 100,000)",2015–2019,13.5,,14.043621,0.5436210632324219
Australia,75–84,"Age-specific rate (per 100,000)",2016–2020,13.3,,14.234827,0.9348270416259759
Australia,75–84,"Age-specific rate (per 100,000)",2017–2021,13.3,,13.38667,0.08667011260986257
Australia,75–84,"Age-specific rate (per 100,000)",2018–2022,13.4,,13.105411,0.29458942413330114
Australia,75–84,"Age-specific rate (per 100,000)",2019–2023,13.3,,13.145259,0.15474109649658274
Australia,75–84,"Age-specific rate (per 100,000)",2020–2024,12.5,,11.032181,1.4678192138671875
Australia,85+,"Age-specific rate (per 100,000)",2001–2005,13.6,,15.791547,2.1915468215942386
Australia,85+,"Age-specific rate (per 100,000)",2002–2006,14.2,,15.302804,1.1028039932250984
Australia,85+,"Age-specific rate (per 100,000)",2003–2007,13.4,,17.093657,3.693656539916992
Australia,85+,"Age-specific rate (per 100,000)",2004–2008,13.3,,13.410289,0.11028881072997976
Australia,85+,"Age-specific rate (per 100,000)",2005–2009,13.6,,14.769746,1.1697458267211918
Australia,85+,"Age-specific rate (per 100,000)",2006–2010,13.4,,14.022617,0.6226173400878903
Australia,85+,"Age-specific rate (per 100,000)",2007–2011,13.9,,14.989013,1.0890127182006832
Australia,85+,"Age-specific rate (per 100,000)",2008–2012,14.4,,15.125392,0.7253919601440426
Australia,85+,"Age-specific rate (per 100,000)",2009–2013,15.6,,16.636564,1.0365642547607425
Australia,85+,"Age-specific rate (per 100,000)",2010–2014,16.4,,17.26701,0.8670097351074233
Australia,85+,"Age-specific rate (per 100,000)",2011–2015,17.7,,17.829983,0.12998275756836009
Australia,85+,"Age-specific rate (per 100,000)",2012–2016,18.0,,18.76348,0.7634792327880859
Australia,85+,"Age-specific rate (per 100,000)",2013–2017,18.0,,18.666382,0.6663818359375
Australia,85+,"Age-specific rate (per 100,000)",2014–2018,17.5,,19.351337,1.8513374328613281
Australia,85+,"Age-specific rate (per 100,000)",2015–2019,17.5,,18.863783,1.3637828826904297
Australia,85+,"Age-specific rate (per 100,000)",2016–2020,17.7,,18.354881,0.6548812866210945
Australia,85+,"Age-specific rate (per 100,000)",2017–2021,18.2,,19.147045,0.9470451354980476
Australia,85+,"Age-specific rate (per 100,000)",2018–2022,18.8,,20.016273,1.2162734985351555
Australia,85+,"Age-specific rate (per 100,000)",2019–2023,18.6,,18.164122,0.43587837219238423
Australia,85+,"Age-specific rate (per 100,000)",2020–2024,18.5,,17.163153,1.3368473052978516
Australia,Total,"Age-specific rate (per 100,000)",2001–2005,11.3,,11.871716,0.5717155456542962
Australia,Total,"Age-specific rate (per 100,000)",2002–2006,10.9,,12.883801,1.983801460266113
Australia,Total,"Age-specific rate (per 100,000)",2003–2007,10.7,,10.277885,0.42211456298828054
Australia,Total,"Age-specific rate (per 100,000)",2004–2008,10.6,,11.484142,0.8841423034667972
Australia,Total,"Age-specific rate (per 100,000)",2005–2009,10.7,,11.219886,0.5198858261108406
Australia,Total,"Age-specific rate (per 100,000)",2006–2010,10.8,,11.421337,0.6213371276855462
Australia,Total,"Age-specific rate (per 100,000)",2007–2011,10.9,,10.92374,0.02374038696289027
Australia,Total,"Age-specific rate (per 100,000)",2008–2012,11.0,,10.934152,0.06584835052490234
Australia,Total,"Age-specific rate (per 100,000)",2009–2013,11.1,,10.85632,0.24367961883544886
Australia,Total,"Age-specific rate (per 100,000)",2010–2014,11.5,,11.645698,0.14569759368896484
Australia,Total,"Age-specific rate (per 100,000)",2011–2015,11.8,,11.724225,0.07577495574951243
Australia,Total,"Age-specific rate (per 100,000)",2012–2016,12.1,,11.777137,0.3228631973266598
Australia,Total,"Age-specific rate (per 100,000)",2013–2017,12.5,,12.191721,0.30827903747558594
Australia,Total,"Age-specific rate (per 100,000)",2014–2018,12.8,,12.534473,0.2655265808105476
Australia,Total,"Age-specific rate (per 100,000)",2015–2019,12.9,,12.7096815,0.1903184890747074
Australia,Total,"Age-specific rate (per 100,000)",2016–2020,12.8,,12.9435215,0.14352149963378835
Australia,Total,"Age-specific rate (per 100,000)",2017–2021,12.9,,13.316094,0.4160943984985348
Australia,Total,"Age-specific rate (per 100,000)",2018–2022,12.7,,12.768569,0.0685689926147468
Australia,Total,"Age-specific rate (per 100,000)",2019–2023,12.8,,13.21683,0.4168302536010735
Australia,Total,"Age-specific rate (per 100,000)",2020–2024,12.6,,13.043909,0.4439090728759769
